"time","metric","group","scenario","name","method","status","expected_response","load_zone","tags","count","min","mean","median","p95","p99","max","stdev"
"2024-12-03T18:32:51+00:00","http_req_duration","","default","https://your-username.pythonanywhere.com/client_login","POST","404","false","amazon:us:columbus","{'url': 'https://your-username.pythonanywhere.com/client_login', 'proto': 'HTTP/1.1', 'error_code': '1404', 'tls_version': 'tls1.3'}",49,11.376653,12.0152943673469,11.6470003128052,13.1701999664307,15.5501808166504,16.317424,0.893794905979337
"2024-12-03T18:32:54+00:00","http_req_duration","","default","https://your-username.pythonanywhere.com/client_login","POST","404","false","amazon:us:columbus","{'url': 'https://your-username.pythonanywhere.com/client_login', 'proto': 'HTTP/1.1', 'error_code': '1404', 'tls_version': 'tls1.3'}",177,11.257498,11.7009141412429,11.5190000534058,12.7477996826172,13.9100396728516,15.493803,0.566675198035222
"2024-12-03T18:32:57+00:00","http_req_duration","","default","https://your-username.pythonanywhere.com/client_login","POST","404","false","amazon:us:columbus","{'url': 'https://your-username.pythonanywhere.com/client_login', 'proto': 'HTTP/1.1', 'error_code': '1404', 'tls_version': 'tls1.3'}",303,11.209065,11.9707382739274,11.5830001831055,13.4966002464294,16.3663594245911,39.659697,2.04298678961066
"2024-12-03T18:33:00+00:00","http_req_duration","","default","https://your-username.pythonanywhere.com/client_login","POST","404","false","amazon:us:columbus","{'url': 'https://your-username.pythonanywhere.com/client_login', 'proto': 'HTTP/1.1', 'error_code': '1404', 'tls_version': 'tls1.3'}",434,11.181986,11.8125852419355,11.5830001831055,13.2469997406006,15.1676398181915,22.902995,0.920803803946004
"2024-12-03T18:33:03+00:00","http_req_duration","","default","https://your-username.pythonanywhere.com/client_login","POST","404","false","amazon:us:columbus","{'url': 'https://your-username.pythonanywhere.com/client_login', 'proto': 'HTTP/1.1', 'error_code': '1404', 'tls_version': 'tls1.3'}",578,11.15143,11.7354234896194,11.4549999237061,13.3301999092102,15.9446002197266,19.107777,0.903857883101312
"2024-12-03T18:33:06+00:00","http_req_duration","","default","https://your-username.pythonanywhere.com/client_login","POST","404","false","amazon:us:columbus","{'url': 'https://your-username.pythonanywhere.com/client_login', 'proto': 'HTTP/1.1', 'error_code': '1404', 'tls_version': 'tls1.3'}",706,11.170759,11.8062326784703,11.5190000534058,13.0550003051758,16.0309997558594,33.761271,1.25896934063307
"2024-12-03T18:33:09+00:00","http_req_duration","","default","https://your-username.pythonanywhere.com/client_login","POST","404","false","amazon:us:columbus","{'url': 'https://your-username.pythonanywhere.com/client_login', 'proto': 'HTTP/1.1', 'error_code': '1404', 'tls_version': 'tls1.3'}",832,11.165136,12.1055953149038,11.5830001831055,14.0086003303528,17.0319594192505,36.014302,2.07012371293191
"2024-12-03T18:33:12+00:00","http_req_duration","","default","https://your-username.pythonanywhere.com/client_login","POST","404","false","amazon:us:columbus","{'url': 'https://your-username.pythonanywhere.com/client_login', 'proto': 'HTTP/1.1', 'error_code': '1404', 'tls_version': 'tls1.3'}",959,11.135794,12.0259037122002,11.5830001831055,13.6309995651245,15.641879825592,58.70733,2.60292316830336
"2024-12-03T18:33:15+00:00","http_req_duration","","default","https://your-username.pythonanywhere.com/client_login","POST","404","false","amazon:us:columbus","{'url': 'https://your-username.pythonanywhere.com/client_login', 'proto': 'HTTP/1.1', 'error_code': '1404', 'tls_version': 'tls1.3'}",1099,11.150935,11.8768030154686,11.5830001831055,13.5670003890991,14.9801203727722,20.488514,0.920037139271652
"2024-12-03T18:33:18+00:00","http_req_duration","","default","https://your-username.pythonanywhere.com/client_login","POST","404","false","amazon:us:columbus","{'url': 'https://your-username.pythonanywhere.com/client_login', 'proto': 'HTTP/1.1', 'error_code': '1404', 'tls_version': 'tls1.3'}",1220,11.104347,11.9273265565574,11.5830001831055,13.4390001296997,15.5266797733307,40.301399,1.57569873936504
"2024-12-03T18:33:21+00:00","http_req_duration","","default","https://your-username.pythonanywhere.com/client_login","POST","404","false","amazon:us:columbus","{'url': 'https://your-username.pythonanywhere.com/client_login', 'proto': 'HTTP/1.1', 'error_code': '1404', 'tls_version': 'tls1.3'}",1351,11.119889,11.9155292139156,11.5830001831055,13.6949996948242,15.1669998168945,19.805968,0.882968926765875
"2024-12-03T18:33:24+00:00","http_req_duration","","default","https://your-username.pythonanywhere.com/client_login","POST","404","false","amazon:us:columbus","{'url': 'https://your-username.pythonanywhere.com/client_login', 'proto': 'HTTP/1.1', 'error_code': '1404', 'tls_version': 'tls1.3'}",1448,11.187593,12.1802076104972,11.6470003128052,14.3766001224518,22.295320739746,36.33962,2.11954680698224
"2024-12-03T18:33:27+00:00","http_req_duration","","default","https://your-username.pythonanywhere.com/client_login","POST","404","false","amazon:us:columbus","{'url': 'https://your-username.pythonanywhere.com/client_login', 'proto': 'HTTP/1.1', 'error_code': '1404', 'tls_version': 'tls1.3'}",1499,11.180077,11.8898096184123,11.5830001831055,13.6949996948242,15.6789999008179,22.210618,0.905189621413427
"2024-12-03T18:33:30+00:00","http_req_duration","","default","https://your-username.pythonanywhere.com/client_login","POST","404","false","amazon:us:columbus","{'url': 'https://your-username.pythonanywhere.com/client_login', 'proto': 'HTTP/1.1', 'error_code': '1404', 'tls_version': 'tls1.3'}",1588,11.184691,12.1027543897985,11.5830001831055,13.8870000839233,17.9522804450989,44.568971,2.06442708069444
"2024-12-03T18:33:33+00:00","http_req_duration","","default","https://your-username.pythonanywhere.com/client_login","POST","404","false","amazon:us:columbus","{'url': 'https://your-username.pythonanywhere.com/client_login', 'proto': 'HTTP/1.1', 'error_code': '1404', 'tls_version': 'tls1.3'}",1644,11.143866,11.7552258029197,11.5190000534058,12.8629999160767,15.4319603538513,31.04222,0.928776855031926
"2024-12-03T18:33:36+00:00","http_req_duration","","default","https://your-username.pythonanywhere.com/client_login","POST","404","false","amazon:us:columbus","{'url': 'https://your-username.pythonanywhere.com/client_login', 'proto': 'HTTP/1.1', 'error_code': '1404', 'tls_version': 'tls1.3'}",1733,11.10842,12.0335725049048,11.5830001831055,13.6309995651245,20.0540392303467,54.761151,2.30375734863756
"2024-12-03T18:33:39+00:00","http_req_duration","","default","https://your-username.pythonanywhere.com/client_login","POST","404","false","amazon:us:columbus","{'url': 'https://your-username.pythonanywhere.com/client_login', 'proto': 'HTTP/1.1', 'error_code': '1404', 'tls_version': 'tls1.3'}",1795,11.150471,11.8423907030641,11.5830001831055,13.4390001296997,15.2988400840759,21.381312,0.837079578972098
"2024-12-03T18:33:42+00:00","http_req_duration","","default","https://your-username.pythonanywhere.com/client_login","POST","404","false","amazon:us:columbus","{'url': 'https://your-username.pythonanywhere.com/client_login', 'proto': 'HTTP/1.1', 'error_code': '1404', 'tls_version': 'tls1.3'}",1874,11.14276,12.2660779242262,11.5830001831055,14.5909996032715,22.724120311737,52.75903,3.12492073836068
"2024-12-03T18:33:45+00:00","http_req_duration","","default","https://your-username.pythonanywhere.com/client_login","POST","404","false","amazon:us:columbus","{'url': 'https://your-username.pythonanywhere.com/client_login', 'proto': 'HTTP/1.1', 'error_code': '1404', 'tls_version': 'tls1.3'}",1938,11.154331,11.9206837776058,11.5830001831055,13.6949996948242,14.6549997329712,29.982161,1.03032418145069
"2024-12-03T18:33:48+00:00","http_req_duration","","default","https://your-username.pythonanywhere.com/client_login","POST","404","false","amazon:us:columbus","{'url': 'https://your-username.pythonanywhere.com/client_login', 'proto': 'HTTP/1.1', 'error_code': '1404', 'tls_version': 'tls1.3'}",2033,11.122955,11.8809457825873,11.5830001831055,13.4390001296997,15.6789999008179,44.524888,1.65345137800234
"2024-12-03T18:33:51+00:00","http_req_duration","","default","https://your-username.pythonanywhere.com/client_login","POST","404","false","amazon:us:columbus","{'url': 'https://your-username.pythonanywhere.com/client_login', 'proto': 'HTTP/1.1', 'error_code': '1404', 'tls_version': 'tls1.3'}",2073,11.141977,11.9578784134105,11.5830001831055,13.5926000595093,17.1868391418457,49.505951,1.86024715965543
"2024-12-03T18:33:54+00:00","http_req_duration","","default","https://your-username.pythonanywhere.com/client_login","POST","404","false","amazon:us:columbus","{'url': 'https://your-username.pythonanywhere.com/client_login', 'proto': 'HTTP/1.1', 'error_code': '1404', 'tls_version': 'tls1.3'}",2181,11.130248,12.0091519385603,11.6470003128052,13.7589998245239,16.2677993774414,26.477689,1.04851701574052
"2024-12-03T18:33:57+00:00","http_req_duration","","default","https://your-username.pythonanywhere.com/client_login","POST","404","false","amazon:us:columbus","{'url': 'https://your-username.pythonanywhere.com/client_login', 'proto': 'HTTP/1.1', 'error_code': '1404', 'tls_version': 'tls1.3'}",2229,11.125198,11.8258786653208,11.6470003128052,13.2469997406006,14.4450802612305,18.431545,0.674983629009352
"2024-12-03T18:34:00+00:00","http_req_duration","","default","https://your-username.pythonanywhere.com/client_login","POST","404","false","amazon:us:columbus","{'url': 'https://your-username.pythonanywhere.com/client_login', 'proto': 'HTTP/1.1', 'error_code': '1404', 'tls_version': 'tls1.3'}",2323,11.137747,11.9342523680585,11.5830001831055,13.3109998703003,18.6588402175903,32.470251,1.51291141928784
"2024-12-03T18:34:03+00:00","http_req_duration","","default","https://your-username.pythonanywhere.com/client_login","POST","404","false","amazon:us:columbus","{'url': 'https://your-username.pythonanywhere.com/client_login', 'proto': 'HTTP/1.1', 'error_code': '1404', 'tls_version': 'tls1.3'}",2358,11.137455,11.9374086005089,11.5830001831055,13.5030002593994,15.7065199565887,41.64648,1.68080980495143
"2024-12-03T18:34:06+00:00","http_req_duration","","default","https://your-username.pythonanywhere.com/client_login","POST","404","false","amazon:us:columbus","{'url': 'https://your-username.pythonanywhere.com/client_login', 'proto': 'HTTP/1.1', 'error_code': '1404', 'tls_version': 'tls1.3'}",2462,11.130442,11.9819322075548,11.6470003128052,13.5670003890991,16.023959646225,64.794095,2.29523120730604
"2024-12-03T18:34:09+00:00","http_req_duration","","default","https://your-username.pythonanywhere.com/client_login","POST","404","false","amazon:us:columbus","{'url': 'https://your-username.pythonanywhere.com/client_login', 'proto': 'HTTP/1.1', 'error_code': '1404', 'tls_version': 'tls1.3'}",2497,11.164049,12.0877709667601,11.6470003128052,13.5030002593994,17.1561190795898,59.581552,2.81105188582419
"2024-12-03T18:34:12+00:00","http_req_duration","","default","https://your-username.pythonanywhere.com/client_login","POST","404","false","amazon:us:columbus","{'url': 'https://your-username.pythonanywhere.com/client_login', 'proto': 'HTTP/1.1', 'error_code': '1404', 'tls_version': 'tls1.3'}",2618,11.140556,11.9525494576012,11.6470003128052,13.375,16.2441193008423,34.39524,1.26243084671004
"2024-12-03T18:34:15+00:00","http_req_duration","","default","https://your-username.pythonanywhere.com/client_login","POST","404","false","amazon:us:columbus","{'url': 'https://your-username.pythonanywhere.com/client_login', 'proto': 'HTTP/1.1', 'error_code': '1404', 'tls_version': 'tls1.3'}",2645,11.169731,12.1935318253308,11.6470003128052,14.0150003433228,21.3186798858643,43.783678,2.33738958029527
"2024-12-03T18:34:18+00:00","http_req_duration","","default","https://your-username.pythonanywhere.com/client_login","POST","404","false","amazon:us:columbus","{'url': 'https://your-username.pythonanywhere.com/client_login', 'proto': 'HTTP/1.1', 'error_code': '1404', 'tls_version': 'tls1.3'}",2755,11.096565,11.8640429502722,11.6470003128052,13.1190004348755,15.5164400863647,28.096328,0.907671848688172
"2024-12-03T18:34:21+00:00","http_req_duration","","default","https://your-username.pythonanywhere.com/client_login","POST","404","false","amazon:us:columbus","{'url': 'https://your-username.pythonanywhere.com/client_login', 'proto': 'HTTP/1.1', 'error_code': '1404', 'tls_version': 'tls1.3'}",2793,11.160811,12.0254055413534,11.6470003128052,13.5670003890991,15.9401203536987,56.949677,2.15493874824091
"2024-12-03T18:34:24+00:00","http_req_duration","","default","https://your-username.pythonanywhere.com/client_login","POST","404","false","amazon:us:columbus","{'url': 'https://your-username.pythonanywhere.com/client_login', 'proto': 'HTTP/1.1', 'error_code': '1404', 'tls_version': 'tls1.3'}",2902,11.166794,12.1802856330117,11.7749996185303,14.335000038147,17.7910003662109,58.121907,2.06014830266344
"2024-12-03T18:34:27+00:00","http_req_duration","","default","https://your-username.pythonanywhere.com/client_login","POST","404","false","amazon:us:columbus","{'url': 'https://your-username.pythonanywhere.com/client_login', 'proto': 'HTTP/1.1', 'error_code': '1404', 'tls_version': 'tls1.3'}",3057,11.136301,12.0393881576709,11.7749996185303,13.951000213623,15.7430000305176,19.497598,0.902081342529642
"2024-12-03T18:34:30+00:00","http_req_duration","","default","https://your-username.pythonanywhere.com/client_login","POST","404","false","amazon:us:columbus","{'url': 'https://your-username.pythonanywhere.com/client_login', 'proto': 'HTTP/1.1', 'error_code': '1404', 'tls_version': 'tls1.3'}",3130,11.149561,12.1388280674121,11.6470003128052,13.951000213623,19.0505196571351,56.156851,2.62612437647085
"2024-12-03T18:34:33+00:00","http_req_duration","","default","https://your-username.pythonanywhere.com/client_login","POST","404","false","amazon:us:columbus","{'url': 'https://your-username.pythonanywhere.com/client_login', 'proto': 'HTTP/1.1', 'error_code': '1404', 'tls_version': 'tls1.3'}",3251,11.11061,11.9014469003384,11.6470003128052,13.4390001296997,15.4230003356934,17.797873,0.780605358362478
"2024-12-03T18:34:36+00:00","http_req_duration","","default","https://your-username.pythonanywhere.com/client_login","POST","404","false","amazon:us:columbus","{'url': 'https://your-username.pythonanywhere.com/client_login', 'proto': 'HTTP/1.1', 'error_code': '1404', 'tls_version': 'tls1.3'}",3327,11.078058,12.2278369245567,11.83899974823,14.2069997787476,15.7903601264954,54.363448,1.90121389710014
"2024-12-03T18:34:39+00:00","http_req_duration","","default","https://your-username.pythonanywhere.com/client_login","POST","404","false","amazon:us:columbus","{'url': 'https://your-username.pythonanywhere.com/client_login', 'proto': 'HTTP/1.1', 'error_code': '1404', 'tls_version': 'tls1.3'}",3484,11.149085,12.0893928142939,11.7749996185303,14.0694004535675,15.945880279541,21.039565,0.971582178722273
"2024-12-03T18:34:42+00:00","http_req_duration","","default","https://your-username.pythonanywhere.com/client_login","POST","404","false","amazon:us:columbus","{'url': 'https://your-username.pythonanywhere.com/client_login', 'proto': 'HTTP/1.1', 'error_code': '1404', 'tls_version': 'tls1.3'}",3574,11.135852,12.1911300800224,11.7110004425049,14.2069997787476,18.943000793457,46.671906,2.16784314052507
"2024-12-03T18:34:45+00:00","http_req_duration","","default","https://your-username.pythonanywhere.com/client_login","POST","404","false","amazon:us:columbus","{'url': 'https://your-username.pythonanywhere.com/client_login', 'proto': 'HTTP/1.1', 'error_code': '1404', 'tls_version': 'tls1.3'}",3677,11.106583,12.059378632037,11.7110004425049,14.0278003692627,16.5109996795654,23.597115,1.15969855051392
"2024-12-03T18:34:48+00:00","http_req_duration","","default","https://your-username.pythonanywhere.com/client_login","POST","404","false","amazon:us:columbus","{'url': 'https://your-username.pythonanywhere.com/client_login', 'proto': 'HTTP/1.1', 'error_code': '1404', 'tls_version': 'tls1.3'}",3754,11.096362,12.1637392056473,11.7110004425049,13.8229999542236,18.1673202323914,64.765978,2.54366290702917
"2024-12-03T18:34:51+00:00","http_req_duration","","default","https://your-username.pythonanywhere.com/client_login","POST","404","false","amazon:us:columbus","{'url': 'https://your-username.pythonanywhere.com/client_login', 'proto': 'HTTP/1.1', 'error_code': '1404', 'tls_version': 'tls1.3'}",3903,11.125217,12.3089739372278,11.7749996185303,14.5270004272461,18.9404407882691,47.107277,2.00219263967159
"2024-12-03T18:34:54+00:00","http_req_duration","","default","https://your-username.pythonanywhere.com/client_login","POST","404","false","amazon:us:columbus","{'url': 'https://your-username.pythonanywhere.com/client_login', 'proto': 'HTTP/1.1', 'error_code': '1404', 'tls_version': 'tls1.3'}",4007,11.135599,12.2683825727477,11.7749996185303,14.6549997329712,19.6879603958129,33.238969,1.69166057081538
"2024-12-03T18:34:57+00:00","http_req_duration","","default","https://your-username.pythonanywhere.com/client_login","POST","404","false","amazon:us:columbus","{'url': 'https://your-username.pythonanywhere.com/client_login', 'proto': 'HTTP/1.1', 'error_code': '1404', 'tls_version': 'tls1.3'}",4059,11.129007,12.71769227051,11.83899974823,16.3190002441406,26.0905200195312,110.344963,4.12634946410369
"2024-12-03T18:35:00+00:00","http_req_duration","","default","https://your-username.pythonanywhere.com/client_login","POST","404","false","amazon:us:columbus","{'url': 'https://your-username.pythonanywhere.com/client_login', 'proto': 'HTTP/1.1', 'error_code': '1404', 'tls_version': 'tls1.3'}",4207,11.097626,12.2030217815546,11.83899974823,14.0790004730225,17.1509990692139,27.822635,1.26641515267682
"2024-12-03T18:35:03+00:00","http_req_duration","","default","https://your-username.pythonanywhere.com/client_login","POST","404","false","amazon:us:columbus","{'url': 'https://your-username.pythonanywhere.com/client_login', 'proto': 'HTTP/1.1', 'error_code': '1404', 'tls_version': 'tls1.3'}",4337,11.125736,12.2278451427254,11.7110004425049,14.4118001937866,21.6310005187988,29.129692,1.68461642791672
"2024-12-03T18:35:06+00:00","http_req_duration","","default","https://your-username.pythonanywhere.com/client_login","POST","404","false","amazon:us:columbus","{'url': 'https://your-username.pythonanywhere.com/client_login', 'proto': 'HTTP/1.1', 'error_code': '1404', 'tls_version': 'tls1.3'}",4456,11.130528,12.1307376878366,11.7110004425049,14.3510000705719,18.1749992370605,25.817379,1.29340191249572
"2024-12-03T18:35:09+00:00","http_req_duration","","default","https://your-username.pythonanywhere.com/client_login","POST","404","false","amazon:us:columbus","{'url': 'https://your-username.pythonanywhere.com/client_login', 'proto': 'HTTP/1.1', 'error_code': '1404', 'tls_version': 'tls1.3'}",4528,11.133886,12.338862683083,11.9029998779297,14.4630002975464,18.0470008850098,55.505229,2.05619218119205
"2024-12-03T18:35:12+00:00","http_req_duration","","default","https://your-username.pythonanywhere.com/client_login","POST","404","false","amazon:us:columbus","{'url': 'https://your-username.pythonanywhere.com/client_login', 'proto': 'HTTP/1.1', 'error_code': '1404', 'tls_version': 'tls1.3'}",4643,11.13004,12.1647003902649,11.83899974823,14.0790004730225,16.5109996795654,20.961912,1.01920026812557
"2024-12-03T18:35:15+00:00","http_req_duration","","default","https://your-username.pythonanywhere.com/client_login","POST","404","false","amazon:us:columbus","{'url': 'https://your-username.pythonanywhere.com/client_login', 'proto': 'HTTP/1.1', 'error_code': '1404', 'tls_version': 'tls1.3'}",4787,11.099413,12.184606031126,11.7749996185303,14.0790004730225,17.9190006256104,52.047071,1.61269923322461
"2024-12-03T18:35:18+00:00","http_req_duration","","default","https://your-username.pythonanywhere.com/client_login","POST","404","false","amazon:us:columbus","{'url': 'https://your-username.pythonanywhere.com/client_login', 'proto': 'HTTP/1.1', 'error_code': '1404', 'tls_version': 'tls1.3'}",4892,11.096107,12.2865164846689,11.83899974823,14.4630002975464,17.6630001068115,30.209643,1.44401915459401
"2024-12-03T18:35:21+00:00","http_req_duration","","default","https://your-username.pythonanywhere.com/client_login","POST","404","false","amazon:us:columbus","{'url': 'https://your-username.pythonanywhere.com/client_login', 'proto': 'HTTP/1.1', 'error_code': '1404', 'tls_version': 'tls1.3'}",4962,11.11467,12.3660860229746,11.7749996185303,14.7797999858856,18.943000793457,68.903846,3.02112038800693
"2024-12-03T18:35:24+00:00","http_req_duration","","default","https://your-username.pythonanywhere.com/client_login","POST","404","false","amazon:us:columbus","{'url': 'https://your-username.pythonanywhere.com/client_login', 'proto': 'HTTP/1.1', 'error_code': '1404', 'tls_version': 'tls1.3'}",5054,11.13405,12.1484744948556,11.7749996185303,14.2069997787476,16.1909999847412,20.915097,1.02702635206189
"2024-12-03T18:35:27+00:00","http_req_duration","","default","https://your-username.pythonanywhere.com/client_login","POST","404","false","amazon:us:columbus","{'url': 'https://your-username.pythonanywhere.com/client_login', 'proto': 'HTTP/1.1', 'error_code': '1404', 'tls_version': 'tls1.3'}",5212,11.10083,12.1167136958941,11.7749996185303,14.0150003433228,16.3190002441406,26.770783,1.0707081880627
"2024-12-03T18:35:30+00:00","http_req_duration","","default","https://your-username.pythonanywhere.com/client_login","POST","404","false","amazon:us:columbus","{'url': 'https://your-username.pythonanywhere.com/client_login', 'proto': 'HTTP/1.1', 'error_code': '1404', 'tls_version': 'tls1.3'}",5302,11.126803,12.2754535571482,11.83899974823,14.2069997787476,18.1749992370605,43.11738,2.17708006525541
"2024-12-03T18:35:33+00:00","http_req_duration","","default","https://your-username.pythonanywhere.com/client_login","POST","404","false","amazon:us:columbus","{'url': 'https://your-username.pythonanywhere.com/client_login', 'proto': 'HTTP/1.1', 'error_code': '1404', 'tls_version': 'tls1.3'}",5405,11.145871,12.1481299095282,11.7749996185303,14.0150003433228,16.6338799285889,49.022161,1.8046941689231
"2024-12-03T18:35:36+00:00","http_req_duration","","default","https://your-username.pythonanywhere.com/client_login","POST","404","false","amazon:us:columbus","{'url': 'https://your-username.pythonanywhere.com/client_login', 'proto': 'HTTP/1.1', 'error_code': '1404', 'tls_version': 'tls1.3'}",5490,11.149127,12.1767860213115,11.83899974823,14.2069997787476,17.1509990692139,37.676257,1.27905241074974
"2024-12-03T18:35:39+00:00","http_req_duration","","default","https://your-username.pythonanywhere.com/client_login","POST","404","false","amazon:us:columbus","{'url': 'https://your-username.pythonanywhere.com/client_login', 'proto': 'HTTP/1.1', 'error_code': '1404', 'tls_version': 'tls1.3'}",5644,11.135398,12.2595454188519,11.83899974823,14.1429996490479,18.6870002746582,57.786172,2.15843349372765
"2024-12-03T18:35:42+00:00","http_req_duration","","default","https://your-username.pythonanywhere.com/client_login","POST","404","false","amazon:us:columbus","{'url': 'https://your-username.pythonanywhere.com/client_login', 'proto': 'HTTP/1.1', 'error_code': '1404', 'tls_version': 'tls1.3'}",5750,11.131514,12.2408709156522,11.7749996185303,14.7189998626709,17.5349998474121,35.044765,1.38819670479715
"2024-12-03T18:35:45+00:00","http_req_duration","","default","https://your-username.pythonanywhere.com/client_login","POST","404","false","amazon:us:columbus","{'url': 'https://your-username.pythonanywhere.com/client_login', 'proto': 'HTTP/1.1', 'error_code': '1404', 'tls_version': 'tls1.3'}",5855,11.134362,12.1740873805295,11.7749996185303,14.2069997787476,18.5590000152588,42.511613,1.34973491708603
"2024-12-03T18:35:48+00:00","http_req_duration","","default","https://your-username.pythonanywhere.com/client_login","POST","404","false","amazon:us:columbus","{'url': 'https://your-username.pythonanywhere.com/client_login', 'proto': 'HTTP/1.1', 'error_code': '1404', 'tls_version': 'tls1.3'}",5947,11.102866,12.2021271916933,11.83899974823,14.335000038147,16.6389999389648,23.580409,1.1066081528539
"2024-12-03T18:35:51+00:00","http_req_duration","","default","https://your-username.pythonanywhere.com/client_login","POST","404","false","amazon:us:columbus","{'url': 'https://your-username.pythonanywhere.com/client_login', 'proto': 'HTTP/1.1', 'error_code': '1404', 'tls_version': 'tls1.3'}",6097,11.111159,12.384843467115,11.9029998779297,14.9238002777099,19.9772390747069,38.470619,1.81610636733388
"2024-12-03T18:35:54+00:00","http_req_duration","","default","https://your-username.pythonanywhere.com/client_login","POST","404","false","amazon:us:columbus","{'url': 'https://your-username.pythonanywhere.com/client_login', 'proto': 'HTTP/1.1', 'error_code': '1404', 'tls_version': 'tls1.3'}",6183,11.082167,12.3886311866408,11.9670000076294,14.91100025177,18.0470008850098,29.216627,1.45841860380043
"2024-12-03T18:35:57+00:00","http_req_duration","","default","https://your-username.pythonanywhere.com/client_login","POST","404","false","amazon:us:columbus","{'url': 'https://your-username.pythonanywhere.com/client_login', 'proto': 'HTTP/1.1', 'error_code': '1404', 'tls_version': 'tls1.3'}",6271,11.105057,12.3894140677723,11.9029998779297,15.1029996871948,18.2133993148804,48.317619,1.71015169515046
"2024-12-03T18:36:00+00:00","http_req_duration","","default","https://your-username.pythonanywhere.com/client_login","POST","404","false","amazon:us:columbus","{'url': 'https://your-username.pythonanywhere.com/client_login', 'proto': 'HTTP/1.1', 'error_code': '1404', 'tls_version': 'tls1.3'}",6382,11.096706,12.4555858263867,11.9670000076294,14.91100025177,18.8150005340576,29.897744,1.59376561403193
"2024-12-03T18:36:03+00:00","http_req_duration","","default","https://your-username.pythonanywhere.com/client_login","POST","404","false","amazon:us:columbus","{'url': 'https://your-username.pythonanywhere.com/client_login', 'proto': 'HTTP/1.1', 'error_code': '1404', 'tls_version': 'tls1.3'}",6528,11.095643,12.4318050209865,11.83899974823,15.4870004653931,20.0949993133545,29.894177,1.72495584915646
"2024-12-03T18:36:06+00:00","http_req_duration","","default","https://your-username.pythonanywhere.com/client_login","POST","404","false","amazon:us:columbus","{'url': 'https://your-username.pythonanywhere.com/client_login', 'proto': 'HTTP/1.1', 'error_code': '1404', 'tls_version': 'tls1.3'}",6626,11.124646,12.2458005730456,11.83899974823,14.4630002975464,17.4069995880127,27.939597,1.252233797947
"2024-12-03T18:36:09+00:00","http_req_duration","","default","https://your-username.pythonanywhere.com/client_login","POST","404","false","amazon:us:columbus","{'url': 'https://your-username.pythonanywhere.com/client_login', 'proto': 'HTTP/1.1', 'error_code': '1404', 'tls_version': 'tls1.3'}",6712,11.14694,12.4236931239571,12.0310001373291,14.7829999923706,17.3929195594788,28.277124,1.35244651483066
"2024-12-03T18:36:12+00:00","http_req_duration","","default","https://your-username.pythonanywhere.com/client_login","POST","404","false","amazon:us:columbus","{'url': 'https://your-username.pythonanywhere.com/client_login', 'proto': 'HTTP/1.1', 'error_code': '1404', 'tls_version': 'tls1.3'}",6809,11.108653,12.4125487268321,11.9029998779297,15.2309999465942,17.9190006256104,28.236281,1.41890013609339
"2024-12-03T18:36:15+00:00","http_req_duration","","default","https://your-username.pythonanywhere.com/client_login","POST","404","false","amazon:us:columbus","{'url': 'https://your-username.pythonanywhere.com/client_login', 'proto': 'HTTP/1.1', 'error_code': '1404', 'tls_version': 'tls1.3'}",6962,11.115963,12.3083484007469,11.9029998779297,14.5877996444702,17.0729200744629,25.426566,1.20793661979234
"2024-12-03T18:36:18+00:00","http_req_duration","","default","https://your-username.pythonanywhere.com/client_login","POST","404","false","amazon:us:columbus","{'url': 'https://your-username.pythonanywhere.com/client_login', 'proto': 'HTTP/1.1', 'error_code': '1404', 'tls_version': 'tls1.3'}",7033,11.104015,12.2664607348216,11.9029998779297,14.2709999084473,17.4069995880127,29.372674,1.36068645389625
"2024-12-03T18:36:21+00:00","http_req_duration","","default","https://your-username.pythonanywhere.com/client_login","POST","404","false","amazon:us:columbus","{'url': 'https://your-username.pythonanywhere.com/client_login', 'proto': 'HTTP/1.1', 'error_code': '1404', 'tls_version': 'tls1.3'}",7149,11.086561,12.2899019157924,11.9029998779297,14.5270004272461,17.0895598602295,31.496796,1.33669175914074
"2024-12-03T18:36:24+00:00","http_req_duration","","default","https://your-username.pythonanywhere.com/client_login","POST","404","false","amazon:us:columbus","{'url': 'https://your-username.pythonanywhere.com/client_login', 'proto': 'HTTP/1.1', 'error_code': '1404', 'tls_version': 'tls1.3'}",7011,11.124454,12.309282549565,11.9029998779297,14.6549997329712,17.1509990692139,27.197955,1.26791476587904
"2024-12-03T18:36:27+00:00","http_req_duration","","default","https://your-username.pythonanywhere.com/client_login","POST","404","false","amazon:us:columbus","{'url': 'https://your-username.pythonanywhere.com/client_login', 'proto': 'HTTP/1.1', 'error_code': '1404', 'tls_version': 'tls1.3'}",6561,11.098047,12.6162511483006,11.83899974823,14.9750003814697,20.0181991577148,177.387392,6.64513073294931
"2024-12-03T18:36:30+00:00","http_req_duration","","default","https://your-username.pythonanywhere.com/client_login","POST","404","false","amazon:us:columbus","{'url': 'https://your-username.pythonanywhere.com/client_login', 'proto': 'HTTP/1.1', 'error_code': '1404', 'tls_version': 'tls1.3'}",6292,11.099208,12.1898975623013,11.83899974823,14.1429996490479,17.4185196113587,25.842731,1.21311392522045
"2024-12-03T18:36:33+00:00","http_req_duration","","default","https://your-username.pythonanywhere.com/client_login","POST","404","false","amazon:us:columbus","{'url': 'https://your-username.pythonanywhere.com/client_login', 'proto': 'HTTP/1.1', 'error_code': '1404', 'tls_version': 'tls1.3'}",5929,11.134053,12.2040608301569,11.7749996185303,14.1429996490479,17.7910003662109,49.517831,1.80242185142891
"2024-12-03T18:36:36+00:00","http_req_duration","","default","https://your-username.pythonanywhere.com/client_login","POST","404","false","amazon:us:columbus","{'url': 'https://your-username.pythonanywhere.com/client_login', 'proto': 'HTTP/1.1', 'error_code': '1404', 'tls_version': 'tls1.3'}",5554,11.129637,12.3375486825711,11.9029998779297,14.7829999923706,17.1509990692139,30.634383,1.3942453401536
"2024-12-03T18:36:39+00:00","http_req_duration","","default","https://your-username.pythonanywhere.com/client_login","POST","404","false","amazon:us:columbus","{'url': 'https://your-username.pythonanywhere.com/client_login', 'proto': 'HTTP/1.1', 'error_code': '1404', 'tls_version': 'tls1.3'}",5176,11.112733,12.2711034582689,11.7749996185303,14.2709999084473,17.4069995880127,49.8145,2.47005814138178
"2024-12-03T18:36:42+00:00","http_req_duration","","default","https://your-username.pythonanywhere.com/client_login","POST","404","false","amazon:us:columbus","{'url': 'https://your-username.pythonanywhere.com/client_login', 'proto': 'HTTP/1.1', 'error_code': '1404', 'tls_version': 'tls1.3'}",4842,11.120812,12.0522743399422,11.7749996185303,13.8229999542236,15.871000289917,20.769354,0.951323129229786
"2024-12-03T18:36:45+00:00","http_req_duration","","default","https://your-username.pythonanywhere.com/client_login","POST","404","false","amazon:us:columbus","{'url': 'https://your-username.pythonanywhere.com/client_login', 'proto': 'HTTP/1.1', 'error_code': '1404', 'tls_version': 'tls1.3'}",4466,11.128343,12.2588335073892,11.7749996185303,14.1269998550415,18.30299949646,92.511444,2.80522382793024
"2024-12-03T18:36:48+00:00","http_req_duration","","default","https://your-username.pythonanywhere.com/client_login","POST","404","false","amazon:us:columbus","{'url': 'https://your-username.pythonanywhere.com/client_login', 'proto': 'HTTP/1.1', 'error_code': '1404', 'tls_version': 'tls1.3'}",4123,11.128588,11.9200234892069,11.7110004425049,13.4390001296997,14.7548399353027,16.436923,0.725036413865947
"2024-12-03T18:36:51+00:00","http_req_duration","","default","https://your-username.pythonanywhere.com/client_login","POST","404","false","amazon:us:columbus","{'url': 'https://your-username.pythonanywhere.com/client_login', 'proto': 'HTTP/1.1', 'error_code': '1404', 'tls_version': 'tls1.3'}",3758,11.125294,11.9898096796168,11.7110004425049,13.7589998245239,16.1180398368835,20.885776,0.967392894527526
"2024-12-03T18:36:54+00:00","http_req_duration","","default","https://your-username.pythonanywhere.com/client_login","POST","404","false","amazon:us:columbus","{'url': 'https://your-username.pythonanywhere.com/client_login', 'proto': 'HTTP/1.1', 'error_code': '1404', 'tls_version': 'tls1.3'}",3365,11.177827,12.1757275494799,11.6470003128052,13.8101999282837,18.6050801086426,71.711204,3.36888836169459
"2024-12-03T18:36:57+00:00","http_req_duration","","default","https://your-username.pythonanywhere.com/client_login","POST","404","false","amazon:us:columbus","{'url': 'https://your-username.pythonanywhere.com/client_login', 'proto': 'HTTP/1.1', 'error_code': '1404', 'tls_version': 'tls1.3'}",3026,11.126945,11.9025143896233,11.6470003128052,13.4230000972748,15.279000043869,24.705543,0.955214852675215
"2024-12-03T18:37:00+00:00","http_req_duration","","default","https://your-username.pythonanywhere.com/client_login","POST","404","false","amazon:us:columbus","{'url': 'https://your-username.pythonanywhere.com/client_login', 'proto': 'HTTP/1.1', 'error_code': '1404', 'tls_version': 'tls1.3'}",2659,11.138723,12.1897544622038,11.6470003128052,14.2709999084473,18.8687606430054,54.703115,2.35833267713928
"2024-12-03T18:37:03+00:00","http_req_duration","","default","https://your-username.pythonanywhere.com/client_login","POST","404","false","amazon:us:columbus","{'url': 'https://your-username.pythonanywhere.com/client_login', 'proto': 'HTTP/1.1', 'error_code': '1404', 'tls_version': 'tls1.3'}",2310,11.121585,11.9009999930736,11.5830001831055,13.7589998245239,15.8012401485443,19.826984,0.913940993507675
"2024-12-03T18:37:06+00:00","http_req_duration","","default","https://your-username.pythonanywhere.com/client_login","POST","404","false","amazon:us:columbus","{'url': 'https://your-username.pythonanywhere.com/client_login', 'proto': 'HTTP/1.1', 'error_code': '1404', 'tls_version': 'tls1.3'}",1947,11.103326,11.7781342681048,11.5830001831055,12.9270000457764,14.9801198768616,23.12542,0.82117068175221
"2024-12-03T18:37:09+00:00","http_req_duration","","default","https://your-username.pythonanywhere.com/client_login","POST","404","false","amazon:us:columbus","{'url': 'https://your-username.pythonanywhere.com/client_login', 'proto': 'HTTP/1.1', 'error_code': '1404', 'tls_version': 'tls1.3'}",1580,11.1434,11.8236306512658,11.5190000534058,13.0582003116608,16.103319606781,46.307429,1.80873084854913
"2024-12-03T18:37:12+00:00","http_req_duration","","default","https://your-username.pythonanywhere.com/client_login","POST","404","false","amazon:us:columbus","{'url': 'https://your-username.pythonanywhere.com/client_login', 'proto': 'HTTP/1.1', 'error_code': '1404', 'tls_version': 'tls1.3'}",1215,11.161287,11.7319663497942,11.5190000534058,12.9910001754761,14.8111600494385,18.113115,0.684256231853133
"2024-12-03T18:37:15+00:00","http_req_duration","","default","https://your-username.pythonanywhere.com/client_login","POST","404","false","amazon:us:columbus","{'url': 'https://your-username.pythonanywhere.com/client_login', 'proto': 'HTTP/1.1', 'error_code': '1404', 'tls_version': 'tls1.3'}",839,11.181411,12.2032449892729,11.5190000534058,13.375,19.0709991455078,106.176546,5.7991157586042
"2024-12-03T18:37:18+00:00","http_req_duration","","default","https://your-username.pythonanywhere.com/client_login","POST","404","false","amazon:us:columbus","{'url': 'https://your-username.pythonanywhere.com/client_login', 'proto': 'HTTP/1.1', 'error_code': '1404', 'tls_version': 'tls1.3'}",489,11.225433,12.0040321390593,11.6470003128052,13.7973999023438,16.2626792907715,18.813358,0.953315739973064
"2024-12-03T18:37:21+00:00","http_req_duration","","default","https://your-username.pythonanywhere.com/client_login","POST","404","false","amazon:us:columbus","{'url': 'https://your-username.pythonanywhere.com/client_login', 'proto': 'HTTP/1.1', 'error_code': '1404', 'tls_version': 'tls1.3'}",132,11.226035,11.913761530303,11.6470003128052,13.3045998573303,15.0127600955963,15.691522,0.772979147847558
