"time","metric","scenario","group","load_zone","tags","count"
"2024-12-03T18:32:51+00:00","data_sent","default","","amazon:us:columbus","{}",13416
"2024-12-03T18:32:54+00:00","data_sent","default","","amazon:us:columbus","{}",47870
"2024-12-03T18:32:57+00:00","data_sent","default","","amazon:us:columbus","{}",82198
"2024-12-03T18:33:00+00:00","data_sent","default","","amazon:us:columbus","{}",117068
"2024-12-03T18:33:03+00:00","data_sent","default","","amazon:us:columbus","{}",156566
"2024-12-03T18:33:06+00:00","data_sent","default","","amazon:us:columbus","{}",190614
"2024-12-03T18:33:09+00:00","data_sent","default","","amazon:us:columbus","{}",224942
"2024-12-03T18:33:12+00:00","data_sent","default","","amazon:us:columbus","{}",258724
"2024-12-03T18:33:15+00:00","data_sent","default","","amazon:us:columbus","{}",297588
"2024-12-03T18:33:18+00:00","data_sent","default","","amazon:us:columbus","{}",329368
"2024-12-03T18:33:21+00:00","data_sent","default","","amazon:us:columbus","{}",365026
"2024-12-03T18:33:24+00:00","data_sent","default","","amazon:us:columbus","{}",390852
"2024-12-03T18:33:27+00:00","data_sent","default","","amazon:us:columbus","{}",404848
"2024-12-03T18:33:30+00:00","data_sent","default","","amazon:us:columbus","{}",429262
"2024-12-03T18:33:33+00:00","data_sent","default","","amazon:us:columbus","{}",444182
"2024-12-03T18:33:36+00:00","data_sent","default","","amazon:us:columbus","{}",467474
"2024-12-03T18:33:39+00:00","data_sent","default","","amazon:us:columbus","{}",485208
"2024-12-03T18:33:42+00:00","data_sent","default","","amazon:us:columbus","{}",506150
"2024-12-03T18:33:45+00:00","data_sent","default","","amazon:us:columbus","{}",524010
"2024-12-03T18:33:48+00:00","data_sent","default","","amazon:us:columbus","{}",548086
"2024-12-03T18:33:51+00:00","data_sent","default","","amazon:us:columbus","{}",560732
"2024-12-03T18:33:54+00:00","data_sent","default","","amazon:us:columbus","{}",588672
"2024-12-03T18:33:57+00:00","data_sent","default","","amazon:us:columbus","{}",602658
"2024-12-03T18:34:00+00:00","data_sent","default","","amazon:us:columbus","{}",626420
"2024-12-03T18:34:03+00:00","data_sent","default","","amazon:us:columbus","{}",637402
"2024-12-03T18:34:06+00:00","data_sent","default","","amazon:us:columbus","{}",664080
"2024-12-03T18:34:09+00:00","data_sent","default","","amazon:us:columbus","{}",675648
"2024-12-03T18:34:12+00:00","data_sent","default","","amazon:us:columbus","{}",706538
"2024-12-03T18:34:15+00:00","data_sent","default","","amazon:us:columbus","{}",714914
"2024-12-03T18:34:18+00:00","data_sent","default","","amazon:us:columbus","{}",743792
"2024-12-03T18:34:21+00:00","data_sent","default","","amazon:us:columbus","{}",754688
"2024-12-03T18:34:24+00:00","data_sent","default","","amazon:us:columbus","{}",783706
"2024-12-03T18:34:27+00:00","data_sent","default","","amazon:us:columbus","{}",825342
"2024-12-03T18:34:30+00:00","data_sent","default","","amazon:us:columbus","{}",845166
"2024-12-03T18:34:33+00:00","data_sent","default","","amazon:us:columbus","{}",878904
"2024-12-03T18:34:36+00:00","data_sent","default","","amazon:us:columbus","{}",897974
"2024-12-03T18:34:39+00:00","data_sent","default","","amazon:us:columbus","{}",941336
"2024-12-03T18:34:42+00:00","data_sent","default","","amazon:us:columbus","{}",964870
"2024-12-03T18:34:45+00:00","data_sent","default","","amazon:us:columbus","{}",994322
"2024-12-03T18:34:48+00:00","data_sent","default","","amazon:us:columbus","{}",1012368
"2024-12-03T18:34:51+00:00","data_sent","default","","amazon:us:columbus","{}",1055608
"2024-12-03T18:34:54+00:00","data_sent","default","","amazon:us:columbus","{}",1080908
"2024-12-03T18:34:57+00:00","data_sent","default","","amazon:us:columbus","{}",1097510
"2024-12-03T18:35:00+00:00","data_sent","default","","amazon:us:columbus","{}",1135302
"2024-12-03T18:35:03+00:00","data_sent","default","","amazon:us:columbus","{}",1172270
"2024-12-03T18:35:06+00:00","data_sent","default","","amazon:us:columbus","{}",1202730
"2024-12-03T18:35:09+00:00","data_sent","default","","amazon:us:columbus","{}",1223530
"2024-12-03T18:35:12+00:00","data_sent","default","","amazon:us:columbus","{}",1254096
"2024-12-03T18:35:15+00:00","data_sent","default","","amazon:us:columbus","{}",1292830
"2024-12-03T18:35:18+00:00","data_sent","default","","amazon:us:columbus","{}",1320736
"2024-12-03T18:35:21+00:00","data_sent","default","","amazon:us:columbus","{}",1340598
"2024-12-03T18:35:24+00:00","data_sent","default","","amazon:us:columbus","{}",1365022
"2024-12-03T18:35:27+00:00","data_sent","default","","amazon:us:columbus","{}",1407886
"2024-12-03T18:35:30+00:00","data_sent","default","","amazon:us:columbus","{}",1431014
"2024-12-03T18:35:33+00:00","data_sent","default","","amazon:us:columbus","{}",1460490
"2024-12-03T18:35:36+00:00","data_sent","default","","amazon:us:columbus","{}",1481858
"2024-12-03T18:35:39+00:00","data_sent","default","","amazon:us:columbus","{}",1525998
"2024-12-03T18:35:42+00:00","data_sent","default","","amazon:us:columbus","{}",1551806
"2024-12-03T18:35:45+00:00","data_sent","default","","amazon:us:columbus","{}",1582244
"2024-12-03T18:35:48+00:00","data_sent","default","","amazon:us:columbus","{}",1605378
"2024-12-03T18:35:51+00:00","data_sent","default","","amazon:us:columbus","{}",1647786
"2024-12-03T18:35:54+00:00","data_sent","default","","amazon:us:columbus","{}",1668632
"2024-12-03T18:35:57+00:00","data_sent","default","","amazon:us:columbus","{}",1693350
"2024-12-03T18:36:00+00:00","data_sent","default","","amazon:us:columbus","{}",1724268
"2024-12-03T18:36:03+00:00","data_sent","default","","amazon:us:columbus","{}",1763360
"2024-12-03T18:36:06+00:00","data_sent","default","","amazon:us:columbus","{}",1789530
"2024-12-03T18:36:09+00:00","data_sent","default","","amazon:us:columbus","{}",1813000
"2024-12-03T18:36:12+00:00","data_sent","default","","amazon:us:columbus","{}",1839184
"2024-12-03T18:36:15+00:00","data_sent","default","","amazon:us:columbus","{}",1879524
"2024-12-03T18:36:18+00:00","data_sent","default","","amazon:us:columbus","{}",1899938
"2024-12-03T18:36:21+00:00","data_sent","default","","amazon:us:columbus","{}",1931272
"2024-12-03T18:36:24+00:00","data_sent","default","","amazon:us:columbus","{}",1892316
"2024-12-03T18:36:27+00:00","data_sent","default","","amazon:us:columbus","{}",1772622
"2024-12-03T18:36:30+00:00","data_sent","default","","amazon:us:columbus","{}",1699680
"2024-12-03T18:36:33+00:00","data_sent","default","","amazon:us:columbus","{}",1601450
"2024-12-03T18:36:36+00:00","data_sent","default","","amazon:us:columbus","{}",1499312
"2024-12-03T18:36:39+00:00","data_sent","default","","amazon:us:columbus","{}",1397952
"2024-12-03T18:36:42+00:00","data_sent","default","","amazon:us:columbus","{}",1308248
"2024-12-03T18:36:45+00:00","data_sent","default","","amazon:us:columbus","{}",1205820
"2024-12-03T18:36:48+00:00","data_sent","default","","amazon:us:columbus","{}",1112552
"2024-12-03T18:36:51+00:00","data_sent","default","","amazon:us:columbus","{}",1015080
"2024-12-03T18:36:54+00:00","data_sent","default","","amazon:us:columbus","{}",909658
"2024-12-03T18:36:57+00:00","data_sent","default","","amazon:us:columbus","{}",816714
"2024-12-03T18:37:00+00:00","data_sent","default","","amazon:us:columbus","{}",717850
"2024-12-03T18:37:03+00:00","data_sent","default","","amazon:us:columbus","{}",624180
"2024-12-03T18:37:06+00:00","data_sent","default","","amazon:us:columbus","{}",526022
"2024-12-03T18:37:09+00:00","data_sent","default","","amazon:us:columbus","{}",426776
"2024-12-03T18:37:12+00:00","data_sent","default","","amazon:us:columbus","{}",327250
"2024-12-03T18:37:15+00:00","data_sent","default","","amazon:us:columbus","{}",226852
"2024-12-03T18:37:18+00:00","data_sent","default","","amazon:us:columbus","{}",132080
"2024-12-03T18:37:21+00:00","data_sent","default","","amazon:us:columbus","{}",35924
