"time","metric","scenario","group","load_zone","tags","count","min","mean","max","last"
"2024-12-03T18:32:51+00:00","load_generator_file_handles","","","amazon:us:columbus","{'instance_id': '0'}",2,160.0,160.0,160.0,160.0
"2024-12-03T18:32:54+00:00","load_generator_file_handles","","","amazon:us:columbus","{'instance_id': '0'}",3,160.0,160.0,160.0,160.0
"2024-12-03T18:32:57+00:00","load_generator_file_handles","","","amazon:us:columbus","{'instance_id': '0'}",3,160.0,160.0,160.0,160.0
"2024-12-03T18:33:00+00:00","load_generator_file_handles","","","amazon:us:columbus","{'instance_id': '0'}",3,160.0,160.0,160.0,160.0
"2024-12-03T18:33:03+00:00","load_generator_file_handles","","","amazon:us:columbus","{'instance_id': '0'}",3,160.0,160.0,160.0,160.0
"2024-12-03T18:33:06+00:00","load_generator_file_handles","","","amazon:us:columbus","{'instance_id': '0'}",3,160.0,160.0,160.0,160.0
"2024-12-03T18:33:09+00:00","load_generator_file_handles","","","amazon:us:columbus","{'instance_id': '0'}",3,160.0,160.0,160.0,160.0
"2024-12-03T18:33:12+00:00","load_generator_file_handles","","","amazon:us:columbus","{'instance_id': '0'}",3,160.0,160.0,160.0,160.0
"2024-12-03T18:33:15+00:00","load_generator_file_handles","","","amazon:us:columbus","{'instance_id': '0'}",3,160.0,160.0,160.0,160.0
"2024-12-03T18:33:18+00:00","load_generator_file_handles","","","amazon:us:columbus","{'instance_id': '0'}",3,160.0,160.0,160.0,160.0
"2024-12-03T18:33:21+00:00","load_generator_file_handles","","","amazon:us:columbus","{'instance_id': '0'}",3,160.0,160.0,160.0,160.0
"2024-12-03T18:33:24+00:00","load_generator_file_handles","","","amazon:us:columbus","{'instance_id': '0'}",3,160.0,160.0,160.0,160.0
"2024-12-03T18:33:27+00:00","load_generator_file_handles","","","amazon:us:columbus","{'instance_id': '0'}",3,160.0,160.0,160.0,160.0
"2024-12-03T18:33:30+00:00","load_generator_file_handles","","","amazon:us:columbus","{'instance_id': '0'}",2,160.0,160.0,160.0,160.0
"2024-12-03T18:33:33+00:00","load_generator_file_handles","","","amazon:us:columbus","{'instance_id': '0'}",3,160.0,160.0,160.0,160.0
"2024-12-03T18:33:36+00:00","load_generator_file_handles","","","amazon:us:columbus","{'instance_id': '0'}",3,160.0,160.0,160.0,160.0
"2024-12-03T18:33:39+00:00","load_generator_file_handles","","","amazon:us:columbus","{'instance_id': '0'}",3,192.0,181.333333333333,160.0,192.0
"2024-12-03T18:33:42+00:00","load_generator_file_handles","","","amazon:us:columbus","{'instance_id': '0'}",3,192.0,192.0,192.0,192.0
"2024-12-03T18:33:45+00:00","load_generator_file_handles","","","amazon:us:columbus","{'instance_id': '0'}",3,192.0,192.0,192.0,192.0
"2024-12-03T18:33:48+00:00","load_generator_file_handles","","","amazon:us:columbus","{'instance_id': '0'}",3,192.0,192.0,192.0,192.0
"2024-12-03T18:33:51+00:00","load_generator_file_handles","","","amazon:us:columbus","{'instance_id': '0'}",3,192.0,192.0,192.0,192.0
"2024-12-03T18:33:54+00:00","load_generator_file_handles","","","amazon:us:columbus","{'instance_id': '0'}",3,192.0,192.0,192.0,192.0
"2024-12-03T18:33:57+00:00","load_generator_file_handles","","","amazon:us:columbus","{'instance_id': '0'}",3,192.0,192.0,192.0,192.0
"2024-12-03T18:34:00+00:00","load_generator_file_handles","","","amazon:us:columbus","{'instance_id': '0'}",3,192.0,192.0,192.0,192.0
"2024-12-03T18:34:03+00:00","load_generator_file_handles","","","amazon:us:columbus","{'instance_id': '0'}",3,192.0,192.0,192.0,192.0
"2024-12-03T18:34:06+00:00","load_generator_file_handles","","","amazon:us:columbus","{'instance_id': '0'}",3,192.0,192.0,192.0,192.0
"2024-12-03T18:34:09+00:00","load_generator_file_handles","","","amazon:us:columbus","{'instance_id': '0'}",3,192.0,192.0,192.0,192.0
"2024-12-03T18:34:12+00:00","load_generator_file_handles","","","amazon:us:columbus","{'instance_id': '0'}",3,192.0,192.0,192.0,192.0
"2024-12-03T18:34:15+00:00","load_generator_file_handles","","","amazon:us:columbus","{'instance_id': '0'}",3,192.0,192.0,192.0,192.0
"2024-12-03T18:34:18+00:00","load_generator_file_handles","","","amazon:us:columbus","{'instance_id': '0'}",3,192.0,181.333333333333,160.0,160.0
"2024-12-03T18:34:21+00:00","load_generator_file_handles","","","amazon:us:columbus","{'instance_id': '0'}",3,160.0,160.0,160.0,160.0
"2024-12-03T18:34:24+00:00","load_generator_file_handles","","","amazon:us:columbus","{'instance_id': '0'}",3,160.0,160.0,160.0,160.0
"2024-12-03T18:34:27+00:00","load_generator_file_handles","","","amazon:us:columbus","{'instance_id': '0'}",3,160.0,160.0,160.0,160.0
"2024-12-03T18:34:30+00:00","load_generator_file_handles","","","amazon:us:columbus","{'instance_id': '0'}",3,160.0,160.0,160.0,160.0
"2024-12-03T18:34:33+00:00","load_generator_file_handles","","","amazon:us:columbus","{'instance_id': '0'}",3,160.0,160.0,160.0,160.0
"2024-12-03T18:34:36+00:00","load_generator_file_handles","","","amazon:us:columbus","{'instance_id': '0'}",3,160.0,160.0,160.0,160.0
"2024-12-03T18:34:39+00:00","load_generator_file_handles","","","amazon:us:columbus","{'instance_id': '0'}",3,160.0,160.0,160.0,160.0
"2024-12-03T18:34:42+00:00","load_generator_file_handles","","","amazon:us:columbus","{'instance_id': '0'}",3,160.0,160.0,160.0,160.0
"2024-12-03T18:34:45+00:00","load_generator_file_handles","","","amazon:us:columbus","{'instance_id': '0'}",3,160.0,160.0,160.0,160.0
"2024-12-03T18:34:48+00:00","load_generator_file_handles","","","amazon:us:columbus","{'instance_id': '0'}",3,192.0,181.333333333333,160.0,192.0
"2024-12-03T18:34:51+00:00","load_generator_file_handles","","","amazon:us:columbus","{'instance_id': '0'}",3,192.0,192.0,192.0,192.0
"2024-12-03T18:34:54+00:00","load_generator_file_handles","","","amazon:us:columbus","{'instance_id': '0'}",3,192.0,192.0,192.0,192.0
"2024-12-03T18:34:57+00:00","load_generator_file_handles","","","amazon:us:columbus","{'instance_id': '0'}",3,192.0,181.333333333333,160.0,160.0
"2024-12-03T18:35:00+00:00","load_generator_file_handles","","","amazon:us:columbus","{'instance_id': '0'}",3,160.0,160.0,160.0,160.0
"2024-12-03T18:35:03+00:00","load_generator_file_handles","","","amazon:us:columbus","{'instance_id': '0'}",3,160.0,160.0,160.0,160.0
"2024-12-03T18:35:06+00:00","load_generator_file_handles","","","amazon:us:columbus","{'instance_id': '0'}",3,160.0,160.0,160.0,160.0
"2024-12-03T18:35:09+00:00","load_generator_file_handles","","","amazon:us:columbus","{'instance_id': '0'}",3,160.0,160.0,160.0,160.0
"2024-12-03T18:35:12+00:00","load_generator_file_handles","","","amazon:us:columbus","{'instance_id': '0'}",3,160.0,160.0,160.0,160.0
"2024-12-03T18:35:15+00:00","load_generator_file_handles","","","amazon:us:columbus","{'instance_id': '0'}",3,160.0,160.0,160.0,160.0
"2024-12-03T18:35:18+00:00","load_generator_file_handles","","","amazon:us:columbus","{'instance_id': '0'}",3,192.0,181.333333333333,160.0,192.0
"2024-12-03T18:35:21+00:00","load_generator_file_handles","","","amazon:us:columbus","{'instance_id': '0'}",3,192.0,192.0,192.0,192.0
"2024-12-03T18:35:24+00:00","load_generator_file_handles","","","amazon:us:columbus","{'instance_id': '0'}",3,192.0,192.0,192.0,192.0
"2024-12-03T18:35:27+00:00","load_generator_file_handles","","","amazon:us:columbus","{'instance_id': '0'}",3,192.0,192.0,192.0,192.0
"2024-12-03T18:35:30+00:00","load_generator_file_handles","","","amazon:us:columbus","{'instance_id': '0'}",3,192.0,192.0,192.0,192.0
"2024-12-03T18:35:33+00:00","load_generator_file_handles","","","amazon:us:columbus","{'instance_id': '0'}",3,192.0,192.0,192.0,192.0
"2024-12-03T18:35:36+00:00","load_generator_file_handles","","","amazon:us:columbus","{'instance_id': '0'}",3,192.0,192.0,192.0,192.0
"2024-12-03T18:35:39+00:00","load_generator_file_handles","","","amazon:us:columbus","{'instance_id': '0'}",3,192.0,192.0,192.0,192.0
"2024-12-03T18:35:42+00:00","load_generator_file_handles","","","amazon:us:columbus","{'instance_id': '0'}",3,192.0,192.0,192.0,192.0
"2024-12-03T18:35:45+00:00","load_generator_file_handles","","","amazon:us:columbus","{'instance_id': '0'}",3,192.0,192.0,192.0,192.0
"2024-12-03T18:35:48+00:00","load_generator_file_handles","","","amazon:us:columbus","{'instance_id': '0'}",3,192.0,192.0,192.0,192.0
"2024-12-03T18:35:51+00:00","load_generator_file_handles","","","amazon:us:columbus","{'instance_id': '0'}",3,192.0,192.0,192.0,192.0
"2024-12-03T18:35:54+00:00","load_generator_file_handles","","","amazon:us:columbus","{'instance_id': '0'}",3,192.0,192.0,192.0,192.0
"2024-12-03T18:35:57+00:00","load_generator_file_handles","","","amazon:us:columbus","{'instance_id': '0'}",3,192.0,192.0,192.0,192.0
"2024-12-03T18:36:00+00:00","load_generator_file_handles","","","amazon:us:columbus","{'instance_id': '0'}",3,192.0,192.0,192.0,192.0
"2024-12-03T18:36:03+00:00","load_generator_file_handles","","","amazon:us:columbus","{'instance_id': '0'}",3,192.0,192.0,192.0,192.0
"2024-12-03T18:36:06+00:00","load_generator_file_handles","","","amazon:us:columbus","{'instance_id': '0'}",3,224.0,213.333333333333,192.0,224.0
"2024-12-03T18:36:09+00:00","load_generator_file_handles","","","amazon:us:columbus","{'instance_id': '0'}",3,224.0,213.333333333333,192.0,192.0
"2024-12-03T18:36:12+00:00","load_generator_file_handles","","","amazon:us:columbus","{'instance_id': '0'}",3,192.0,192.0,192.0,192.0
"2024-12-03T18:36:15+00:00","load_generator_file_handles","","","amazon:us:columbus","{'instance_id': '0'}",3,192.0,192.0,192.0,192.0
"2024-12-03T18:36:18+00:00","load_generator_file_handles","","","amazon:us:columbus","{'instance_id': '0'}",3,192.0,192.0,192.0,192.0
"2024-12-03T18:36:21+00:00","load_generator_file_handles","","","amazon:us:columbus","{'instance_id': '0'}",3,192.0,192.0,192.0,192.0
"2024-12-03T18:36:24+00:00","load_generator_file_handles","","","amazon:us:columbus","{'instance_id': '0'}",3,192.0,192.0,192.0,192.0
"2024-12-03T18:36:27+00:00","load_generator_file_handles","","","amazon:us:columbus","{'instance_id': '0'}",3,192.0,192.0,192.0,192.0
"2024-12-03T18:36:30+00:00","load_generator_file_handles","","","amazon:us:columbus","{'instance_id': '0'}",3,192.0,192.0,192.0,192.0
"2024-12-03T18:36:33+00:00","load_generator_file_handles","","","amazon:us:columbus","{'instance_id': '0'}",3,192.0,192.0,192.0,192.0
"2024-12-03T18:36:36+00:00","load_generator_file_handles","","","amazon:us:columbus","{'instance_id': '0'}",3,192.0,192.0,192.0,192.0
"2024-12-03T18:36:39+00:00","load_generator_file_handles","","","amazon:us:columbus","{'instance_id': '0'}",3,192.0,192.0,192.0,192.0
"2024-12-03T18:36:42+00:00","load_generator_file_handles","","","amazon:us:columbus","{'instance_id': '0'}",3,192.0,192.0,192.0,192.0
"2024-12-03T18:36:45+00:00","load_generator_file_handles","","","amazon:us:columbus","{'instance_id': '0'}",3,192.0,192.0,192.0,192.0
"2024-12-03T18:36:48+00:00","load_generator_file_handles","","","amazon:us:columbus","{'instance_id': '0'}",3,192.0,192.0,192.0,192.0
"2024-12-03T18:36:51+00:00","load_generator_file_handles","","","amazon:us:columbus","{'instance_id': '0'}",3,192.0,192.0,192.0,192.0
"2024-12-03T18:36:54+00:00","load_generator_file_handles","","","amazon:us:columbus","{'instance_id': '0'}",3,192.0,192.0,192.0,192.0
"2024-12-03T18:36:57+00:00","load_generator_file_handles","","","amazon:us:columbus","{'instance_id': '0'}",3,192.0,192.0,192.0,192.0
"2024-12-03T18:37:00+00:00","load_generator_file_handles","","","amazon:us:columbus","{'instance_id': '0'}",3,192.0,192.0,192.0,192.0
"2024-12-03T18:37:03+00:00","load_generator_file_handles","","","amazon:us:columbus","{'instance_id': '0'}",3,192.0,192.0,192.0,192.0
"2024-12-03T18:37:06+00:00","load_generator_file_handles","","","amazon:us:columbus","{'instance_id': '0'}",3,192.0,192.0,192.0,192.0
"2024-12-03T18:37:09+00:00","load_generator_file_handles","","","amazon:us:columbus","{'instance_id': '0'}",3,192.0,192.0,192.0,192.0
"2024-12-03T18:37:12+00:00","load_generator_file_handles","","","amazon:us:columbus","{'instance_id': '0'}",3,192.0,192.0,192.0,192.0
"2024-12-03T18:37:15+00:00","load_generator_file_handles","","","amazon:us:columbus","{'instance_id': '0'}",3,192.0,192.0,192.0,192.0
"2024-12-03T18:37:18+00:00","load_generator_file_handles","","","amazon:us:columbus","{'instance_id': '0'}",3,192.0,192.0,192.0,192.0
"2024-12-03T18:37:21+00:00","load_generator_file_handles","","","amazon:us:columbus","{'instance_id': '0'}",3,192.0,192.0,192.0,192.0
"2024-12-03T18:37:24+00:00","load_generator_file_handles","","","amazon:us:columbus","{'instance_id': '0'}",3,192.0,192.0,192.0,192.0
"2024-12-03T18:37:27+00:00","load_generator_file_handles","","","amazon:us:columbus","{'instance_id': '0'}",2,192.0,192.0,192.0,192.0
