"time","metric","scenario","group","load_zone","tags","count"
"2024-12-03T18:32:51+00:00","data_received","default","","amazon:us:columbus","{}",157750
"2024-12-03T18:32:54+00:00","data_received","default","","amazon:us:columbus","{}",565057
"2024-12-03T18:32:57+00:00","data_received","default","","amazon:us:columbus","{}",968998
"2024-12-03T18:33:00+00:00","data_received","default","","amazon:us:columbus","{}",1382820
"2024-12-03T18:33:03+00:00","data_received","default","","amazon:us:columbus","{}",1846582
"2024-12-03T18:33:06+00:00","data_received","default","","amazon:us:columbus","{}",2250937
"2024-12-03T18:33:09+00:00","data_received","default","","amazon:us:columbus","{}",2654879
"2024-12-03T18:33:12+00:00","data_received","default","","amazon:us:columbus","{}",3056070
"2024-12-03T18:33:15+00:00","data_received","default","","amazon:us:columbus","{}",3510144
"2024-12-03T18:33:18+00:00","data_received","default","","amazon:us:columbus","{}",3889434
"2024-12-03T18:33:21+00:00","data_received","default","","amazon:us:columbus","{}",4309176
"2024-12-03T18:33:24+00:00","data_received","default","","amazon:us:columbus","{}",4615591
"2024-12-03T18:33:27+00:00","data_received","default","","amazon:us:columbus","{}",4779648
"2024-12-03T18:33:30+00:00","data_received","default","","amazon:us:columbus","{}",5066719
"2024-12-03T18:33:33+00:00","data_received","default","","amazon:us:columbus","{}",5243617
"2024-12-03T18:33:36+00:00","data_received","default","","amazon:us:columbus","{}",5521809
"2024-12-03T18:33:39+00:00","data_received","default","","amazon:us:columbus","{}",5726529
"2024-12-03T18:33:42+00:00","data_received","default","","amazon:us:columbus","{}",5976102
"2024-12-03T18:33:45+00:00","data_received","default","","amazon:us:columbus","{}",6184180
"2024-12-03T18:33:48+00:00","data_received","default","","amazon:us:columbus","{}",6475417
"2024-12-03T18:33:51+00:00","data_received","default","","amazon:us:columbus","{}",6616557
"2024-12-03T18:33:54+00:00","data_received","default","","amazon:us:columbus","{}",6951816
"2024-12-03T18:33:57+00:00","data_received","default","","amazon:us:columbus","{}",7112306
"2024-12-03T18:34:00+00:00","data_received","default","","amazon:us:columbus","{}",7400398
"2024-12-03T18:34:03+00:00","data_received","default","","amazon:us:columbus","{}",7522767
"2024-12-03T18:34:06+00:00","data_received","default","","amazon:us:columbus","{}",7842042
"2024-12-03T18:34:09+00:00","data_received","default","","amazon:us:columbus","{}",7974110
"2024-12-03T18:34:12+00:00","data_received","default","","amazon:us:columbus","{}",8344113
"2024-12-03T18:34:15+00:00","data_received","default","","amazon:us:columbus","{}",8438277
"2024-12-03T18:34:18+00:00","data_received","default","","amazon:us:columbus","{}",8782798
"2024-12-03T18:34:21+00:00","data_received","default","","amazon:us:columbus","{}",8908760
"2024-12-03T18:34:24+00:00","data_received","default","","amazon:us:columbus","{}",9253082
"2024-12-03T18:34:27+00:00","data_received","default","","amazon:us:columbus","{}",9745682
"2024-12-03T18:34:30+00:00","data_received","default","","amazon:us:columbus","{}",9979251
"2024-12-03T18:34:33+00:00","data_received","default","","amazon:us:columbus","{}",10373318
"2024-12-03T18:34:36+00:00","data_received","default","","amazon:us:columbus","{}",10604528
"2024-12-03T18:34:39+00:00","data_received","default","","amazon:us:columbus","{}",11112306
"2024-12-03T18:34:42+00:00","data_received","default","","amazon:us:columbus","{}",11393656
"2024-12-03T18:34:45+00:00","data_received","default","","amazon:us:columbus","{}",11733805
"2024-12-03T18:34:48+00:00","data_received","default","","amazon:us:columbus","{}",11959325
"2024-12-03T18:34:51+00:00","data_received","default","","amazon:us:columbus","{}",12456612
"2024-12-03T18:34:54+00:00","data_received","default","","amazon:us:columbus","{}",12767407
"2024-12-03T18:34:57+00:00","data_received","default","","amazon:us:columbus","{}",12952364
"2024-12-03T18:35:00+00:00","data_received","default","","amazon:us:columbus","{}",13408067
"2024-12-03T18:35:03+00:00","data_received","default","","amazon:us:columbus","{}",13836487
"2024-12-03T18:35:06+00:00","data_received","default","","amazon:us:columbus","{}",14203526
"2024-12-03T18:35:09+00:00","data_received","default","","amazon:us:columbus","{}",14442798
"2024-12-03T18:35:12+00:00","data_received","default","","amazon:us:columbus","{}",14806086
"2024-12-03T18:35:15+00:00","data_received","default","","amazon:us:columbus","{}",15263922
"2024-12-03T18:35:18+00:00","data_received","default","","amazon:us:columbus","{}",15595625
"2024-12-03T18:35:21+00:00","data_received","default","","amazon:us:columbus","{}",15825607
"2024-12-03T18:35:24+00:00","data_received","default","","amazon:us:columbus","{}",16116250
"2024-12-03T18:35:27+00:00","data_received","default","","amazon:us:columbus","{}",16621270
"2024-12-03T18:35:30+00:00","data_received","default","","amazon:us:columbus","{}",16899684
"2024-12-03T18:35:33+00:00","data_received","default","","amazon:us:columbus","{}",17239812
"2024-12-03T18:35:36+00:00","data_received","default","","amazon:us:columbus","{}",17499468
"2024-12-03T18:35:39+00:00","data_received","default","","amazon:us:columbus","{}",18009609
"2024-12-03T18:35:42+00:00","data_received","default","","amazon:us:columbus","{}",18326723
"2024-12-03T18:35:45+00:00","data_received","default","","amazon:us:columbus","{}",18676124
"2024-12-03T18:35:48+00:00","data_received","default","","amazon:us:columbus","{}",18957921
"2024-12-03T18:35:51+00:00","data_received","default","","amazon:us:columbus","{}",19449487
"2024-12-03T18:35:54+00:00","data_received","default","","amazon:us:columbus","{}",19706382
"2024-12-03T18:35:57+00:00","data_received","default","","amazon:us:columbus","{}",19993039
"2024-12-03T18:36:00+00:00","data_received","default","","amazon:us:columbus","{}",20355907
"2024-12-03T18:36:03+00:00","data_received","default","","amazon:us:columbus","{}",20816706
"2024-12-03T18:36:06+00:00","data_received","default","","amazon:us:columbus","{}",21129670
"2024-12-03T18:36:09+00:00","data_received","default","","amazon:us:columbus","{}",21404073
"2024-12-03T18:36:12+00:00","data_received","default","","amazon:us:columbus","{}",21713466
"2024-12-03T18:36:15+00:00","data_received","default","","amazon:us:columbus","{}",22193828
"2024-12-03T18:36:18+00:00","data_received","default","","amazon:us:columbus","{}",22429951
"2024-12-03T18:36:21+00:00","data_received","default","","amazon:us:columbus","{}",22799332
"2024-12-03T18:36:24+00:00","data_received","default","","amazon:us:columbus","{}",22345453
"2024-12-03T18:36:27+00:00","data_received","default","","amazon:us:columbus","{}",20927295
"2024-12-03T18:36:30+00:00","data_received","default","","amazon:us:columbus","{}",20065474
"2024-12-03T18:36:33+00:00","data_received","default","","amazon:us:columbus","{}",18906960
"2024-12-03T18:36:36+00:00","data_received","default","","amazon:us:columbus","{}",17704602
"2024-12-03T18:36:39+00:00","data_received","default","","amazon:us:columbus","{}",16504579
"2024-12-03T18:36:42+00:00","data_received","default","","amazon:us:columbus","{}",15443579
"2024-12-03T18:36:45+00:00","data_received","default","","amazon:us:columbus","{}",14238058
"2024-12-03T18:36:48+00:00","data_received","default","","amazon:us:columbus","{}",13139762
"2024-12-03T18:36:51+00:00","data_received","default","","amazon:us:columbus","{}",11983775
"2024-12-03T18:36:54+00:00","data_received","default","","amazon:us:columbus","{}",10736395
"2024-12-03T18:36:57+00:00","data_received","default","","amazon:us:columbus","{}",9644795
"2024-12-03T18:37:00+00:00","data_received","default","","amazon:us:columbus","{}",8476591
"2024-12-03T18:37:03+00:00","data_received","default","","amazon:us:columbus","{}",7368194
"2024-12-03T18:37:06+00:00","data_received","default","","amazon:us:columbus","{}",6209660
"2024-12-03T18:37:09+00:00","data_received","default","","amazon:us:columbus","{}",5038484
"2024-12-03T18:37:12+00:00","data_received","default","","amazon:us:columbus","{}",3867725
"2024-12-03T18:37:15+00:00","data_received","default","","amazon:us:columbus","{}",2676982
"2024-12-03T18:37:18+00:00","data_received","default","","amazon:us:columbus","{}",1559525
"2024-12-03T18:37:21+00:00","data_received","default","","amazon:us:columbus","{}",422895
