"time","metric","scenario","group","check","load_zone","tags","nz_count","count"
"2024-12-03T18:32:51+00:00","checks","default","","is status 200","amazon:us:columbus","{}",0,49
"2024-12-03T18:32:54+00:00","checks","default","","is status 200","amazon:us:columbus","{}",0,177
"2024-12-03T18:32:57+00:00","checks","default","","is status 200","amazon:us:columbus","{}",0,303
"2024-12-03T18:33:00+00:00","checks","default","","is status 200","amazon:us:columbus","{}",0,434
"2024-12-03T18:33:03+00:00","checks","default","","is status 200","amazon:us:columbus","{}",0,578
"2024-12-03T18:33:06+00:00","checks","default","","is status 200","amazon:us:columbus","{}",0,706
"2024-12-03T18:33:09+00:00","checks","default","","is status 200","amazon:us:columbus","{}",0,832
"2024-12-03T18:33:12+00:00","checks","default","","is status 200","amazon:us:columbus","{}",0,959
"2024-12-03T18:33:15+00:00","checks","default","","is status 200","amazon:us:columbus","{}",0,1099
"2024-12-03T18:33:18+00:00","checks","default","","is status 200","amazon:us:columbus","{}",0,1220
"2024-12-03T18:33:21+00:00","checks","default","","is status 200","amazon:us:columbus","{}",0,1351
"2024-12-03T18:33:24+00:00","checks","default","","is status 200","amazon:us:columbus","{}",0,1448
"2024-12-03T18:33:27+00:00","checks","default","","is status 200","amazon:us:columbus","{}",0,1499
"2024-12-03T18:33:30+00:00","checks","default","","is status 200","amazon:us:columbus","{}",0,1588
"2024-12-03T18:33:33+00:00","checks","default","","is status 200","amazon:us:columbus","{}",0,1644
"2024-12-03T18:33:36+00:00","checks","default","","is status 200","amazon:us:columbus","{}",0,1733
"2024-12-03T18:33:39+00:00","checks","default","","is status 200","amazon:us:columbus","{}",0,1795
"2024-12-03T18:33:42+00:00","checks","default","","is status 200","amazon:us:columbus","{}",0,1874
"2024-12-03T18:33:45+00:00","checks","default","","is status 200","amazon:us:columbus","{}",0,1938
"2024-12-03T18:33:48+00:00","checks","default","","is status 200","amazon:us:columbus","{}",0,2033
"2024-12-03T18:33:51+00:00","checks","default","","is status 200","amazon:us:columbus","{}",0,2073
"2024-12-03T18:33:54+00:00","checks","default","","is status 200","amazon:us:columbus","{}",0,2181
"2024-12-03T18:33:57+00:00","checks","default","","is status 200","amazon:us:columbus","{}",0,2229
"2024-12-03T18:34:00+00:00","checks","default","","is status 200","amazon:us:columbus","{}",0,2323
"2024-12-03T18:34:03+00:00","checks","default","","is status 200","amazon:us:columbus","{}",0,2358
"2024-12-03T18:34:06+00:00","checks","default","","is status 200","amazon:us:columbus","{}",0,2460
"2024-12-03T18:34:09+00:00","checks","default","","is status 200","amazon:us:columbus","{}",0,2499
"2024-12-03T18:34:12+00:00","checks","default","","is status 200","amazon:us:columbus","{}",0,2618
"2024-12-03T18:34:15+00:00","checks","default","","is status 200","amazon:us:columbus","{}",0,2645
"2024-12-03T18:34:18+00:00","checks","default","","is status 200","amazon:us:columbus","{}",0,2755
"2024-12-03T18:34:21+00:00","checks","default","","is status 200","amazon:us:columbus","{}",0,2793
"2024-12-03T18:34:24+00:00","checks","default","","is status 200","amazon:us:columbus","{}",0,2902
"2024-12-03T18:34:27+00:00","checks","default","","is status 200","amazon:us:columbus","{}",0,3057
"2024-12-03T18:34:30+00:00","checks","default","","is status 200","amazon:us:columbus","{}",0,3130
"2024-12-03T18:34:33+00:00","checks","default","","is status 200","amazon:us:columbus","{}",0,3251
"2024-12-03T18:34:36+00:00","checks","default","","is status 200","amazon:us:columbus","{}",0,3327
"2024-12-03T18:34:39+00:00","checks","default","","is status 200","amazon:us:columbus","{}",0,3484
"2024-12-03T18:34:42+00:00","checks","default","","is status 200","amazon:us:columbus","{}",0,3574
"2024-12-03T18:34:45+00:00","checks","default","","is status 200","amazon:us:columbus","{}",0,3677
"2024-12-03T18:34:48+00:00","checks","default","","is status 200","amazon:us:columbus","{}",0,3754
"2024-12-03T18:34:51+00:00","checks","default","","is status 200","amazon:us:columbus","{}",0,3903
"2024-12-03T18:34:54+00:00","checks","default","","is status 200","amazon:us:columbus","{}",0,4007
"2024-12-03T18:34:57+00:00","checks","default","","is status 200","amazon:us:columbus","{}",0,4059
"2024-12-03T18:35:00+00:00","checks","default","","is status 200","amazon:us:columbus","{}",0,4207
"2024-12-03T18:35:03+00:00","checks","default","","is status 200","amazon:us:columbus","{}",0,4337
"2024-12-03T18:35:06+00:00","checks","default","","is status 200","amazon:us:columbus","{}",0,4456
"2024-12-03T18:35:09+00:00","checks","default","","is status 200","amazon:us:columbus","{}",0,4528
"2024-12-03T18:35:12+00:00","checks","default","","is status 200","amazon:us:columbus","{}",0,4643
"2024-12-03T18:35:15+00:00","checks","default","","is status 200","amazon:us:columbus","{}",0,4787
"2024-12-03T18:35:18+00:00","checks","default","","is status 200","amazon:us:columbus","{}",0,4892
"2024-12-03T18:35:21+00:00","checks","default","","is status 200","amazon:us:columbus","{}",0,4962
"2024-12-03T18:35:24+00:00","checks","default","","is status 200","amazon:us:columbus","{}",0,5054
"2024-12-03T18:35:27+00:00","checks","default","","is status 200","amazon:us:columbus","{}",0,5212
"2024-12-03T18:35:30+00:00","checks","default","","is status 200","amazon:us:columbus","{}",0,5302
"2024-12-03T18:35:33+00:00","checks","default","","is status 200","amazon:us:columbus","{}",0,5405
"2024-12-03T18:35:36+00:00","checks","default","","is status 200","amazon:us:columbus","{}",0,5490
"2024-12-03T18:35:39+00:00","checks","default","","is status 200","amazon:us:columbus","{}",0,5644
"2024-12-03T18:35:42+00:00","checks","default","","is status 200","amazon:us:columbus","{}",0,5750
"2024-12-03T18:35:45+00:00","checks","default","","is status 200","amazon:us:columbus","{}",0,5855
"2024-12-03T18:35:48+00:00","checks","default","","is status 200","amazon:us:columbus","{}",0,5947
"2024-12-03T18:35:51+00:00","checks","default","","is status 200","amazon:us:columbus","{}",0,6097
"2024-12-03T18:35:54+00:00","checks","default","","is status 200","amazon:us:columbus","{}",0,6183
"2024-12-03T18:35:57+00:00","checks","default","","is status 200","amazon:us:columbus","{}",0,6270
"2024-12-03T18:36:00+00:00","checks","default","","is status 200","amazon:us:columbus","{}",0,6383
"2024-12-03T18:36:03+00:00","checks","default","","is status 200","amazon:us:columbus","{}",0,6527
"2024-12-03T18:36:06+00:00","checks","default","","is status 200","amazon:us:columbus","{}",0,6627
"2024-12-03T18:36:09+00:00","checks","default","","is status 200","amazon:us:columbus","{}",0,6712
"2024-12-03T18:36:12+00:00","checks","default","","is status 200","amazon:us:columbus","{}",0,6809
"2024-12-03T18:36:15+00:00","checks","default","","is status 200","amazon:us:columbus","{}",0,6962
"2024-12-03T18:36:18+00:00","checks","default","","is status 200","amazon:us:columbus","{}",0,7033
"2024-12-03T18:36:21+00:00","checks","default","","is status 200","amazon:us:columbus","{}",0,7149
"2024-12-03T18:36:24+00:00","checks","default","","is status 200","amazon:us:columbus","{}",0,7011
"2024-12-03T18:36:27+00:00","checks","default","","is status 200","amazon:us:columbus","{}",0,6561
"2024-12-03T18:36:30+00:00","checks","default","","is status 200","amazon:us:columbus","{}",0,6292
"2024-12-03T18:36:33+00:00","checks","default","","is status 200","amazon:us:columbus","{}",0,5929
"2024-12-03T18:36:36+00:00","checks","default","","is status 200","amazon:us:columbus","{}",0,5554
"2024-12-03T18:36:39+00:00","checks","default","","is status 200","amazon:us:columbus","{}",0,5176
"2024-12-03T18:36:42+00:00","checks","default","","is status 200","amazon:us:columbus","{}",0,4842
"2024-12-03T18:36:45+00:00","checks","default","","is status 200","amazon:us:columbus","{}",0,4466
"2024-12-03T18:36:48+00:00","checks","default","","is status 200","amazon:us:columbus","{}",0,4123
"2024-12-03T18:36:51+00:00","checks","default","","is status 200","amazon:us:columbus","{}",0,3758
"2024-12-03T18:36:54+00:00","checks","default","","is status 200","amazon:us:columbus","{}",0,3365
"2024-12-03T18:36:57+00:00","checks","default","","is status 200","amazon:us:columbus","{}",0,3026
"2024-12-03T18:37:00+00:00","checks","default","","is status 200","amazon:us:columbus","{}",0,2659
"2024-12-03T18:37:03+00:00","checks","default","","is status 200","amazon:us:columbus","{}",0,2310
"2024-12-03T18:37:06+00:00","checks","default","","is status 200","amazon:us:columbus","{}",0,1947
"2024-12-03T18:37:09+00:00","checks","default","","is status 200","amazon:us:columbus","{}",0,1580
"2024-12-03T18:37:12+00:00","checks","default","","is status 200","amazon:us:columbus","{}",0,1215
"2024-12-03T18:37:15+00:00","checks","default","","is status 200","amazon:us:columbus","{}",0,839
"2024-12-03T18:37:18+00:00","checks","default","","is status 200","amazon:us:columbus","{}",0,489
"2024-12-03T18:37:21+00:00","checks","default","","is status 200","amazon:us:columbus","{}",0,132
