"time","metric","group","scenario","name","method","status","expected_response","load_zone","tags","nz_count","count"
"2024-12-03T18:32:51+00:00","http_req_failed","","default","https://your-username.pythonanywhere.com/client_login","POST","404","false","amazon:us:columbus","{'url': 'https://your-username.pythonanywhere.com/client_login', 'proto': 'HTTP/1.1', 'error_code': '1404', 'tls_version': 'tls1.3'}",49,49
"2024-12-03T18:32:54+00:00","http_req_failed","","default","https://your-username.pythonanywhere.com/client_login","POST","404","false","amazon:us:columbus","{'url': 'https://your-username.pythonanywhere.com/client_login', 'proto': 'HTTP/1.1', 'error_code': '1404', 'tls_version': 'tls1.3'}",177,177
"2024-12-03T18:32:57+00:00","http_req_failed","","default","https://your-username.pythonanywhere.com/client_login","POST","404","false","amazon:us:columbus","{'url': 'https://your-username.pythonanywhere.com/client_login', 'proto': 'HTTP/1.1', 'error_code': '1404', 'tls_version': 'tls1.3'}",303,303
"2024-12-03T18:33:00+00:00","http_req_failed","","default","https://your-username.pythonanywhere.com/client_login","POST","404","false","amazon:us:columbus","{'url': 'https://your-username.pythonanywhere.com/client_login', 'proto': 'HTTP/1.1', 'error_code': '1404', 'tls_version': 'tls1.3'}",434,434
"2024-12-03T18:33:03+00:00","http_req_failed","","default","https://your-username.pythonanywhere.com/client_login","POST","404","false","amazon:us:columbus","{'url': 'https://your-username.pythonanywhere.com/client_login', 'proto': 'HTTP/1.1', 'error_code': '1404', 'tls_version': 'tls1.3'}",578,578
"2024-12-03T18:33:06+00:00","http_req_failed","","default","https://your-username.pythonanywhere.com/client_login","POST","404","false","amazon:us:columbus","{'url': 'https://your-username.pythonanywhere.com/client_login', 'proto': 'HTTP/1.1', 'error_code': '1404', 'tls_version': 'tls1.3'}",706,706
"2024-12-03T18:33:09+00:00","http_req_failed","","default","https://your-username.pythonanywhere.com/client_login","POST","404","false","amazon:us:columbus","{'url': 'https://your-username.pythonanywhere.com/client_login', 'proto': 'HTTP/1.1', 'error_code': '1404', 'tls_version': 'tls1.3'}",832,832
"2024-12-03T18:33:12+00:00","http_req_failed","","default","https://your-username.pythonanywhere.com/client_login","POST","404","false","amazon:us:columbus","{'url': 'https://your-username.pythonanywhere.com/client_login', 'proto': 'HTTP/1.1', 'error_code': '1404', 'tls_version': 'tls1.3'}",959,959
"2024-12-03T18:33:15+00:00","http_req_failed","","default","https://your-username.pythonanywhere.com/client_login","POST","404","false","amazon:us:columbus","{'url': 'https://your-username.pythonanywhere.com/client_login', 'proto': 'HTTP/1.1', 'error_code': '1404', 'tls_version': 'tls1.3'}",1099,1099
"2024-12-03T18:33:18+00:00","http_req_failed","","default","https://your-username.pythonanywhere.com/client_login","POST","404","false","amazon:us:columbus","{'url': 'https://your-username.pythonanywhere.com/client_login', 'proto': 'HTTP/1.1', 'error_code': '1404', 'tls_version': 'tls1.3'}",1220,1220
"2024-12-03T18:33:21+00:00","http_req_failed","","default","https://your-username.pythonanywhere.com/client_login","POST","404","false","amazon:us:columbus","{'url': 'https://your-username.pythonanywhere.com/client_login', 'proto': 'HTTP/1.1', 'error_code': '1404', 'tls_version': 'tls1.3'}",1351,1351
"2024-12-03T18:33:24+00:00","http_req_failed","","default","https://your-username.pythonanywhere.com/client_login","POST","404","false","amazon:us:columbus","{'url': 'https://your-username.pythonanywhere.com/client_login', 'proto': 'HTTP/1.1', 'error_code': '1404', 'tls_version': 'tls1.3'}",1448,1448
"2024-12-03T18:33:27+00:00","http_req_failed","","default","https://your-username.pythonanywhere.com/client_login","POST","404","false","amazon:us:columbus","{'url': 'https://your-username.pythonanywhere.com/client_login', 'proto': 'HTTP/1.1', 'error_code': '1404', 'tls_version': 'tls1.3'}",1499,1499
"2024-12-03T18:33:30+00:00","http_req_failed","","default","https://your-username.pythonanywhere.com/client_login","POST","404","false","amazon:us:columbus","{'url': 'https://your-username.pythonanywhere.com/client_login', 'proto': 'HTTP/1.1', 'error_code': '1404', 'tls_version': 'tls1.3'}",1588,1588
"2024-12-03T18:33:33+00:00","http_req_failed","","default","https://your-username.pythonanywhere.com/client_login","POST","404","false","amazon:us:columbus","{'url': 'https://your-username.pythonanywhere.com/client_login', 'proto': 'HTTP/1.1', 'error_code': '1404', 'tls_version': 'tls1.3'}",1644,1644
"2024-12-03T18:33:36+00:00","http_req_failed","","default","https://your-username.pythonanywhere.com/client_login","POST","404","false","amazon:us:columbus","{'url': 'https://your-username.pythonanywhere.com/client_login', 'proto': 'HTTP/1.1', 'error_code': '1404', 'tls_version': 'tls1.3'}",1733,1733
"2024-12-03T18:33:39+00:00","http_req_failed","","default","https://your-username.pythonanywhere.com/client_login","POST","404","false","amazon:us:columbus","{'url': 'https://your-username.pythonanywhere.com/client_login', 'proto': 'HTTP/1.1', 'error_code': '1404', 'tls_version': 'tls1.3'}",1795,1795
"2024-12-03T18:33:42+00:00","http_req_failed","","default","https://your-username.pythonanywhere.com/client_login","POST","404","false","amazon:us:columbus","{'url': 'https://your-username.pythonanywhere.com/client_login', 'proto': 'HTTP/1.1', 'error_code': '1404', 'tls_version': 'tls1.3'}",1874,1874
"2024-12-03T18:33:45+00:00","http_req_failed","","default","https://your-username.pythonanywhere.com/client_login","POST","404","false","amazon:us:columbus","{'url': 'https://your-username.pythonanywhere.com/client_login', 'proto': 'HTTP/1.1', 'error_code': '1404', 'tls_version': 'tls1.3'}",1938,1938
"2024-12-03T18:33:48+00:00","http_req_failed","","default","https://your-username.pythonanywhere.com/client_login","POST","404","false","amazon:us:columbus","{'url': 'https://your-username.pythonanywhere.com/client_login', 'proto': 'HTTP/1.1', 'error_code': '1404', 'tls_version': 'tls1.3'}",2033,2033
"2024-12-03T18:33:51+00:00","http_req_failed","","default","https://your-username.pythonanywhere.com/client_login","POST","404","false","amazon:us:columbus","{'url': 'https://your-username.pythonanywhere.com/client_login', 'proto': 'HTTP/1.1', 'error_code': '1404', 'tls_version': 'tls1.3'}",2073,2073
"2024-12-03T18:33:54+00:00","http_req_failed","","default","https://your-username.pythonanywhere.com/client_login","POST","404","false","amazon:us:columbus","{'url': 'https://your-username.pythonanywhere.com/client_login', 'proto': 'HTTP/1.1', 'error_code': '1404', 'tls_version': 'tls1.3'}",2181,2181
"2024-12-03T18:33:57+00:00","http_req_failed","","default","https://your-username.pythonanywhere.com/client_login","POST","404","false","amazon:us:columbus","{'url': 'https://your-username.pythonanywhere.com/client_login', 'proto': 'HTTP/1.1', 'error_code': '1404', 'tls_version': 'tls1.3'}",2229,2229
"2024-12-03T18:34:00+00:00","http_req_failed","","default","https://your-username.pythonanywhere.com/client_login","POST","404","false","amazon:us:columbus","{'url': 'https://your-username.pythonanywhere.com/client_login', 'proto': 'HTTP/1.1', 'error_code': '1404', 'tls_version': 'tls1.3'}",2323,2323
"2024-12-03T18:34:03+00:00","http_req_failed","","default","https://your-username.pythonanywhere.com/client_login","POST","404","false","amazon:us:columbus","{'url': 'https://your-username.pythonanywhere.com/client_login', 'proto': 'HTTP/1.1', 'error_code': '1404', 'tls_version': 'tls1.3'}",2358,2358
"2024-12-03T18:34:06+00:00","http_req_failed","","default","https://your-username.pythonanywhere.com/client_login","POST","404","false","amazon:us:columbus","{'url': 'https://your-username.pythonanywhere.com/client_login', 'proto': 'HTTP/1.1', 'error_code': '1404', 'tls_version': 'tls1.3'}",2462,2462
"2024-12-03T18:34:09+00:00","http_req_failed","","default","https://your-username.pythonanywhere.com/client_login","POST","404","false","amazon:us:columbus","{'url': 'https://your-username.pythonanywhere.com/client_login', 'proto': 'HTTP/1.1', 'error_code': '1404', 'tls_version': 'tls1.3'}",2497,2497
"2024-12-03T18:34:12+00:00","http_req_failed","","default","https://your-username.pythonanywhere.com/client_login","POST","404","false","amazon:us:columbus","{'url': 'https://your-username.pythonanywhere.com/client_login', 'proto': 'HTTP/1.1', 'error_code': '1404', 'tls_version': 'tls1.3'}",2618,2618
"2024-12-03T18:34:15+00:00","http_req_failed","","default","https://your-username.pythonanywhere.com/client_login","POST","404","false","amazon:us:columbus","{'url': 'https://your-username.pythonanywhere.com/client_login', 'proto': 'HTTP/1.1', 'error_code': '1404', 'tls_version': 'tls1.3'}",2645,2645
"2024-12-03T18:34:18+00:00","http_req_failed","","default","https://your-username.pythonanywhere.com/client_login","POST","404","false","amazon:us:columbus","{'url': 'https://your-username.pythonanywhere.com/client_login', 'proto': 'HTTP/1.1', 'error_code': '1404', 'tls_version': 'tls1.3'}",2755,2755
"2024-12-03T18:34:21+00:00","http_req_failed","","default","https://your-username.pythonanywhere.com/client_login","POST","404","false","amazon:us:columbus","{'url': 'https://your-username.pythonanywhere.com/client_login', 'proto': 'HTTP/1.1', 'error_code': '1404', 'tls_version': 'tls1.3'}",2793,2793
"2024-12-03T18:34:24+00:00","http_req_failed","","default","https://your-username.pythonanywhere.com/client_login","POST","404","false","amazon:us:columbus","{'url': 'https://your-username.pythonanywhere.com/client_login', 'proto': 'HTTP/1.1', 'error_code': '1404', 'tls_version': 'tls1.3'}",2902,2902
"2024-12-03T18:34:27+00:00","http_req_failed","","default","https://your-username.pythonanywhere.com/client_login","POST","404","false","amazon:us:columbus","{'url': 'https://your-username.pythonanywhere.com/client_login', 'proto': 'HTTP/1.1', 'error_code': '1404', 'tls_version': 'tls1.3'}",3057,3057
"2024-12-03T18:34:30+00:00","http_req_failed","","default","https://your-username.pythonanywhere.com/client_login","POST","404","false","amazon:us:columbus","{'url': 'https://your-username.pythonanywhere.com/client_login', 'proto': 'HTTP/1.1', 'error_code': '1404', 'tls_version': 'tls1.3'}",3130,3130
"2024-12-03T18:34:33+00:00","http_req_failed","","default","https://your-username.pythonanywhere.com/client_login","POST","404","false","amazon:us:columbus","{'url': 'https://your-username.pythonanywhere.com/client_login', 'proto': 'HTTP/1.1', 'error_code': '1404', 'tls_version': 'tls1.3'}",3251,3251
"2024-12-03T18:34:36+00:00","http_req_failed","","default","https://your-username.pythonanywhere.com/client_login","POST","404","false","amazon:us:columbus","{'url': 'https://your-username.pythonanywhere.com/client_login', 'proto': 'HTTP/1.1', 'error_code': '1404', 'tls_version': 'tls1.3'}",3327,3327
"2024-12-03T18:34:39+00:00","http_req_failed","","default","https://your-username.pythonanywhere.com/client_login","POST","404","false","amazon:us:columbus","{'url': 'https://your-username.pythonanywhere.com/client_login', 'proto': 'HTTP/1.1', 'error_code': '1404', 'tls_version': 'tls1.3'}",3484,3484
"2024-12-03T18:34:42+00:00","http_req_failed","","default","https://your-username.pythonanywhere.com/client_login","POST","404","false","amazon:us:columbus","{'url': 'https://your-username.pythonanywhere.com/client_login', 'proto': 'HTTP/1.1', 'error_code': '1404', 'tls_version': 'tls1.3'}",3574,3574
"2024-12-03T18:34:45+00:00","http_req_failed","","default","https://your-username.pythonanywhere.com/client_login","POST","404","false","amazon:us:columbus","{'url': 'https://your-username.pythonanywhere.com/client_login', 'proto': 'HTTP/1.1', 'error_code': '1404', 'tls_version': 'tls1.3'}",3677,3677
"2024-12-03T18:34:48+00:00","http_req_failed","","default","https://your-username.pythonanywhere.com/client_login","POST","404","false","amazon:us:columbus","{'url': 'https://your-username.pythonanywhere.com/client_login', 'proto': 'HTTP/1.1', 'error_code': '1404', 'tls_version': 'tls1.3'}",3754,3754
"2024-12-03T18:34:51+00:00","http_req_failed","","default","https://your-username.pythonanywhere.com/client_login","POST","404","false","amazon:us:columbus","{'url': 'https://your-username.pythonanywhere.com/client_login', 'proto': 'HTTP/1.1', 'error_code': '1404', 'tls_version': 'tls1.3'}",3903,3903
"2024-12-03T18:34:54+00:00","http_req_failed","","default","https://your-username.pythonanywhere.com/client_login","POST","404","false","amazon:us:columbus","{'url': 'https://your-username.pythonanywhere.com/client_login', 'proto': 'HTTP/1.1', 'error_code': '1404', 'tls_version': 'tls1.3'}",4007,4007
"2024-12-03T18:34:57+00:00","http_req_failed","","default","https://your-username.pythonanywhere.com/client_login","POST","404","false","amazon:us:columbus","{'url': 'https://your-username.pythonanywhere.com/client_login', 'proto': 'HTTP/1.1', 'error_code': '1404', 'tls_version': 'tls1.3'}",4059,4059
"2024-12-03T18:35:00+00:00","http_req_failed","","default","https://your-username.pythonanywhere.com/client_login","POST","404","false","amazon:us:columbus","{'url': 'https://your-username.pythonanywhere.com/client_login', 'proto': 'HTTP/1.1', 'error_code': '1404', 'tls_version': 'tls1.3'}",4207,4207
"2024-12-03T18:35:03+00:00","http_req_failed","","default","https://your-username.pythonanywhere.com/client_login","POST","404","false","amazon:us:columbus","{'url': 'https://your-username.pythonanywhere.com/client_login', 'proto': 'HTTP/1.1', 'error_code': '1404', 'tls_version': 'tls1.3'}",4337,4337
"2024-12-03T18:35:06+00:00","http_req_failed","","default","https://your-username.pythonanywhere.com/client_login","POST","404","false","amazon:us:columbus","{'url': 'https://your-username.pythonanywhere.com/client_login', 'proto': 'HTTP/1.1', 'error_code': '1404', 'tls_version': 'tls1.3'}",4456,4456
"2024-12-03T18:35:09+00:00","http_req_failed","","default","https://your-username.pythonanywhere.com/client_login","POST","404","false","amazon:us:columbus","{'url': 'https://your-username.pythonanywhere.com/client_login', 'proto': 'HTTP/1.1', 'error_code': '1404', 'tls_version': 'tls1.3'}",4528,4528
"2024-12-03T18:35:12+00:00","http_req_failed","","default","https://your-username.pythonanywhere.com/client_login","POST","404","false","amazon:us:columbus","{'url': 'https://your-username.pythonanywhere.com/client_login', 'proto': 'HTTP/1.1', 'error_code': '1404', 'tls_version': 'tls1.3'}",4643,4643
"2024-12-03T18:35:15+00:00","http_req_failed","","default","https://your-username.pythonanywhere.com/client_login","POST","404","false","amazon:us:columbus","{'url': 'https://your-username.pythonanywhere.com/client_login', 'proto': 'HTTP/1.1', 'error_code': '1404', 'tls_version': 'tls1.3'}",4787,4787
"2024-12-03T18:35:18+00:00","http_req_failed","","default","https://your-username.pythonanywhere.com/client_login","POST","404","false","amazon:us:columbus","{'url': 'https://your-username.pythonanywhere.com/client_login', 'proto': 'HTTP/1.1', 'error_code': '1404', 'tls_version': 'tls1.3'}",4892,4892
"2024-12-03T18:35:21+00:00","http_req_failed","","default","https://your-username.pythonanywhere.com/client_login","POST","404","false","amazon:us:columbus","{'url': 'https://your-username.pythonanywhere.com/client_login', 'proto': 'HTTP/1.1', 'error_code': '1404', 'tls_version': 'tls1.3'}",4962,4962
"2024-12-03T18:35:24+00:00","http_req_failed","","default","https://your-username.pythonanywhere.com/client_login","POST","404","false","amazon:us:columbus","{'url': 'https://your-username.pythonanywhere.com/client_login', 'proto': 'HTTP/1.1', 'error_code': '1404', 'tls_version': 'tls1.3'}",5054,5054
"2024-12-03T18:35:27+00:00","http_req_failed","","default","https://your-username.pythonanywhere.com/client_login","POST","404","false","amazon:us:columbus","{'url': 'https://your-username.pythonanywhere.com/client_login', 'proto': 'HTTP/1.1', 'error_code': '1404', 'tls_version': 'tls1.3'}",5212,5212
"2024-12-03T18:35:30+00:00","http_req_failed","","default","https://your-username.pythonanywhere.com/client_login","POST","404","false","amazon:us:columbus","{'url': 'https://your-username.pythonanywhere.com/client_login', 'proto': 'HTTP/1.1', 'error_code': '1404', 'tls_version': 'tls1.3'}",5302,5302
"2024-12-03T18:35:33+00:00","http_req_failed","","default","https://your-username.pythonanywhere.com/client_login","POST","404","false","amazon:us:columbus","{'url': 'https://your-username.pythonanywhere.com/client_login', 'proto': 'HTTP/1.1', 'error_code': '1404', 'tls_version': 'tls1.3'}",5405,5405
"2024-12-03T18:35:36+00:00","http_req_failed","","default","https://your-username.pythonanywhere.com/client_login","POST","404","false","amazon:us:columbus","{'url': 'https://your-username.pythonanywhere.com/client_login', 'proto': 'HTTP/1.1', 'error_code': '1404', 'tls_version': 'tls1.3'}",5490,5490
"2024-12-03T18:35:39+00:00","http_req_failed","","default","https://your-username.pythonanywhere.com/client_login","POST","404","false","amazon:us:columbus","{'url': 'https://your-username.pythonanywhere.com/client_login', 'proto': 'HTTP/1.1', 'error_code': '1404', 'tls_version': 'tls1.3'}",5644,5644
"2024-12-03T18:35:42+00:00","http_req_failed","","default","https://your-username.pythonanywhere.com/client_login","POST","404","false","amazon:us:columbus","{'url': 'https://your-username.pythonanywhere.com/client_login', 'proto': 'HTTP/1.1', 'error_code': '1404', 'tls_version': 'tls1.3'}",5750,5750
"2024-12-03T18:35:45+00:00","http_req_failed","","default","https://your-username.pythonanywhere.com/client_login","POST","404","false","amazon:us:columbus","{'url': 'https://your-username.pythonanywhere.com/client_login', 'proto': 'HTTP/1.1', 'error_code': '1404', 'tls_version': 'tls1.3'}",5855,5855
"2024-12-03T18:35:48+00:00","http_req_failed","","default","https://your-username.pythonanywhere.com/client_login","POST","404","false","amazon:us:columbus","{'url': 'https://your-username.pythonanywhere.com/client_login', 'proto': 'HTTP/1.1', 'error_code': '1404', 'tls_version': 'tls1.3'}",5947,5947
"2024-12-03T18:35:51+00:00","http_req_failed","","default","https://your-username.pythonanywhere.com/client_login","POST","404","false","amazon:us:columbus","{'url': 'https://your-username.pythonanywhere.com/client_login', 'proto': 'HTTP/1.1', 'error_code': '1404', 'tls_version': 'tls1.3'}",6097,6097
"2024-12-03T18:35:54+00:00","http_req_failed","","default","https://your-username.pythonanywhere.com/client_login","POST","404","false","amazon:us:columbus","{'url': 'https://your-username.pythonanywhere.com/client_login', 'proto': 'HTTP/1.1', 'error_code': '1404', 'tls_version': 'tls1.3'}",6183,6183
"2024-12-03T18:35:57+00:00","http_req_failed","","default","https://your-username.pythonanywhere.com/client_login","POST","404","false","amazon:us:columbus","{'url': 'https://your-username.pythonanywhere.com/client_login', 'proto': 'HTTP/1.1', 'error_code': '1404', 'tls_version': 'tls1.3'}",6271,6271
"2024-12-03T18:36:00+00:00","http_req_failed","","default","https://your-username.pythonanywhere.com/client_login","POST","404","false","amazon:us:columbus","{'url': 'https://your-username.pythonanywhere.com/client_login', 'proto': 'HTTP/1.1', 'error_code': '1404', 'tls_version': 'tls1.3'}",6382,6382
"2024-12-03T18:36:03+00:00","http_req_failed","","default","https://your-username.pythonanywhere.com/client_login","POST","404","false","amazon:us:columbus","{'url': 'https://your-username.pythonanywhere.com/client_login', 'proto': 'HTTP/1.1', 'error_code': '1404', 'tls_version': 'tls1.3'}",6528,6528
"2024-12-03T18:36:06+00:00","http_req_failed","","default","https://your-username.pythonanywhere.com/client_login","POST","404","false","amazon:us:columbus","{'url': 'https://your-username.pythonanywhere.com/client_login', 'proto': 'HTTP/1.1', 'error_code': '1404', 'tls_version': 'tls1.3'}",6626,6626
"2024-12-03T18:36:09+00:00","http_req_failed","","default","https://your-username.pythonanywhere.com/client_login","POST","404","false","amazon:us:columbus","{'url': 'https://your-username.pythonanywhere.com/client_login', 'proto': 'HTTP/1.1', 'error_code': '1404', 'tls_version': 'tls1.3'}",6712,6712
"2024-12-03T18:36:12+00:00","http_req_failed","","default","https://your-username.pythonanywhere.com/client_login","POST","404","false","amazon:us:columbus","{'url': 'https://your-username.pythonanywhere.com/client_login', 'proto': 'HTTP/1.1', 'error_code': '1404', 'tls_version': 'tls1.3'}",6809,6809
"2024-12-03T18:36:15+00:00","http_req_failed","","default","https://your-username.pythonanywhere.com/client_login","POST","404","false","amazon:us:columbus","{'url': 'https://your-username.pythonanywhere.com/client_login', 'proto': 'HTTP/1.1', 'error_code': '1404', 'tls_version': 'tls1.3'}",6962,6962
"2024-12-03T18:36:18+00:00","http_req_failed","","default","https://your-username.pythonanywhere.com/client_login","POST","404","false","amazon:us:columbus","{'url': 'https://your-username.pythonanywhere.com/client_login', 'proto': 'HTTP/1.1', 'error_code': '1404', 'tls_version': 'tls1.3'}",7033,7033
"2024-12-03T18:36:21+00:00","http_req_failed","","default","https://your-username.pythonanywhere.com/client_login","POST","404","false","amazon:us:columbus","{'url': 'https://your-username.pythonanywhere.com/client_login', 'proto': 'HTTP/1.1', 'error_code': '1404', 'tls_version': 'tls1.3'}",7149,7149
"2024-12-03T18:36:24+00:00","http_req_failed","","default","https://your-username.pythonanywhere.com/client_login","POST","404","false","amazon:us:columbus","{'url': 'https://your-username.pythonanywhere.com/client_login', 'proto': 'HTTP/1.1', 'error_code': '1404', 'tls_version': 'tls1.3'}",7011,7011
"2024-12-03T18:36:27+00:00","http_req_failed","","default","https://your-username.pythonanywhere.com/client_login","POST","404","false","amazon:us:columbus","{'url': 'https://your-username.pythonanywhere.com/client_login', 'proto': 'HTTP/1.1', 'error_code': '1404', 'tls_version': 'tls1.3'}",6561,6561
"2024-12-03T18:36:30+00:00","http_req_failed","","default","https://your-username.pythonanywhere.com/client_login","POST","404","false","amazon:us:columbus","{'url': 'https://your-username.pythonanywhere.com/client_login', 'proto': 'HTTP/1.1', 'error_code': '1404', 'tls_version': 'tls1.3'}",6292,6292
"2024-12-03T18:36:33+00:00","http_req_failed","","default","https://your-username.pythonanywhere.com/client_login","POST","404","false","amazon:us:columbus","{'url': 'https://your-username.pythonanywhere.com/client_login', 'proto': 'HTTP/1.1', 'error_code': '1404', 'tls_version': 'tls1.3'}",5929,5929
"2024-12-03T18:36:36+00:00","http_req_failed","","default","https://your-username.pythonanywhere.com/client_login","POST","404","false","amazon:us:columbus","{'url': 'https://your-username.pythonanywhere.com/client_login', 'proto': 'HTTP/1.1', 'error_code': '1404', 'tls_version': 'tls1.3'}",5554,5554
"2024-12-03T18:36:39+00:00","http_req_failed","","default","https://your-username.pythonanywhere.com/client_login","POST","404","false","amazon:us:columbus","{'url': 'https://your-username.pythonanywhere.com/client_login', 'proto': 'HTTP/1.1', 'error_code': '1404', 'tls_version': 'tls1.3'}",5176,5176
"2024-12-03T18:36:42+00:00","http_req_failed","","default","https://your-username.pythonanywhere.com/client_login","POST","404","false","amazon:us:columbus","{'url': 'https://your-username.pythonanywhere.com/client_login', 'proto': 'HTTP/1.1', 'error_code': '1404', 'tls_version': 'tls1.3'}",4842,4842
"2024-12-03T18:36:45+00:00","http_req_failed","","default","https://your-username.pythonanywhere.com/client_login","POST","404","false","amazon:us:columbus","{'url': 'https://your-username.pythonanywhere.com/client_login', 'proto': 'HTTP/1.1', 'error_code': '1404', 'tls_version': 'tls1.3'}",4466,4466
"2024-12-03T18:36:48+00:00","http_req_failed","","default","https://your-username.pythonanywhere.com/client_login","POST","404","false","amazon:us:columbus","{'url': 'https://your-username.pythonanywhere.com/client_login', 'proto': 'HTTP/1.1', 'error_code': '1404', 'tls_version': 'tls1.3'}",4123,4123
"2024-12-03T18:36:51+00:00","http_req_failed","","default","https://your-username.pythonanywhere.com/client_login","POST","404","false","amazon:us:columbus","{'url': 'https://your-username.pythonanywhere.com/client_login', 'proto': 'HTTP/1.1', 'error_code': '1404', 'tls_version': 'tls1.3'}",3758,3758
"2024-12-03T18:36:54+00:00","http_req_failed","","default","https://your-username.pythonanywhere.com/client_login","POST","404","false","amazon:us:columbus","{'url': 'https://your-username.pythonanywhere.com/client_login', 'proto': 'HTTP/1.1', 'error_code': '1404', 'tls_version': 'tls1.3'}",3365,3365
"2024-12-03T18:36:57+00:00","http_req_failed","","default","https://your-username.pythonanywhere.com/client_login","POST","404","false","amazon:us:columbus","{'url': 'https://your-username.pythonanywhere.com/client_login', 'proto': 'HTTP/1.1', 'error_code': '1404', 'tls_version': 'tls1.3'}",3026,3026
"2024-12-03T18:37:00+00:00","http_req_failed","","default","https://your-username.pythonanywhere.com/client_login","POST","404","false","amazon:us:columbus","{'url': 'https://your-username.pythonanywhere.com/client_login', 'proto': 'HTTP/1.1', 'error_code': '1404', 'tls_version': 'tls1.3'}",2659,2659
"2024-12-03T18:37:03+00:00","http_req_failed","","default","https://your-username.pythonanywhere.com/client_login","POST","404","false","amazon:us:columbus","{'url': 'https://your-username.pythonanywhere.com/client_login', 'proto': 'HTTP/1.1', 'error_code': '1404', 'tls_version': 'tls1.3'}",2310,2310
"2024-12-03T18:37:06+00:00","http_req_failed","","default","https://your-username.pythonanywhere.com/client_login","POST","404","false","amazon:us:columbus","{'url': 'https://your-username.pythonanywhere.com/client_login', 'proto': 'HTTP/1.1', 'error_code': '1404', 'tls_version': 'tls1.3'}",1947,1947
"2024-12-03T18:37:09+00:00","http_req_failed","","default","https://your-username.pythonanywhere.com/client_login","POST","404","false","amazon:us:columbus","{'url': 'https://your-username.pythonanywhere.com/client_login', 'proto': 'HTTP/1.1', 'error_code': '1404', 'tls_version': 'tls1.3'}",1580,1580
"2024-12-03T18:37:12+00:00","http_req_failed","","default","https://your-username.pythonanywhere.com/client_login","POST","404","false","amazon:us:columbus","{'url': 'https://your-username.pythonanywhere.com/client_login', 'proto': 'HTTP/1.1', 'error_code': '1404', 'tls_version': 'tls1.3'}",1215,1215
"2024-12-03T18:37:15+00:00","http_req_failed","","default","https://your-username.pythonanywhere.com/client_login","POST","404","false","amazon:us:columbus","{'url': 'https://your-username.pythonanywhere.com/client_login', 'proto': 'HTTP/1.1', 'error_code': '1404', 'tls_version': 'tls1.3'}",839,839
"2024-12-03T18:37:18+00:00","http_req_failed","","default","https://your-username.pythonanywhere.com/client_login","POST","404","false","amazon:us:columbus","{'url': 'https://your-username.pythonanywhere.com/client_login', 'proto': 'HTTP/1.1', 'error_code': '1404', 'tls_version': 'tls1.3'}",489,489
"2024-12-03T18:37:21+00:00","http_req_failed","","default","https://your-username.pythonanywhere.com/client_login","POST","404","false","amazon:us:columbus","{'url': 'https://your-username.pythonanywhere.com/client_login', 'proto': 'HTTP/1.1', 'error_code': '1404', 'tls_version': 'tls1.3'}",132,132
