"time","metric","scenario","group","check","load_zone","tags","nz_count","count"
"2024-12-03T18:42:09+00:00","checks","default","","Login: is status 200","amazon:us:columbus","{}",0,100
"2024-12-03T18:42:09+00:00","checks","default","","Registration: is status 200","amazon:us:columbus","{}",0,101
"2024-12-03T18:42:12+00:00","checks","default","","Login: is status 200","amazon:us:columbus","{}",0,229
"2024-12-03T18:42:12+00:00","checks","default","","Registration: is status 200","amazon:us:columbus","{}",0,229
"2024-12-03T18:42:15+00:00","checks","default","","Login: is status 200","amazon:us:columbus","{}",0,347
"2024-12-03T18:42:15+00:00","checks","default","","Registration: is status 200","amazon:us:columbus","{}",0,349
"2024-12-03T18:42:18+00:00","checks","default","","Login: is status 200","amazon:us:columbus","{}",0,479
"2024-12-03T18:42:18+00:00","checks","default","","Registration: is status 200","amazon:us:columbus","{}",0,477
"2024-12-03T18:42:21+00:00","checks","default","","Login: is status 200","amazon:us:columbus","{}",0,603
"2024-12-03T18:42:21+00:00","checks","default","","Registration: is status 200","amazon:us:columbus","{}",0,603
"2024-12-03T18:42:24+00:00","checks","default","","Login: is status 200","amazon:us:columbus","{}",0,730
"2024-12-03T18:42:24+00:00","checks","default","","Registration: is status 200","amazon:us:columbus","{}",0,733
"2024-12-03T18:42:27+00:00","checks","default","","Login: is status 200","amazon:us:columbus","{}",0,860
"2024-12-03T18:42:27+00:00","checks","default","","Registration: is status 200","amazon:us:columbus","{}",0,857
"2024-12-03T18:42:30+00:00","checks","default","","Login: is status 200","amazon:us:columbus","{}",0,996
"2024-12-03T18:42:30+00:00","checks","default","","Registration: is status 200","amazon:us:columbus","{}",0,998
"2024-12-03T18:42:33+00:00","checks","default","","Login: is status 200","amazon:us:columbus","{}",0,1121
"2024-12-03T18:42:33+00:00","checks","default","","Registration: is status 200","amazon:us:columbus","{}",0,1121
"2024-12-03T18:42:36+00:00","checks","default","","Login: is status 200","amazon:us:columbus","{}",0,1253
"2024-12-03T18:42:36+00:00","checks","default","","Registration: is status 200","amazon:us:columbus","{}",0,1253
"2024-12-03T18:42:39+00:00","checks","default","","Login: is status 200","amazon:us:columbus","{}",0,1366
"2024-12-03T18:42:39+00:00","checks","default","","Registration: is status 200","amazon:us:columbus","{}",0,1368
"2024-12-03T18:42:42+00:00","checks","default","","Login: is status 200","amazon:us:columbus","{}",0,1397
"2024-12-03T18:42:42+00:00","checks","default","","Registration: is status 200","amazon:us:columbus","{}",0,1395
"2024-12-03T18:42:45+00:00","checks","default","","Login: is status 200","amazon:us:columbus","{}",0,1513
"2024-12-03T18:42:45+00:00","checks","default","","Registration: is status 200","amazon:us:columbus","{}",0,1515
"2024-12-03T18:42:48+00:00","checks","default","","Login: is status 200","amazon:us:columbus","{}",0,1525
"2024-12-03T18:42:48+00:00","checks","default","","Registration: is status 200","amazon:us:columbus","{}",0,1525
"2024-12-03T18:42:51+00:00","checks","default","","Login: is status 200","amazon:us:columbus","{}",0,1628
"2024-12-03T18:42:51+00:00","checks","default","","Registration: is status 200","amazon:us:columbus","{}",0,1628
"2024-12-03T18:42:54+00:00","checks","default","","Login: is status 200","amazon:us:columbus","{}",0,1683
"2024-12-03T18:42:54+00:00","checks","default","","Registration: is status 200","amazon:us:columbus","{}",0,1684
"2024-12-03T18:42:57+00:00","checks","default","","Login: is status 200","amazon:us:columbus","{}",0,1798
"2024-12-03T18:42:57+00:00","checks","default","","Registration: is status 200","amazon:us:columbus","{}",0,1799
"2024-12-03T18:43:00+00:00","checks","default","","Login: is status 200","amazon:us:columbus","{}",0,1823
"2024-12-03T18:43:00+00:00","checks","default","","Registration: is status 200","amazon:us:columbus","{}",0,1823
"2024-12-03T18:43:03+00:00","checks","default","","Login: is status 200","amazon:us:columbus","{}",0,1929
"2024-12-03T18:43:03+00:00","checks","default","","Registration: is status 200","amazon:us:columbus","{}",0,1931
"2024-12-03T18:43:06+00:00","checks","default","","Login: is status 200","amazon:us:columbus","{}",0,1977
"2024-12-03T18:43:06+00:00","checks","default","","Registration: is status 200","amazon:us:columbus","{}",0,1978
"2024-12-03T18:43:09+00:00","checks","default","","Login: is status 200","amazon:us:columbus","{}",0,2087
"2024-12-03T18:43:09+00:00","checks","default","","Registration: is status 200","amazon:us:columbus","{}",0,2083
"2024-12-03T18:43:12+00:00","checks","default","","Login: is status 200","amazon:us:columbus","{}",0,2132
"2024-12-03T18:43:12+00:00","checks","default","","Registration: is status 200","amazon:us:columbus","{}",0,2135
"2024-12-03T18:43:15+00:00","checks","default","","Login: is status 200","amazon:us:columbus","{}",0,2226
"2024-12-03T18:43:15+00:00","checks","default","","Registration: is status 200","amazon:us:columbus","{}",0,2227
"2024-12-03T18:43:18+00:00","checks","default","","Login: is status 200","amazon:us:columbus","{}",0,2223
"2024-12-03T18:43:18+00:00","checks","default","","Registration: is status 200","amazon:us:columbus","{}",0,2220
"2024-12-03T18:43:21+00:00","checks","default","","Login: is status 200","amazon:us:columbus","{}",0,2342
"2024-12-03T18:43:21+00:00","checks","default","","Registration: is status 200","amazon:us:columbus","{}",0,2342
"2024-12-03T18:43:24+00:00","checks","default","","Login: is status 200","amazon:us:columbus","{}",0,2364
"2024-12-03T18:43:24+00:00","checks","default","","Registration: is status 200","amazon:us:columbus","{}",0,2362
"2024-12-03T18:43:27+00:00","checks","default","","Login: is status 200","amazon:us:columbus","{}",0,2458
"2024-12-03T18:43:27+00:00","checks","default","","Registration: is status 200","amazon:us:columbus","{}",0,2461
"2024-12-03T18:43:30+00:00","checks","default","","Login: is status 200","amazon:us:columbus","{}",0,2454
"2024-12-03T18:43:30+00:00","checks","default","","Registration: is status 200","amazon:us:columbus","{}",0,2454
"2024-12-03T18:43:33+00:00","checks","default","","Login: is status 200","amazon:us:columbus","{}",0,2619
"2024-12-03T18:43:33+00:00","checks","default","","Registration: is status 200","amazon:us:columbus","{}",0,2616
"2024-12-03T18:43:36+00:00","checks","default","","Login: is status 200","amazon:us:columbus","{}",0,2682
"2024-12-03T18:43:36+00:00","checks","default","","Registration: is status 200","amazon:us:columbus","{}",0,2687
"2024-12-03T18:43:39+00:00","checks","default","","Login: is status 200","amazon:us:columbus","{}",0,2751
"2024-12-03T18:43:39+00:00","checks","default","","Registration: is status 200","amazon:us:columbus","{}",0,2751
"2024-12-03T18:43:42+00:00","checks","default","","Login: is status 200","amazon:us:columbus","{}",0,2872
"2024-12-03T18:43:42+00:00","checks","default","","Registration: is status 200","amazon:us:columbus","{}",0,2872
"2024-12-03T18:43:45+00:00","checks","default","","Login: is status 200","amazon:us:columbus","{}",0,2918
"2024-12-03T18:43:45+00:00","checks","default","","Registration: is status 200","amazon:us:columbus","{}",0,2920
"2024-12-03T18:43:48+00:00","checks","default","","Login: is status 200","amazon:us:columbus","{}",0,3096
"2024-12-03T18:43:48+00:00","checks","default","","Registration: is status 200","amazon:us:columbus","{}",0,3096
"2024-12-03T18:43:51+00:00","checks","default","","Login: is status 200","amazon:us:columbus","{}",0,3197
"2024-12-03T18:43:51+00:00","checks","default","","Registration: is status 200","amazon:us:columbus","{}",0,3197
"2024-12-03T18:43:54+00:00","checks","default","","Login: is status 200","amazon:us:columbus","{}",0,3272
"2024-12-03T18:43:54+00:00","checks","default","","Registration: is status 200","amazon:us:columbus","{}",0,3272
"2024-12-03T18:43:57+00:00","checks","default","","Login: is status 200","amazon:us:columbus","{}",0,3368
"2024-12-03T18:43:57+00:00","checks","default","","Registration: is status 200","amazon:us:columbus","{}",0,3368
"2024-12-03T18:44:00+00:00","checks","default","","Login: is status 200","amazon:us:columbus","{}",0,3486
"2024-12-03T18:44:00+00:00","checks","default","","Registration: is status 200","amazon:us:columbus","{}",0,3489
"2024-12-03T18:44:03+00:00","checks","default","","Login: is status 200","amazon:us:columbus","{}",0,3610
"2024-12-03T18:44:03+00:00","checks","default","","Registration: is status 200","amazon:us:columbus","{}",0,3612
"2024-12-03T18:44:06+00:00","checks","default","","Login: is status 200","amazon:us:columbus","{}",0,3686
"2024-12-03T18:44:06+00:00","checks","default","","Registration: is status 200","amazon:us:columbus","{}",0,3683
"2024-12-03T18:44:09+00:00","checks","default","","Login: is status 200","amazon:us:columbus","{}",0,3777
"2024-12-03T18:44:09+00:00","checks","default","","Registration: is status 200","amazon:us:columbus","{}",0,3775
"2024-12-03T18:44:12+00:00","checks","default","","Login: is status 200","amazon:us:columbus","{}",0,3874
"2024-12-03T18:44:12+00:00","checks","default","","Registration: is status 200","amazon:us:columbus","{}",0,3878
"2024-12-03T18:44:15+00:00","checks","default","","Login: is status 200","amazon:us:columbus","{}",0,4018
"2024-12-03T18:44:15+00:00","checks","default","","Registration: is status 200","amazon:us:columbus","{}",0,4014
"2024-12-03T18:44:18+00:00","checks","default","","Login: is status 200","amazon:us:columbus","{}",0,4090
"2024-12-03T18:44:18+00:00","checks","default","","Registration: is status 200","amazon:us:columbus","{}",0,4092
"2024-12-03T18:44:21+00:00","checks","default","","Login: is status 200","amazon:us:columbus","{}",0,4204
"2024-12-03T18:44:21+00:00","checks","default","","Registration: is status 200","amazon:us:columbus","{}",0,4208
"2024-12-03T18:44:24+00:00","checks","default","","Login: is status 200","amazon:us:columbus","{}",0,4309
"2024-12-03T18:44:24+00:00","checks","default","","Registration: is status 200","amazon:us:columbus","{}",0,4305
"2024-12-03T18:44:27+00:00","checks","default","","Login: is status 200","amazon:us:columbus","{}",0,4377
"2024-12-03T18:44:27+00:00","checks","default","","Registration: is status 200","amazon:us:columbus","{}",0,4382
"2024-12-03T18:44:30+00:00","checks","default","","Login: is status 200","amazon:us:columbus","{}",0,4469
"2024-12-03T18:44:30+00:00","checks","default","","Registration: is status 200","amazon:us:columbus","{}",0,4459
"2024-12-03T18:44:33+00:00","checks","default","","Login: is status 200","amazon:us:columbus","{}",0,4526
"2024-12-03T18:44:33+00:00","checks","default","","Registration: is status 200","amazon:us:columbus","{}",0,4535
"2024-12-03T18:44:36+00:00","checks","default","","Login: is status 200","amazon:us:columbus","{}",0,4660
"2024-12-03T18:44:36+00:00","checks","default","","Registration: is status 200","amazon:us:columbus","{}",0,4655
"2024-12-03T18:44:39+00:00","checks","default","","Login: is status 200","amazon:us:columbus","{}",0,4817
"2024-12-03T18:44:39+00:00","checks","default","","Registration: is status 200","amazon:us:columbus","{}",0,4819
"2024-12-03T18:44:42+00:00","checks","default","","Login: is status 200","amazon:us:columbus","{}",0,4891
"2024-12-03T18:44:42+00:00","checks","default","","Registration: is status 200","amazon:us:columbus","{}",0,4895
"2024-12-03T18:44:45+00:00","checks","default","","Login: is status 200","amazon:us:columbus","{}",0,4972
"2024-12-03T18:44:45+00:00","checks","default","","Registration: is status 200","amazon:us:columbus","{}",0,4975
"2024-12-03T18:44:48+00:00","checks","default","","Login: is status 200","amazon:us:columbus","{}",0,5027
"2024-12-03T18:44:48+00:00","checks","default","","Registration: is status 200","amazon:us:columbus","{}",0,5026
"2024-12-03T18:44:51+00:00","checks","default","","Login: is status 200","amazon:us:columbus","{}",0,5228
"2024-12-03T18:44:51+00:00","checks","default","","Registration: is status 200","amazon:us:columbus","{}",0,5225
"2024-12-03T18:44:54+00:00","checks","default","","Login: is status 200","amazon:us:columbus","{}",0,5272
"2024-12-03T18:44:54+00:00","checks","default","","Registration: is status 200","amazon:us:columbus","{}",0,5270
"2024-12-03T18:44:57+00:00","checks","default","","Login: is status 200","amazon:us:columbus","{}",0,5254
"2024-12-03T18:44:57+00:00","checks","default","","Registration: is status 200","amazon:us:columbus","{}",0,5253
"2024-12-03T18:45:00+00:00","checks","default","","Login: is status 200","amazon:us:columbus","{}",0,5456
"2024-12-03T18:45:00+00:00","checks","default","","Registration: is status 200","amazon:us:columbus","{}",0,5459
"2024-12-03T18:45:03+00:00","checks","default","","Login: is status 200","amazon:us:columbus","{}",0,5574
"2024-12-03T18:45:03+00:00","checks","default","","Registration: is status 200","amazon:us:columbus","{}",0,5569
"2024-12-03T18:45:06+00:00","checks","default","","Login: is status 200","amazon:us:columbus","{}",0,5608
"2024-12-03T18:45:06+00:00","checks","default","","Registration: is status 200","amazon:us:columbus","{}",0,5615
"2024-12-03T18:45:09+00:00","checks","default","","Login: is status 200","amazon:us:columbus","{}",0,5690
"2024-12-03T18:45:09+00:00","checks","default","","Registration: is status 200","amazon:us:columbus","{}",0,5697
"2024-12-03T18:45:12+00:00","checks","default","","Login: is status 200","amazon:us:columbus","{}",0,5883
"2024-12-03T18:45:12+00:00","checks","default","","Registration: is status 200","amazon:us:columbus","{}",0,5877
"2024-12-03T18:45:15+00:00","checks","default","","Login: is status 200","amazon:us:columbus","{}",0,5789
"2024-12-03T18:45:15+00:00","checks","default","","Registration: is status 200","amazon:us:columbus","{}",0,5794
"2024-12-03T18:45:18+00:00","checks","default","","Login: is status 200","amazon:us:columbus","{}",0,5964
"2024-12-03T18:45:18+00:00","checks","default","","Registration: is status 200","amazon:us:columbus","{}",0,5962
"2024-12-03T18:45:21+00:00","checks","default","","Login: is status 200","amazon:us:columbus","{}",0,6045
"2024-12-03T18:45:21+00:00","checks","default","","Registration: is status 200","amazon:us:columbus","{}",0,6048
"2024-12-03T18:45:24+00:00","checks","default","","Login: is status 200","amazon:us:columbus","{}",0,6154
"2024-12-03T18:45:24+00:00","checks","default","","Registration: is status 200","amazon:us:columbus","{}",0,6153
"2024-12-03T18:45:27+00:00","checks","default","","Login: is status 200","amazon:us:columbus","{}",0,6157
"2024-12-03T18:45:27+00:00","checks","default","","Registration: is status 200","amazon:us:columbus","{}",0,6158
"2024-12-03T18:45:30+00:00","checks","default","","Login: is status 200","amazon:us:columbus","{}",0,6286
"2024-12-03T18:45:30+00:00","checks","default","","Registration: is status 200","amazon:us:columbus","{}",0,6276
"2024-12-03T18:45:33+00:00","checks","default","","Login: is status 200","amazon:us:columbus","{}",0,6311
"2024-12-03T18:45:33+00:00","checks","default","","Registration: is status 200","amazon:us:columbus","{}",0,6320
"2024-12-03T18:45:36+00:00","checks","default","","Login: is status 200","amazon:us:columbus","{}",0,6478
"2024-12-03T18:45:36+00:00","checks","default","","Registration: is status 200","amazon:us:columbus","{}",0,6468
"2024-12-03T18:45:39+00:00","checks","default","","Login: is status 200","amazon:us:columbus","{}",0,6600
"2024-12-03T18:45:39+00:00","checks","default","","Registration: is status 200","amazon:us:columbus","{}",0,6608
"2024-12-03T18:45:42+00:00","checks","default","","Login: is status 200","amazon:us:columbus","{}",0,6392
"2024-12-03T18:45:42+00:00","checks","default","","Registration: is status 200","amazon:us:columbus","{}",0,6389
"2024-12-03T18:45:45+00:00","checks","default","","Login: is status 200","amazon:us:columbus","{}",0,5973
"2024-12-03T18:45:45+00:00","checks","default","","Registration: is status 200","amazon:us:columbus","{}",0,5975
"2024-12-03T18:45:48+00:00","checks","default","","Login: is status 200","amazon:us:columbus","{}",0,5713
"2024-12-03T18:45:48+00:00","checks","default","","Registration: is status 200","amazon:us:columbus","{}",0,5705
"2024-12-03T18:45:51+00:00","checks","default","","Login: is status 200","amazon:us:columbus","{}",0,5425
"2024-12-03T18:45:51+00:00","checks","default","","Registration: is status 200","amazon:us:columbus","{}",0,5427
"2024-12-03T18:45:54+00:00","checks","default","","Login: is status 200","amazon:us:columbus","{}",0,5139
"2024-12-03T18:45:54+00:00","checks","default","","Registration: is status 200","amazon:us:columbus","{}",0,5139
"2024-12-03T18:45:57+00:00","checks","default","","Login: is status 200","amazon:us:columbus","{}",0,4837
"2024-12-03T18:45:57+00:00","checks","default","","Registration: is status 200","amazon:us:columbus","{}",0,4839
"2024-12-03T18:46:00+00:00","checks","default","","Login: is status 200","amazon:us:columbus","{}",0,4477
"2024-12-03T18:46:00+00:00","checks","default","","Registration: is status 200","amazon:us:columbus","{}",0,4474
"2024-12-03T18:46:03+00:00","checks","default","","Login: is status 200","amazon:us:columbus","{}",0,4198
"2024-12-03T18:46:03+00:00","checks","default","","Registration: is status 200","amazon:us:columbus","{}",0,4195
"2024-12-03T18:46:06+00:00","checks","default","","Login: is status 200","amazon:us:columbus","{}",0,3821
"2024-12-03T18:46:06+00:00","checks","default","","Registration: is status 200","amazon:us:columbus","{}",0,3819
"2024-12-03T18:46:09+00:00","checks","default","","Login: is status 200","amazon:us:columbus","{}",0,3470
"2024-12-03T18:46:09+00:00","checks","default","","Registration: is status 200","amazon:us:columbus","{}",0,3472
"2024-12-03T18:46:12+00:00","checks","default","","Login: is status 200","amazon:us:columbus","{}",0,3183
"2024-12-03T18:46:12+00:00","checks","default","","Registration: is status 200","amazon:us:columbus","{}",0,3179
"2024-12-03T18:46:15+00:00","checks","default","","Login: is status 200","amazon:us:columbus","{}",0,2773
"2024-12-03T18:46:15+00:00","checks","default","","Registration: is status 200","amazon:us:columbus","{}",0,2770
"2024-12-03T18:46:18+00:00","checks","default","","Login: is status 200","amazon:us:columbus","{}",0,2471
"2024-12-03T18:46:18+00:00","checks","default","","Registration: is status 200","amazon:us:columbus","{}",0,2472
"2024-12-03T18:46:21+00:00","checks","default","","Login: is status 200","amazon:us:columbus","{}",0,2126
"2024-12-03T18:46:21+00:00","checks","default","","Registration: is status 200","amazon:us:columbus","{}",0,2127
"2024-12-03T18:46:24+00:00","checks","default","","Login: is status 200","amazon:us:columbus","{}",0,1737
"2024-12-03T18:46:24+00:00","checks","default","","Registration: is status 200","amazon:us:columbus","{}",0,1731
"2024-12-03T18:46:27+00:00","checks","default","","Login: is status 200","amazon:us:columbus","{}",0,1409
"2024-12-03T18:46:27+00:00","checks","default","","Registration: is status 200","amazon:us:columbus","{}",0,1414
"2024-12-03T18:46:30+00:00","checks","default","","Login: is status 200","amazon:us:columbus","{}",0,1053
"2024-12-03T18:46:30+00:00","checks","default","","Registration: is status 200","amazon:us:columbus","{}",0,1048
"2024-12-03T18:46:33+00:00","checks","default","","Login: is status 200","amazon:us:columbus","{}",0,685
"2024-12-03T18:46:33+00:00","checks","default","","Registration: is status 200","amazon:us:columbus","{}",0,685
"2024-12-03T18:46:36+00:00","checks","default","","Login: is status 200","amazon:us:columbus","{}",0,352
"2024-12-03T18:46:36+00:00","checks","default","","Registration: is status 200","amazon:us:columbus","{}",0,351
"2024-12-03T18:46:39+00:00","checks","default","","Login: is status 200","amazon:us:columbus","{}",0,41
"2024-12-03T18:46:39+00:00","checks","default","","Registration: is status 200","amazon:us:columbus","{}",0,40
