"time","metric","scenario","group","load_zone","tags","count"
"2024-12-03T18:42:09+00:00","iterations","default","","amazon:us:columbus","{}",100
"2024-12-03T18:42:12+00:00","iterations","default","","amazon:us:columbus","{}",229
"2024-12-03T18:42:15+00:00","iterations","default","","amazon:us:columbus","{}",347
"2024-12-03T18:42:18+00:00","iterations","default","","amazon:us:columbus","{}",479
"2024-12-03T18:42:21+00:00","iterations","default","","amazon:us:columbus","{}",603
"2024-12-03T18:42:24+00:00","iterations","default","","amazon:us:columbus","{}",730
"2024-12-03T18:42:27+00:00","iterations","default","","amazon:us:columbus","{}",860
"2024-12-03T18:42:30+00:00","iterations","default","","amazon:us:columbus","{}",996
"2024-12-03T18:42:33+00:00","iterations","default","","amazon:us:columbus","{}",1121
"2024-12-03T18:42:36+00:00","iterations","default","","amazon:us:columbus","{}",1253
"2024-12-03T18:42:39+00:00","iterations","default","","amazon:us:columbus","{}",1366
"2024-12-03T18:42:42+00:00","iterations","default","","amazon:us:columbus","{}",1397
"2024-12-03T18:42:45+00:00","iterations","default","","amazon:us:columbus","{}",1513
"2024-12-03T18:42:48+00:00","iterations","default","","amazon:us:columbus","{}",1525
"2024-12-03T18:42:51+00:00","iterations","default","","amazon:us:columbus","{}",1628
"2024-12-03T18:42:54+00:00","iterations","default","","amazon:us:columbus","{}",1683
"2024-12-03T18:42:57+00:00","iterations","default","","amazon:us:columbus","{}",1798
"2024-12-03T18:43:00+00:00","iterations","default","","amazon:us:columbus","{}",1823
"2024-12-03T18:43:03+00:00","iterations","default","","amazon:us:columbus","{}",1929
"2024-12-03T18:43:06+00:00","iterations","default","","amazon:us:columbus","{}",1977
"2024-12-03T18:43:09+00:00","iterations","default","","amazon:us:columbus","{}",2087
"2024-12-03T18:43:12+00:00","iterations","default","","amazon:us:columbus","{}",2132
"2024-12-03T18:43:15+00:00","iterations","default","","amazon:us:columbus","{}",2226
"2024-12-03T18:43:18+00:00","iterations","default","","amazon:us:columbus","{}",2223
"2024-12-03T18:43:21+00:00","iterations","default","","amazon:us:columbus","{}",2342
"2024-12-03T18:43:24+00:00","iterations","default","","amazon:us:columbus","{}",2364
"2024-12-03T18:43:27+00:00","iterations","default","","amazon:us:columbus","{}",2458
"2024-12-03T18:43:30+00:00","iterations","default","","amazon:us:columbus","{}",2454
"2024-12-03T18:43:33+00:00","iterations","default","","amazon:us:columbus","{}",2619
"2024-12-03T18:43:36+00:00","iterations","default","","amazon:us:columbus","{}",2682
"2024-12-03T18:43:39+00:00","iterations","default","","amazon:us:columbus","{}",2751
"2024-12-03T18:43:42+00:00","iterations","default","","amazon:us:columbus","{}",2872
"2024-12-03T18:43:45+00:00","iterations","default","","amazon:us:columbus","{}",2918
"2024-12-03T18:43:48+00:00","iterations","default","","amazon:us:columbus","{}",3096
"2024-12-03T18:43:51+00:00","iterations","default","","amazon:us:columbus","{}",3197
"2024-12-03T18:43:54+00:00","iterations","default","","amazon:us:columbus","{}",3272
"2024-12-03T18:43:57+00:00","iterations","default","","amazon:us:columbus","{}",3368
"2024-12-03T18:44:00+00:00","iterations","default","","amazon:us:columbus","{}",3486
"2024-12-03T18:44:03+00:00","iterations","default","","amazon:us:columbus","{}",3610
"2024-12-03T18:44:06+00:00","iterations","default","","amazon:us:columbus","{}",3686
"2024-12-03T18:44:09+00:00","iterations","default","","amazon:us:columbus","{}",3777
"2024-12-03T18:44:12+00:00","iterations","default","","amazon:us:columbus","{}",3874
"2024-12-03T18:44:15+00:00","iterations","default","","amazon:us:columbus","{}",4018
"2024-12-03T18:44:18+00:00","iterations","default","","amazon:us:columbus","{}",4090
"2024-12-03T18:44:21+00:00","iterations","default","","amazon:us:columbus","{}",4204
"2024-12-03T18:44:24+00:00","iterations","default","","amazon:us:columbus","{}",4309
"2024-12-03T18:44:27+00:00","iterations","default","","amazon:us:columbus","{}",4377
"2024-12-03T18:44:30+00:00","iterations","default","","amazon:us:columbus","{}",4469
"2024-12-03T18:44:33+00:00","iterations","default","","amazon:us:columbus","{}",4526
"2024-12-03T18:44:36+00:00","iterations","default","","amazon:us:columbus","{}",4660
"2024-12-03T18:44:39+00:00","iterations","default","","amazon:us:columbus","{}",4817
"2024-12-03T18:44:42+00:00","iterations","default","","amazon:us:columbus","{}",4891
"2024-12-03T18:44:45+00:00","iterations","default","","amazon:us:columbus","{}",4972
"2024-12-03T18:44:48+00:00","iterations","default","","amazon:us:columbus","{}",5027
"2024-12-03T18:44:51+00:00","iterations","default","","amazon:us:columbus","{}",5228
"2024-12-03T18:44:54+00:00","iterations","default","","amazon:us:columbus","{}",5272
"2024-12-03T18:44:57+00:00","iterations","default","","amazon:us:columbus","{}",5254
"2024-12-03T18:45:00+00:00","iterations","default","","amazon:us:columbus","{}",5456
"2024-12-03T18:45:03+00:00","iterations","default","","amazon:us:columbus","{}",5574
"2024-12-03T18:45:06+00:00","iterations","default","","amazon:us:columbus","{}",5608
"2024-12-03T18:45:09+00:00","iterations","default","","amazon:us:columbus","{}",5690
"2024-12-03T18:45:12+00:00","iterations","default","","amazon:us:columbus","{}",5883
"2024-12-03T18:45:15+00:00","iterations","default","","amazon:us:columbus","{}",5789
"2024-12-03T18:45:18+00:00","iterations","default","","amazon:us:columbus","{}",5964
"2024-12-03T18:45:21+00:00","iterations","default","","amazon:us:columbus","{}",6045
"2024-12-03T18:45:24+00:00","iterations","default","","amazon:us:columbus","{}",6154
"2024-12-03T18:45:27+00:00","iterations","default","","amazon:us:columbus","{}",6157
"2024-12-03T18:45:30+00:00","iterations","default","","amazon:us:columbus","{}",6286
"2024-12-03T18:45:33+00:00","iterations","default","","amazon:us:columbus","{}",6311
"2024-12-03T18:45:36+00:00","iterations","default","","amazon:us:columbus","{}",6478
"2024-12-03T18:45:39+00:00","iterations","default","","amazon:us:columbus","{}",6600
"2024-12-03T18:45:42+00:00","iterations","default","","amazon:us:columbus","{}",6392
"2024-12-03T18:45:45+00:00","iterations","default","","amazon:us:columbus","{}",5973
"2024-12-03T18:45:48+00:00","iterations","default","","amazon:us:columbus","{}",5713
"2024-12-03T18:45:51+00:00","iterations","default","","amazon:us:columbus","{}",5425
"2024-12-03T18:45:54+00:00","iterations","default","","amazon:us:columbus","{}",5139
"2024-12-03T18:45:57+00:00","iterations","default","","amazon:us:columbus","{}",4837
"2024-12-03T18:46:00+00:00","iterations","default","","amazon:us:columbus","{}",4477
"2024-12-03T18:46:03+00:00","iterations","default","","amazon:us:columbus","{}",4198
"2024-12-03T18:46:06+00:00","iterations","default","","amazon:us:columbus","{}",3821
"2024-12-03T18:46:09+00:00","iterations","default","","amazon:us:columbus","{}",3470
"2024-12-03T18:46:12+00:00","iterations","default","","amazon:us:columbus","{}",3183
"2024-12-03T18:46:15+00:00","iterations","default","","amazon:us:columbus","{}",2773
"2024-12-03T18:46:18+00:00","iterations","default","","amazon:us:columbus","{}",2471
"2024-12-03T18:46:21+00:00","iterations","default","","amazon:us:columbus","{}",2126
"2024-12-03T18:46:24+00:00","iterations","default","","amazon:us:columbus","{}",1737
"2024-12-03T18:46:27+00:00","iterations","default","","amazon:us:columbus","{}",1409
"2024-12-03T18:46:30+00:00","iterations","default","","amazon:us:columbus","{}",1053
"2024-12-03T18:46:33+00:00","iterations","default","","amazon:us:columbus","{}",685
"2024-12-03T18:46:36+00:00","iterations","default","","amazon:us:columbus","{}",352
"2024-12-03T18:46:39+00:00","iterations","default","","amazon:us:columbus","{}",41
