"time","metric","scenario","group","load_zone","tags","count"
"2024-12-03T18:42:09+00:00","data_sent","default","","amazon:us:columbus","{}",62197
"2024-12-03T18:42:12+00:00","data_sent","default","","amazon:us:columbus","{}",142477
"2024-12-03T18:42:15+00:00","data_sent","default","","amazon:us:columbus","{}",216184
"2024-12-03T18:42:18+00:00","data_sent","default","","amazon:us:columbus","{}",298452
"2024-12-03T18:42:21+00:00","data_sent","default","","amazon:us:columbus","{}",374968
"2024-12-03T18:42:24+00:00","data_sent","default","","amazon:us:columbus","{}",454071
"2024-12-03T18:42:27+00:00","data_sent","default","","amazon:us:columbus","{}",534713
"2024-12-03T18:42:30+00:00","data_sent","default","","amazon:us:columbus","{}",619519
"2024-12-03T18:42:33+00:00","data_sent","default","","amazon:us:columbus","{}",697120
"2024-12-03T18:42:36+00:00","data_sent","default","","amazon:us:columbus","{}",779437
"2024-12-03T18:42:39+00:00","data_sent","default","","amazon:us:columbus","{}",849698
"2024-12-03T18:42:42+00:00","data_sent","default","","amazon:us:columbus","{}",869135
"2024-12-03T18:42:45+00:00","data_sent","default","","amazon:us:columbus","{}",939959
"2024-12-03T18:42:48+00:00","data_sent","default","","amazon:us:columbus","{}",948847
"2024-12-03T18:42:51+00:00","data_sent","default","","amazon:us:columbus","{}",1012398
"2024-12-03T18:42:54+00:00","data_sent","default","","amazon:us:columbus","{}",1046248
"2024-12-03T18:42:57+00:00","data_sent","default","","amazon:us:columbus","{}",1118181
"2024-12-03T18:43:00+00:00","data_sent","default","","amazon:us:columbus","{}",1133578
"2024-12-03T18:43:03+00:00","data_sent","default","","amazon:us:columbus","{}",1199940
"2024-12-03T18:43:06+00:00","data_sent","default","","amazon:us:columbus","{}",1229986
"2024-12-03T18:43:09+00:00","data_sent","default","","amazon:us:columbus","{}",1297597
"2024-12-03T18:43:12+00:00","data_sent","default","","amazon:us:columbus","{}",1326635
"2024-12-03T18:43:15+00:00","data_sent","default","","amazon:us:columbus","{}",1383161
"2024-12-03T18:43:18+00:00","data_sent","default","","amazon:us:columbus","{}",1382581
"2024-12-03T18:43:21+00:00","data_sent","default","","amazon:us:columbus","{}",1457046
"2024-12-03T18:43:24+00:00","data_sent","default","","amazon:us:columbus","{}",1469791
"2024-12-03T18:43:27+00:00","data_sent","default","","amazon:us:columbus","{}",1528541
"2024-12-03T18:43:30+00:00","data_sent","default","","amazon:us:columbus","{}",1526320
"2024-12-03T18:43:33+00:00","data_sent","default","","amazon:us:columbus","{}",1628923
"2024-12-03T18:43:36+00:00","data_sent","default","","amazon:us:columbus","{}",1667940
"2024-12-03T18:43:39+00:00","data_sent","default","","amazon:us:columbus","{}",1710108
"2024-12-03T18:43:42+00:00","data_sent","default","","amazon:us:columbus","{}",1786226
"2024-12-03T18:43:45+00:00","data_sent","default","","amazon:us:columbus","{}",1815126
"2024-12-03T18:43:48+00:00","data_sent","default","","amazon:us:columbus","{}",1925067
"2024-12-03T18:43:51+00:00","data_sent","default","","amazon:us:columbus","{}",1988344
"2024-12-03T18:43:54+00:00","data_sent","default","","amazon:us:columbus","{}",2035018
"2024-12-03T18:43:57+00:00","data_sent","default","","amazon:us:columbus","{}",2094398
"2024-12-03T18:44:00+00:00","data_sent","default","","amazon:us:columbus","{}",2167720
"2024-12-03T18:44:03+00:00","data_sent","default","","amazon:us:columbus","{}",2244802
"2024-12-03T18:44:06+00:00","data_sent","default","","amazon:us:columbus","{}",2292675
"2024-12-03T18:44:09+00:00","data_sent","default","","amazon:us:columbus","{}",2349279
"2024-12-03T18:44:12+00:00","data_sent","default","","amazon:us:columbus","{}",2408527
"2024-12-03T18:44:15+00:00","data_sent","default","","amazon:us:columbus","{}",2498801
"2024-12-03T18:44:18+00:00","data_sent","default","","amazon:us:columbus","{}",2543998
"2024-12-03T18:44:21+00:00","data_sent","default","","amazon:us:columbus","{}",2614507
"2024-12-03T18:44:24+00:00","data_sent","default","","amazon:us:columbus","{}",2677895
"2024-12-03T18:44:27+00:00","data_sent","default","","amazon:us:columbus","{}",2723494
"2024-12-03T18:44:30+00:00","data_sent","default","","amazon:us:columbus","{}",2779175
"2024-12-03T18:44:33+00:00","data_sent","default","","amazon:us:columbus","{}",2815124
"2024-12-03T18:44:36+00:00","data_sent","default","","amazon:us:columbus","{}",2896493
"2024-12-03T18:44:39+00:00","data_sent","default","","amazon:us:columbus","{}",2996477
"2024-12-03T18:44:42+00:00","data_sent","default","","amazon:us:columbus","{}",3042150
"2024-12-03T18:44:45+00:00","data_sent","default","","amazon:us:columbus","{}",3091362
"2024-12-03T18:44:48+00:00","data_sent","default","","amazon:us:columbus","{}",3125221
"2024-12-03T18:44:51+00:00","data_sent","default","","amazon:us:columbus","{}",3251571
"2024-12-03T18:44:54+00:00","data_sent","default","","amazon:us:columbus","{}",3279680
"2024-12-03T18:44:57+00:00","data_sent","default","","amazon:us:columbus","{}",3267777
"2024-12-03T18:45:00+00:00","data_sent","default","","amazon:us:columbus","{}",3391666
"2024-12-03T18:45:03+00:00","data_sent","default","","amazon:us:columbus","{}",3466875
"2024-12-03T18:45:06+00:00","data_sent","default","","amazon:us:columbus","{}",3487461
"2024-12-03T18:45:09+00:00","data_sent","default","","amazon:us:columbus","{}",3537909
"2024-12-03T18:45:12+00:00","data_sent","default","","amazon:us:columbus","{}",3659164
"2024-12-03T18:45:15+00:00","data_sent","default","","amazon:us:columbus","{}",3601666
"2024-12-03T18:45:18+00:00","data_sent","default","","amazon:us:columbus","{}",3709537
"2024-12-03T18:45:21+00:00","data_sent","default","","amazon:us:columbus","{}",3756561
"2024-12-03T18:45:24+00:00","data_sent","default","","amazon:us:columbus","{}",3829236
"2024-12-03T18:45:27+00:00","data_sent","default","","amazon:us:columbus","{}",3827776
"2024-12-03T18:45:30+00:00","data_sent","default","","amazon:us:columbus","{}",3909081
"2024-12-03T18:45:33+00:00","data_sent","default","","amazon:us:columbus","{}",3926121
"2024-12-03T18:45:36+00:00","data_sent","default","","amazon:us:columbus","{}",4027562
"2024-12-03T18:45:39+00:00","data_sent","default","","amazon:us:columbus","{}",4102849
"2024-12-03T18:45:42+00:00","data_sent","default","","amazon:us:columbus","{}",3977149
"2024-12-03T18:45:45+00:00","data_sent","default","","amazon:us:columbus","{}",3714210
"2024-12-03T18:45:48+00:00","data_sent","default","","amazon:us:columbus","{}",3552223
"2024-12-03T18:45:51+00:00","data_sent","default","","amazon:us:columbus","{}",3372523
"2024-12-03T18:45:54+00:00","data_sent","default","","amazon:us:columbus","{}",3196536
"2024-12-03T18:45:57+00:00","data_sent","default","","amazon:us:columbus","{}",3008124
"2024-12-03T18:46:00+00:00","data_sent","default","","amazon:us:columbus","{}",2783867
"2024-12-03T18:46:03+00:00","data_sent","default","","amazon:us:columbus","{}",2610646
"2024-12-03T18:46:06+00:00","data_sent","default","","amazon:us:columbus","{}",2376563
"2024-12-03T18:46:09+00:00","data_sent","default","","amazon:us:columbus","{}",2156399
"2024-12-03T18:46:12+00:00","data_sent","default","","amazon:us:columbus","{}",1980395
"2024-12-03T18:46:15+00:00","data_sent","default","","amazon:us:columbus","{}",1725162
"2024-12-03T18:46:18+00:00","data_sent","default","","amazon:us:columbus","{}",1536037
"2024-12-03T18:46:21+00:00","data_sent","default","","amazon:us:columbus","{}",1322239
"2024-12-03T18:46:24+00:00","data_sent","default","","amazon:us:columbus","{}",1080686
"2024-12-03T18:46:27+00:00","data_sent","default","","amazon:us:columbus","{}",875666
"2024-12-03T18:46:30+00:00","data_sent","default","","amazon:us:columbus","{}",655157
"2024-12-03T18:46:33+00:00","data_sent","default","","amazon:us:columbus","{}",426460
"2024-12-03T18:46:36+00:00","data_sent","default","","amazon:us:columbus","{}",218441
"2024-12-03T18:46:39+00:00","data_sent","default","","amazon:us:columbus","{}",25566
