"time","metric","group","scenario","name","method","status","expected_response","load_zone","tags","count","min","mean","median","p95","p99","max","stdev"
"2024-12-03T18:42:09+00:00","http_req_duration","","default","https://your-username.pythonanywhere.com/client_login","POST","404","false","amazon:us:columbus","{'url': 'https://your-username.pythonanywhere.com/client_login', 'proto': 'HTTP/1.1', 'error_code': '1404', 'tls_version': 'tls1.3'}",100,9.406248,9.86558507,9.59899997711182,11.5830001831055,11.9039849472046,12.001507,0.627172973501322
"2024-12-03T18:42:09+00:00","http_req_duration","","default","https://your-username.pythonanywhere.com/client_register","POST","404","false","amazon:us:columbus","{'url': 'https://your-username.pythonanywhere.com/client_register', 'proto': 'HTTP/1.1', 'error_code': '1404', 'tls_version': 'tls1.3'}",101,9.416478,9.79376699009901,9.59899997711182,11.0710000991821,11.7749996185303,11.990466,0.515542873149275
"2024-12-03T18:42:12+00:00","http_req_duration","","default","https://your-username.pythonanywhere.com/client_login","POST","404","false","amazon:us:columbus","{'url': 'https://your-username.pythonanywhere.com/client_login', 'proto': 'HTTP/1.1', 'error_code': '1404', 'tls_version': 'tls1.3'}",229,9.242177,9.81943765502183,9.53499984741211,11.3269996643066,12.4073199462891,13.935223,0.694969846381809
"2024-12-03T18:42:12+00:00","http_req_duration","","default","https://your-username.pythonanywhere.com/client_register","POST","404","false","amazon:us:columbus","{'url': 'https://your-username.pythonanywhere.com/client_register', 'proto': 'HTTP/1.1', 'error_code': '1404', 'tls_version': 'tls1.3'}",229,9.27513,9.79895011353712,9.59899997711182,10.9813999176025,11.9951600646973,12.237288,0.559811497769582
"2024-12-03T18:42:15+00:00","http_req_duration","","default","https://your-username.pythonanywhere.com/client_login","POST","404","false","amazon:us:columbus","{'url': 'https://your-username.pythonanywhere.com/client_login', 'proto': 'HTTP/1.1', 'error_code': '1404', 'tls_version': 'tls1.3'}",347,9.317616,10.0290941008646,9.59899997711182,11.3909997940063,14.0150003433228,50.425653,2.40709218631911
"2024-12-03T18:42:15+00:00","http_req_duration","","default","https://your-username.pythonanywhere.com/client_register","POST","404","false","amazon:us:columbus","{'url': 'https://your-username.pythonanywhere.com/client_register', 'proto': 'HTTP/1.1', 'error_code': '1404', 'tls_version': 'tls1.3'}",349,9.311388,10.0327084842407,9.53499984741211,11.7493999481201,17.4735597229004,28.739261,1.65063236483936
"2024-12-03T18:42:18+00:00","http_req_duration","","default","https://your-username.pythonanywhere.com/client_login","POST","404","false","amazon:us:columbus","{'url': 'https://your-username.pythonanywhere.com/client_login', 'proto': 'HTTP/1.1', 'error_code': '1404', 'tls_version': 'tls1.3'}",479,9.294368,9.86281291440501,9.59899997711182,11.1414002418518,13.2444400596619,18.397386,0.851904192011737
"2024-12-03T18:42:18+00:00","http_req_duration","","default","https://your-username.pythonanywhere.com/client_register","POST","404","false","amazon:us:columbus","{'url': 'https://your-username.pythonanywhere.com/client_register', 'proto': 'HTTP/1.1', 'error_code': '1404', 'tls_version': 'tls1.3'}",477,9.305005,9.93012655136268,9.66300010681152,11.4037998199463,12.6044401168823,14.778365,0.743992149386429
"2024-12-03T18:42:21+00:00","http_req_duration","","default","https://your-username.pythonanywhere.com/client_login","POST","404","false","amazon:us:columbus","{'url': 'https://your-username.pythonanywhere.com/client_login', 'proto': 'HTTP/1.1', 'error_code': '1404', 'tls_version': 'tls1.3'}",603,9.288344,9.93653355721393,9.53499984741211,11.3909997940063,14.332440032959,22.795735,1.31466617834164
"2024-12-03T18:42:21+00:00","http_req_duration","","default","https://your-username.pythonanywhere.com/client_register","POST","404","false","amazon:us:columbus","{'url': 'https://your-username.pythonanywhere.com/client_register', 'proto': 'HTTP/1.1', 'error_code': '1404', 'tls_version': 'tls1.3'}",603,9.289127,9.92329293532339,9.59899997711182,11.5830001831055,14.6549997329712,17.30764,0.92600325784024
"2024-12-03T18:42:24+00:00","http_req_duration","","default","https://your-username.pythonanywhere.com/client_login","POST","404","false","amazon:us:columbus","{'url': 'https://your-username.pythonanywhere.com/client_login', 'proto': 'HTTP/1.1', 'error_code': '1404', 'tls_version': 'tls1.3'}",730,9.311009,9.85202346575342,9.53499984741211,11.2629995346069,12.7349996566772,16.45013,0.745859168088256
"2024-12-03T18:42:24+00:00","http_req_duration","","default","https://your-username.pythonanywhere.com/client_register","POST","404","false","amazon:us:columbus","{'url': 'https://your-username.pythonanywhere.com/client_register', 'proto': 'HTTP/1.1', 'error_code': '1404', 'tls_version': 'tls1.3'}",733,9.3112,9.89873155252388,9.59899997711182,11.3525997161865,15.0620399093628,20.726228,1.01102206397975
"2024-12-03T18:42:27+00:00","http_req_duration","","default","https://your-username.pythonanywhere.com/client_login","POST","404","false","amazon:us:columbus","{'url': 'https://your-username.pythonanywhere.com/client_login', 'proto': 'HTTP/1.1', 'error_code': '1404', 'tls_version': 'tls1.3'}",860,9.314993,9.85254025348837,9.53499984741211,11.3269996643066,13.6342001342774,21.819618,0.975650083616339
"2024-12-03T18:42:27+00:00","http_req_duration","","default","https://your-username.pythonanywhere.com/client_register","POST","404","false","amazon:us:columbus","{'url': 'https://your-username.pythonanywhere.com/client_register', 'proto': 'HTTP/1.1', 'error_code': '1404', 'tls_version': 'tls1.3'}",857,9.324054,9.87399068728121,9.53499984741211,11.3909997940063,13.6949996948242,22.162019,0.959952010866132
"2024-12-03T18:42:30+00:00","http_req_duration","","default","https://your-username.pythonanywhere.com/client_login","POST","404","false","amazon:us:columbus","{'url': 'https://your-username.pythonanywhere.com/client_login', 'proto': 'HTTP/1.1', 'error_code': '1404', 'tls_version': 'tls1.3'}",996,9.29241,9.8669559437751,9.53499984741211,11.5190000534058,13.2597997665405,18.05112,0.854410449563222
"2024-12-03T18:42:30+00:00","http_req_duration","","default","https://your-username.pythonanywhere.com/client_register","POST","404","false","amazon:us:columbus","{'url': 'https://your-username.pythonanywhere.com/client_register', 'proto': 'HTTP/1.1', 'error_code': '1404', 'tls_version': 'tls1.3'}",998,9.286672,9.82241997294589,9.59899997711182,11.0710000991821,12.1609203720093,17.148133,0.665728500982367
"2024-12-03T18:42:33+00:00","http_req_duration","","default","https://your-username.pythonanywhere.com/client_login","POST","404","false","amazon:us:columbus","{'url': 'https://your-username.pythonanywhere.com/client_login', 'proto': 'HTTP/1.1', 'error_code': '1404', 'tls_version': 'tls1.3'}",1121,9.271303,9.95803627386262,9.59899997711182,11.6470003128052,13.1957998275757,47.854663,1.45107900034169
"2024-12-03T18:42:33+00:00","http_req_duration","","default","https://your-username.pythonanywhere.com/client_register","POST","404","false","amazon:us:columbus","{'url': 'https://your-username.pythonanywhere.com/client_register', 'proto': 'HTTP/1.1', 'error_code': '1404', 'tls_version': 'tls1.3'}",1121,9.29033,9.92258531489742,9.59899997711182,11.5190000534058,13.3110000610351,25.202138,1.01713674862493
"2024-12-03T18:42:36+00:00","http_req_duration","","default","https://your-username.pythonanywhere.com/client_login","POST","404","false","amazon:us:columbus","{'url': 'https://your-username.pythonanywhere.com/client_login', 'proto': 'HTTP/1.1', 'error_code': '1404', 'tls_version': 'tls1.3'}",1253,9.277594,9.88006883000798,9.53499984741211,11.4549999237061,13.2777198028564,22.450244,0.911544330967495
"2024-12-03T18:42:36+00:00","http_req_duration","","default","https://your-username.pythonanywhere.com/client_register","POST","404","false","amazon:us:columbus","{'url': 'https://your-username.pythonanywhere.com/client_register', 'proto': 'HTTP/1.1', 'error_code': '1404', 'tls_version': 'tls1.3'}",1253,9.28669,9.85072222106943,9.59899997711182,11.3269996643066,14.2991599655151,22.606943,0.924284923990397
"2024-12-03T18:42:39+00:00","http_req_duration","","default","https://your-username.pythonanywhere.com/client_login","POST","404","false","amazon:us:columbus","{'url': 'https://your-username.pythonanywhere.com/client_login', 'proto': 'HTTP/1.1', 'error_code': '1404', 'tls_version': 'tls1.3'}",1366,9.284025,9.9813223374817,9.59899997711182,11.7749996185303,14.2709999084473,23.691313,0.986668130120407
"2024-12-03T18:42:39+00:00","http_req_duration","","default","https://your-username.pythonanywhere.com/client_register","POST","404","false","amazon:us:columbus","{'url': 'https://your-username.pythonanywhere.com/client_register', 'proto': 'HTTP/1.1', 'error_code': '1404', 'tls_version': 'tls1.3'}",1368,9.28478,10.0532031673977,9.66300010681152,11.9029998779297,14.1212402439117,23.204933,1.06818849903609
"2024-12-03T18:42:42+00:00","http_req_duration","","default","https://your-username.pythonanywhere.com/client_login","POST","404","false","amazon:us:columbus","{'url': 'https://your-username.pythonanywhere.com/client_login', 'proto': 'HTTP/1.1', 'error_code': '1404', 'tls_version': 'tls1.3'}",1397,9.304866,10.1183366320687,9.59899997711182,12.1718002319336,16.5161196899414,48.200275,1.60758693563821
"2024-12-03T18:42:42+00:00","http_req_duration","","default","https://your-username.pythonanywhere.com/client_register","POST","404","false","amazon:us:columbus","{'url': 'https://your-username.pythonanywhere.com/client_register', 'proto': 'HTTP/1.1', 'error_code': '1404', 'tls_version': 'tls1.3'}",1395,9.317923,10.1166260960573,9.66300010681152,12.0310001373291,14.4706802558899,53.223404,1.8659639453446
"2024-12-03T18:42:45+00:00","http_req_duration","","default","https://your-username.pythonanywhere.com/client_login","POST","404","false","amazon:us:columbus","{'url': 'https://your-username.pythonanywhere.com/client_login', 'proto': 'HTTP/1.1', 'error_code': '1404', 'tls_version': 'tls1.3'}",1513,9.326524,9.97504853800396,9.59899997711182,11.5830001831055,16.8489203643799,18.752438,1.11168103506793
"2024-12-03T18:42:45+00:00","http_req_duration","","default","https://your-username.pythonanywhere.com/client_register","POST","404","false","amazon:us:columbus","{'url': 'https://your-username.pythonanywhere.com/client_register', 'proto': 'HTTP/1.1', 'error_code': '1404', 'tls_version': 'tls1.3'}",1515,9.324826,9.97943489570957,9.59899997711182,11.6470003128052,15.0300396728516,19.621867,1.02813544970177
"2024-12-03T18:42:48+00:00","http_req_duration","","default","https://your-username.pythonanywhere.com/client_login","POST","404","false","amazon:us:columbus","{'url': 'https://your-username.pythonanywhere.com/client_login', 'proto': 'HTTP/1.1', 'error_code': '1404', 'tls_version': 'tls1.3'}",1525,9.284709,10.2174148813115,9.72700023651123,12.2741996765137,18.3695596313477,29.097694,1.64960967454889
"2024-12-03T18:42:48+00:00","http_req_duration","","default","https://your-username.pythonanywhere.com/client_register","POST","404","false","amazon:us:columbus","{'url': 'https://your-username.pythonanywhere.com/client_register', 'proto': 'HTTP/1.1', 'error_code': '1404', 'tls_version': 'tls1.3'}",1525,9.280669,10.2803663055738,9.72700023651123,12.6581996917725,18.2773999023437,29.226616,1.67476575422176
"2024-12-03T18:42:51+00:00","http_req_duration","","default","https://your-username.pythonanywhere.com/client_login","POST","404","false","amazon:us:columbus","{'url': 'https://your-username.pythonanywhere.com/client_login', 'proto': 'HTTP/1.1', 'error_code': '1404', 'tls_version': 'tls1.3'}",1628,9.267372,10.2070307199017,9.66300010681152,12.414999961853,16.8604403877258,32.433012,1.60034623633291
"2024-12-03T18:42:51+00:00","http_req_duration","","default","https://your-username.pythonanywhere.com/client_register","POST","404","false","amazon:us:columbus","{'url': 'https://your-username.pythonanywhere.com/client_register', 'proto': 'HTTP/1.1', 'error_code': '1404', 'tls_version': 'tls1.3'}",1628,9.280611,10.144918985258,9.66300010681152,12.0950002670288,15.6911599254608,32.371108,1.52844890989368
"2024-12-03T18:42:54+00:00","http_req_duration","","default","https://your-username.pythonanywhere.com/client_login","POST","404","false","amazon:us:columbus","{'url': 'https://your-username.pythonanywhere.com/client_login', 'proto': 'HTTP/1.1', 'error_code': '1404', 'tls_version': 'tls1.3'}",1683,9.262253,10.0528024272133,9.59899997711182,12.0246001243591,16.1436397171021,21.540485,1.2332703770009
"2024-12-03T18:42:54+00:00","http_req_duration","","default","https://your-username.pythonanywhere.com/client_register","POST","404","false","amazon:us:columbus","{'url': 'https://your-username.pythonanywhere.com/client_register', 'proto': 'HTTP/1.1', 'error_code': '1404', 'tls_version': 'tls1.3'}",1684,9.273588,10.0520420035629,9.59899997711182,11.8933998584747,16.4047594642639,20.521734,1.21695898182073
"2024-12-03T18:42:57+00:00","http_req_duration","","default","https://your-username.pythonanywhere.com/client_login","POST","404","false","amazon:us:columbus","{'url': 'https://your-username.pythonanywhere.com/client_login', 'proto': 'HTTP/1.1', 'error_code': '1404', 'tls_version': 'tls1.3'}",1798,9.288918,9.89910508898777,9.59899997711182,11.5830001831055,13.5670003890991,18.37195,0.858044219753755
"2024-12-03T18:42:57+00:00","http_req_duration","","default","https://your-username.pythonanywhere.com/client_register","POST","404","false","amazon:us:columbus","{'url': 'https://your-username.pythonanywhere.com/client_register', 'proto': 'HTTP/1.1', 'error_code': '1404', 'tls_version': 'tls1.3'}",1799,9.303482,9.95152292551417,9.59899997711182,11.5894001960754,13.5670003890991,29.835743,1.11297674396757
"2024-12-03T18:43:00+00:00","http_req_duration","","default","https://your-username.pythonanywhere.com/client_login","POST","404","false","amazon:us:columbus","{'url': 'https://your-username.pythonanywhere.com/client_login', 'proto': 'HTTP/1.1', 'error_code': '1404', 'tls_version': 'tls1.3'}",1823,9.284533,10.0498458721887,9.59899997711182,11.7749996185303,15.3526001930237,43.267025,1.76251016992567
"2024-12-03T18:43:00+00:00","http_req_duration","","default","https://your-username.pythonanywhere.com/client_register","POST","404","false","amazon:us:columbus","{'url': 'https://your-username.pythonanywhere.com/client_register', 'proto': 'HTTP/1.1', 'error_code': '1404', 'tls_version': 'tls1.3'}",1823,9.294161,10.0984905386725,9.59899997711182,11.9029998779297,15.9350004196167,43.732626,2.01790131964246
"2024-12-03T18:43:03+00:00","http_req_duration","","default","https://your-username.pythonanywhere.com/client_login","POST","404","false","amazon:us:columbus","{'url': 'https://your-username.pythonanywhere.com/client_login', 'proto': 'HTTP/1.1', 'error_code': '1404', 'tls_version': 'tls1.3'}",1929,9.284973,10.0839973960601,9.66300010681152,12.0950002670288,13.951000213623,25.414977,1.20041217328399
"2024-12-03T18:43:03+00:00","http_req_duration","","default","https://your-username.pythonanywhere.com/client_register","POST","404","false","amazon:us:columbus","{'url': 'https://your-username.pythonanywhere.com/client_register', 'proto': 'HTTP/1.1', 'error_code': '1404', 'tls_version': 'tls1.3'}",1931,9.285061,10.0417038726049,9.66300010681152,11.9029998779297,13.9830002784729,25.356178,1.01918166107992
"2024-12-03T18:43:06+00:00","http_req_duration","","default","https://your-username.pythonanywhere.com/client_login","POST","404","false","amazon:us:columbus","{'url': 'https://your-username.pythonanywhere.com/client_login', 'proto': 'HTTP/1.1', 'error_code': '1404', 'tls_version': 'tls1.3'}",1977,9.278892,9.97809097572079,9.66300010681152,11.7110004425049,13.6617196273804,23.765859,0.997999961319673
"2024-12-03T18:43:06+00:00","http_req_duration","","default","https://your-username.pythonanywhere.com/client_register","POST","404","false","amazon:us:columbus","{'url': 'https://your-username.pythonanywhere.com/client_register', 'proto': 'HTTP/1.1', 'error_code': '1404', 'tls_version': 'tls1.3'}",1978,9.304835,9.97861860970678,9.66300010681152,11.7206003189087,13.4537201595306,22.50061,0.866719799918405
"2024-12-03T18:43:09+00:00","http_req_duration","","default","https://your-username.pythonanywhere.com/client_login","POST","404","false","amazon:us:columbus","{'url': 'https://your-username.pythonanywhere.com/client_login', 'proto': 'HTTP/1.1', 'error_code': '1404', 'tls_version': 'tls1.3'}",2087,9.274601,9.96678223334931,9.59899997711182,11.6470003128052,13.5119602775574,24.520521,0.966921725609148
"2024-12-03T18:43:09+00:00","http_req_duration","","default","https://your-username.pythonanywhere.com/client_register","POST","404","false","amazon:us:columbus","{'url': 'https://your-username.pythonanywhere.com/client_register', 'proto': 'HTTP/1.1', 'error_code': '1404', 'tls_version': 'tls1.3'}",2083,9.285641,9.93430255208833,9.66300010681152,11.5190000534058,13.3865200233459,16.706216,0.815805226490024
"2024-12-03T18:43:12+00:00","http_req_duration","","default","https://your-username.pythonanywhere.com/client_login","POST","404","false","amazon:us:columbus","{'url': 'https://your-username.pythonanywhere.com/client_login', 'proto': 'HTTP/1.1', 'error_code': '1404', 'tls_version': 'tls1.3'}",2133,9.263219,9.90447610407877,9.59899997711182,11.3909997940063,13.0985203933716,24.82753,0.897429990204498
"2024-12-03T18:43:12+00:00","http_req_duration","","default","https://your-username.pythonanywhere.com/client_register","POST","404","false","amazon:us:columbus","{'url': 'https://your-username.pythonanywhere.com/client_register', 'proto': 'HTTP/1.1', 'error_code': '1404', 'tls_version': 'tls1.3'}",2135,9.266758,9.88307116533958,9.59899997711182,11.3269996643066,12.9910001754761,20.890938,0.797645419751752
"2024-12-03T18:43:15+00:00","http_req_duration","","default","https://your-username.pythonanywhere.com/client_login","POST","404","false","amazon:us:columbus","{'url': 'https://your-username.pythonanywhere.com/client_login', 'proto': 'HTTP/1.1', 'error_code': '1404', 'tls_version': 'tls1.3'}",2225,9.301033,9.91790219910112,9.59899997711182,11.5830001831055,12.9270000457764,14.246131,0.745646212717642
"2024-12-03T18:43:15+00:00","http_req_duration","","default","https://your-username.pythonanywhere.com/client_register","POST","404","false","amazon:us:columbus","{'url': 'https://your-username.pythonanywhere.com/client_register', 'proto': 'HTTP/1.1', 'error_code': '1404', 'tls_version': 'tls1.3'}",2227,9.290071,9.92242186124832,9.59899997711182,11.6278002738953,12.9743601417541,14.787485,0.757956843032491
"2024-12-03T18:43:18+00:00","http_req_duration","","default","https://your-username.pythonanywhere.com/client_login","POST","404","false","amazon:us:columbus","{'url': 'https://your-username.pythonanywhere.com/client_login', 'proto': 'HTTP/1.1', 'error_code': '1404', 'tls_version': 'tls1.3'}",2223,9.267294,10.1967765137202,9.66300010681152,12.5430002212524,16.6389999389648,28.18419,1.58299076922678
"2024-12-03T18:43:18+00:00","http_req_duration","","default","https://your-username.pythonanywhere.com/client_register","POST","404","false","amazon:us:columbus","{'url': 'https://your-username.pythonanywhere.com/client_register', 'proto': 'HTTP/1.1', 'error_code': '1404', 'tls_version': 'tls1.3'}",2220,9.284735,10.2200576513513,9.66300010681152,12.3509998321533,16.4866796302795,32.826986,1.62573296834809
"2024-12-03T18:43:21+00:00","http_req_duration","","default","https://your-username.pythonanywhere.com/client_login","POST","404","false","amazon:us:columbus","{'url': 'https://your-username.pythonanywhere.com/client_login', 'proto': 'HTTP/1.1', 'error_code': '1404', 'tls_version': 'tls1.3'}",2342,9.257172,10.1216479910333,9.66300010681152,11.9670000076294,15.8825203132629,33.768595,1.49034952651723
"2024-12-03T18:43:21+00:00","http_req_duration","","default","https://your-username.pythonanywhere.com/client_register","POST","404","false","amazon:us:columbus","{'url': 'https://your-username.pythonanywhere.com/client_register', 'proto': 'HTTP/1.1', 'error_code': '1404', 'tls_version': 'tls1.3'}",2342,9.244436,10.1037235986336,9.66300010681152,11.9670000076294,14.1807597255707,26.669668,1.26008290282157
"2024-12-03T18:43:24+00:00","http_req_duration","","default","https://your-username.pythonanywhere.com/client_login","POST","404","false","amazon:us:columbus","{'url': 'https://your-username.pythonanywhere.com/client_login', 'proto': 'HTTP/1.1', 'error_code': '1404', 'tls_version': 'tls1.3'}",2364,9.237136,10.1905385812183,9.66300010681152,12.3413998126984,16.8950004577637,41.276206,1.90819208623797
"2024-12-03T18:43:24+00:00","http_req_duration","","default","https://your-username.pythonanywhere.com/client_register","POST","404","false","amazon:us:columbus","{'url': 'https://your-username.pythonanywhere.com/client_register', 'proto': 'HTTP/1.1', 'error_code': '1404', 'tls_version': 'tls1.3'}",2362,9.267159,10.1925430258256,9.66300010681152,12.2869997024536,17.8409204673767,37.403627,1.78965463063273
"2024-12-03T18:43:27+00:00","http_req_duration","","default","https://your-username.pythonanywhere.com/client_login","POST","404","false","amazon:us:columbus","{'url': 'https://your-username.pythonanywhere.com/client_login', 'proto': 'HTTP/1.1', 'error_code': '1404', 'tls_version': 'tls1.3'}",2458,9.282063,10.2348636074044,9.72700023651123,12.798999786377,15.7065199565887,25.863747,1.36571999838406
"2024-12-03T18:43:27+00:00","http_req_duration","","default","https://your-username.pythonanywhere.com/client_register","POST","404","false","amazon:us:columbus","{'url': 'https://your-username.pythonanywhere.com/client_register', 'proto': 'HTTP/1.1', 'error_code': '1404', 'tls_version': 'tls1.3'}",2461,9.278773,10.2324027557903,9.72700023651123,12.7349996566772,15.2950000762939,23.699182,1.29428413145401
"2024-12-03T18:43:30+00:00","http_req_duration","","default","https://your-username.pythonanywhere.com/client_login","POST","404","false","amazon:us:columbus","{'url': 'https://your-username.pythonanywhere.com/client_login', 'proto': 'HTTP/1.1', 'error_code': '1404', 'tls_version': 'tls1.3'}",2454,9.305984,10.4959747257539,9.79100036621094,13.2469997406006,18.30299949646,43.094977,2.32849916345502
"2024-12-03T18:43:30+00:00","http_req_duration","","default","https://your-username.pythonanywhere.com/client_register","POST","404","false","amazon:us:columbus","{'url': 'https://your-username.pythonanywhere.com/client_register', 'proto': 'HTTP/1.1', 'error_code': '1404', 'tls_version': 'tls1.3'}",2454,9.310259,10.3774553553382,9.79100036621094,13.3109998703003,18.30299949646,31.804814,1.82269940856073
"2024-12-03T18:43:33+00:00","http_req_duration","","default","https://your-username.pythonanywhere.com/client_login","POST","404","false","amazon:us:columbus","{'url': 'https://your-username.pythonanywhere.com/client_login', 'proto': 'HTTP/1.1', 'error_code': '1404', 'tls_version': 'tls1.3'}",2619,9.277959,10.1247584425353,9.66300010681152,12.2933997154236,15.5394797897339,22.720361,1.2056346242432
"2024-12-03T18:43:33+00:00","http_req_duration","","default","https://your-username.pythonanywhere.com/client_register","POST","404","false","amazon:us:columbus","{'url': 'https://your-username.pythonanywhere.com/client_register', 'proto': 'HTTP/1.1', 'error_code': '1404', 'tls_version': 'tls1.3'}",2616,9.298099,10.1963937759939,9.72700023651123,12.3509998321533,16.7478001594544,23.854059,1.39507629781813
"2024-12-03T18:43:36+00:00","http_req_duration","","default","https://your-username.pythonanywhere.com/client_login","POST","404","false","amazon:us:columbus","{'url': 'https://your-username.pythonanywhere.com/client_login', 'proto': 'HTTP/1.1', 'error_code': '1404', 'tls_version': 'tls1.3'}",2682,9.251921,9.97149444183445,9.66300010681152,11.6470003128052,13.8870000839233,17.781093,0.874604090533662
"2024-12-03T18:43:36+00:00","http_req_duration","","default","https://your-username.pythonanywhere.com/client_register","POST","404","false","amazon:us:columbus","{'url': 'https://your-username.pythonanywhere.com/client_register', 'proto': 'HTTP/1.1', 'error_code': '1404', 'tls_version': 'tls1.3'}",2687,9.246902,10.0488164183104,9.66300010681152,11.9029998779297,14.5359603118896,18.575716,0.99093248712425
"2024-12-03T18:43:39+00:00","http_req_duration","","default","https://your-username.pythonanywhere.com/client_login","POST","404","false","amazon:us:columbus","{'url': 'https://your-username.pythonanywhere.com/client_login', 'proto': 'HTTP/1.1', 'error_code': '1404', 'tls_version': 'tls1.3'}",2751,9.284144,10.1536676386768,9.66300010681152,12.2869997024536,14.7189998626709,57.665674,1.9955880205544
"2024-12-03T18:43:39+00:00","http_req_duration","","default","https://your-username.pythonanywhere.com/client_register","POST","404","false","amazon:us:columbus","{'url': 'https://your-username.pythonanywhere.com/client_register', 'proto': 'HTTP/1.1', 'error_code': '1404', 'tls_version': 'tls1.3'}",2751,9.300678,10.1741129262087,9.66300010681152,12.2869997024536,14.5270004272461,60.47066,2.03017429095712
"2024-12-03T18:43:42+00:00","http_req_duration","","default","https://your-username.pythonanywhere.com/client_login","POST","404","false","amazon:us:columbus","{'url': 'https://your-username.pythonanywhere.com/client_login', 'proto': 'HTTP/1.1', 'error_code': '1404', 'tls_version': 'tls1.3'}",2873,9.255113,10.0183809192482,9.59899997711182,11.9670000076294,14.6626797485351,19.088381,1.01776035088301
"2024-12-03T18:43:42+00:00","http_req_duration","","default","https://your-username.pythonanywhere.com/client_register","POST","404","false","amazon:us:columbus","{'url': 'https://your-username.pythonanywhere.com/client_register', 'proto': 'HTTP/1.1', 'error_code': '1404', 'tls_version': 'tls1.3'}",2872,9.278006,10.0368165302925,9.66300010681152,11.9029998779297,14.4815603351593,20.480075,1.04236801163297
"2024-12-03T18:43:45+00:00","http_req_duration","","default","https://your-username.pythonanywhere.com/client_login","POST","404","false","amazon:us:columbus","{'url': 'https://your-username.pythonanywhere.com/client_login', 'proto': 'HTTP/1.1', 'error_code': '1404', 'tls_version': 'tls1.3'}",2917,9.258033,10.1777488731573,9.72700023651123,12.2869997024536,15.3282801437378,28.561463,1.32442060369739
"2024-12-03T18:43:45+00:00","http_req_duration","","default","https://your-username.pythonanywhere.com/client_register","POST","404","false","amazon:us:columbus","{'url': 'https://your-username.pythonanywhere.com/client_register', 'proto': 'HTTP/1.1', 'error_code': '1404', 'tls_version': 'tls1.3'}",2920,9.280457,10.2934866291096,9.72700023651123,12.7349996566772,17.5900399589539,38.011957,1.75900572775854
"2024-12-03T18:43:48+00:00","http_req_duration","","default","https://your-username.pythonanywhere.com/client_login","POST","404","false","amazon:us:columbus","{'url': 'https://your-username.pythonanywhere.com/client_login', 'proto': 'HTTP/1.1', 'error_code': '1404', 'tls_version': 'tls1.3'}",3096,9.257862,10.0520858976098,9.66300010681152,12.0310001373291,14.0182003498077,22.976939,1.06654411915166
"2024-12-03T18:43:48+00:00","http_req_duration","","default","https://your-username.pythonanywhere.com/client_register","POST","404","false","amazon:us:columbus","{'url': 'https://your-username.pythonanywhere.com/client_register', 'proto': 'HTTP/1.1', 'error_code': '1404', 'tls_version': 'tls1.3'}",3096,9.258247,10.0851792202842,9.66300010681152,11.9670000076294,14.1461996555328,22.201866,1.0441435491743
"2024-12-03T18:43:51+00:00","http_req_duration","","default","https://your-username.pythonanywhere.com/client_login","POST","404","false","amazon:us:columbus","{'url': 'https://your-username.pythonanywhere.com/client_login', 'proto': 'HTTP/1.1', 'error_code': '1404', 'tls_version': 'tls1.3'}",3197,9.279462,10.0546065167344,9.66300010681152,11.9029998779297,14.0790004730225,20.221034,0.959283552324929
"2024-12-03T18:43:51+00:00","http_req_duration","","default","https://your-username.pythonanywhere.com/client_register","POST","404","false","amazon:us:columbus","{'url': 'https://your-username.pythonanywhere.com/client_register', 'proto': 'HTTP/1.1', 'error_code': '1404', 'tls_version': 'tls1.3'}",3197,9.260066,10.0920150553644,9.72700023651123,12.0310001373291,13.951000213623,24.680132,1.00175197569808
"2024-12-03T18:43:54+00:00","http_req_duration","","default","https://your-username.pythonanywhere.com/client_login","POST","404","false","amazon:us:columbus","{'url': 'https://your-username.pythonanywhere.com/client_login', 'proto': 'HTTP/1.1', 'error_code': '1404', 'tls_version': 'tls1.3'}",3272,9.270011,10.10493350978,9.66300010681152,12.2869997024536,14.7375599002838,27.445444,1.16474068602579
"2024-12-03T18:43:54+00:00","http_req_duration","","default","https://your-username.pythonanywhere.com/client_register","POST","404","false","amazon:us:columbus","{'url': 'https://your-username.pythonanywhere.com/client_register', 'proto': 'HTTP/1.1', 'error_code': '1404', 'tls_version': 'tls1.3'}",3272,9.288109,10.1441092820905,9.66300010681152,12.2869997024536,15.6335598087311,29.356571,1.25017758400482
"2024-12-03T18:43:57+00:00","http_req_duration","","default","https://your-username.pythonanywhere.com/client_login","POST","404","false","amazon:us:columbus","{'url': 'https://your-username.pythonanywhere.com/client_login', 'proto': 'HTTP/1.1', 'error_code': '1404', 'tls_version': 'tls1.3'}",3368,9.268667,10.1297917752375,9.72700023651123,12.1590003967285,14.2709999084473,22.521699,1.09731514461653
"2024-12-03T18:43:57+00:00","http_req_duration","","default","https://your-username.pythonanywhere.com/client_register","POST","404","false","amazon:us:columbus","{'url': 'https://your-username.pythonanywhere.com/client_register', 'proto': 'HTTP/1.1', 'error_code': '1404', 'tls_version': 'tls1.3'}",3368,9.268853,10.1599682624703,9.72700023651123,12.2229995727539,14.3561200809479,21.884108,1.12143116058757
"2024-12-03T18:44:00+00:00","http_req_duration","","default","https://your-username.pythonanywhere.com/client_login","POST","404","false","amazon:us:columbus","{'url': 'https://your-username.pythonanywhere.com/client_login', 'proto': 'HTTP/1.1', 'error_code': '1404', 'tls_version': 'tls1.3'}",3486,9.258707,10.1869043155479,9.69500017166138,12.3509998321533,15.4358002185821,39.449444,1.44468874676097
"2024-12-03T18:44:00+00:00","http_req_duration","","default","https://your-username.pythonanywhere.com/client_register","POST","404","false","amazon:us:columbus","{'url': 'https://your-username.pythonanywhere.com/client_register', 'proto': 'HTTP/1.1', 'error_code': '1404', 'tls_version': 'tls1.3'}",3489,9.280314,10.1657816606477,9.66300010681152,12.2869997024536,15.878680305481,38.172214,1.38741743951059
"2024-12-03T18:44:03+00:00","http_req_duration","","default","https://your-username.pythonanywhere.com/client_login","POST","404","false","amazon:us:columbus","{'url': 'https://your-username.pythonanywhere.com/client_login', 'proto': 'HTTP/1.1', 'error_code': '1404', 'tls_version': 'tls1.3'}",3610,9.278327,10.0968418376731,9.66300010681152,12.0662002086639,14.335000038147,25.112034,1.14631399684447
"2024-12-03T18:44:03+00:00","http_req_duration","","default","https://your-username.pythonanywhere.com/client_register","POST","404","false","amazon:us:columbus","{'url': 'https://your-username.pythonanywhere.com/client_register', 'proto': 'HTTP/1.1', 'error_code': '1404', 'tls_version': 'tls1.3'}",3612,9.257293,10.1073544194352,9.72700023651123,11.9670000076294,14.0079603290558,21.391163,1.04186533515524
"2024-12-03T18:44:06+00:00","http_req_duration","","default","https://your-username.pythonanywhere.com/client_login","POST","404","false","amazon:us:columbus","{'url': 'https://your-username.pythonanywhere.com/client_login', 'proto': 'HTTP/1.1', 'error_code': '1404', 'tls_version': 'tls1.3'}",3687,9.278331,10.1610406262544,9.72700023651123,12.3509998321533,15.4319603538513,20.274789,1.16209495675306
"2024-12-03T18:44:06+00:00","http_req_duration","","default","https://your-username.pythonanywhere.com/client_register","POST","404","false","amazon:us:columbus","{'url': 'https://your-username.pythonanywhere.com/client_register', 'proto': 'HTTP/1.1', 'error_code': '1404', 'tls_version': 'tls1.3'}",3683,9.286764,10.174537564214,9.72700023651123,12.3509998321533,15.7545200538635,20.247849,1.1846210618272
"2024-12-03T18:44:09+00:00","http_req_duration","","default","https://your-username.pythonanywhere.com/client_login","POST","404","false","amazon:us:columbus","{'url': 'https://your-username.pythonanywhere.com/client_login', 'proto': 'HTTP/1.1', 'error_code': '1404', 'tls_version': 'tls1.3'}",3776,9.272783,10.1708339817267,9.66300010681152,12.3509998321533,15.6949999332428,21.132115,1.27212715283178
"2024-12-03T18:44:09+00:00","http_req_duration","","default","https://your-username.pythonanywhere.com/client_register","POST","404","false","amazon:us:columbus","{'url': 'https://your-username.pythonanywhere.com/client_register', 'proto': 'HTTP/1.1', 'error_code': '1404', 'tls_version': 'tls1.3'}",3775,9.283896,10.1618784683444,9.72700023651123,12.3509998321533,15.1196397209167,22.337218,1.2250790904452
"2024-12-03T18:44:12+00:00","http_req_duration","","default","https://your-username.pythonanywhere.com/client_login","POST","404","false","amazon:us:columbus","{'url': 'https://your-username.pythonanywhere.com/client_login', 'proto': 'HTTP/1.1', 'error_code': '1404', 'tls_version': 'tls1.3'}",3875,9.28481,10.315646448,9.72700023651123,12.5622002601623,16.2242800521851,70.229493,2.52309292271046
"2024-12-03T18:44:12+00:00","http_req_duration","","default","https://your-username.pythonanywhere.com/client_register","POST","404","false","amazon:us:columbus","{'url': 'https://your-username.pythonanywhere.com/client_register', 'proto': 'HTTP/1.1', 'error_code': '1404', 'tls_version': 'tls1.3'}",3878,9.284061,10.3096572872615,9.79100036621094,12.7349996566772,15.7577200603485,70.35996,2.26939392585213
"2024-12-03T18:44:15+00:00","http_req_duration","","default","https://your-username.pythonanywhere.com/client_login","POST","404","false","amazon:us:columbus","{'url': 'https://your-username.pythonanywhere.com/client_login', 'proto': 'HTTP/1.1', 'error_code': '1404', 'tls_version': 'tls1.3'}",4017,9.271139,10.1552437550411,9.72700023651123,12.3509998321533,14.6447597122192,20.990164,1.07888225648781
"2024-12-03T18:44:15+00:00","http_req_duration","","default","https://your-username.pythonanywhere.com/client_register","POST","404","false","amazon:us:columbus","{'url': 'https://your-username.pythonanywhere.com/client_register', 'proto': 'HTTP/1.1', 'error_code': '1404', 'tls_version': 'tls1.3'}",4014,9.288303,10.167013287992,9.72700023651123,12.2869997024536,14.4630002975464,21.316338,1.11323040024484
"2024-12-03T18:44:18+00:00","http_req_duration","","default","https://your-username.pythonanywhere.com/client_login","POST","404","false","amazon:us:columbus","{'url': 'https://your-username.pythonanywhere.com/client_login', 'proto': 'HTTP/1.1', 'error_code': '1404', 'tls_version': 'tls1.3'}",4090,9.27449,10.2239573403423,9.72700023651123,12.3509998321533,15.1029996871948,36.458522,1.62333987469389
"2024-12-03T18:44:18+00:00","http_req_duration","","default","https://your-username.pythonanywhere.com/client_register","POST","404","false","amazon:us:columbus","{'url': 'https://your-username.pythonanywhere.com/client_register', 'proto': 'HTTP/1.1', 'error_code': '1404', 'tls_version': 'tls1.3'}",4092,9.258502,10.204343120479,9.72700023651123,12.3509998321533,15.7487600421905,38.535049,1.69735975820853
"2024-12-03T18:44:21+00:00","http_req_duration","","default","https://your-username.pythonanywhere.com/client_login","POST","404","false","amazon:us:columbus","{'url': 'https://your-username.pythonanywhere.com/client_login', 'proto': 'HTTP/1.1', 'error_code': '1404', 'tls_version': 'tls1.3'}",4204,9.267007,10.1401241253568,9.72700023651123,12.0950002670288,14.9750003814697,24.644823,1.20160876265296
"2024-12-03T18:44:21+00:00","http_req_duration","","default","https://your-username.pythonanywhere.com/client_register","POST","404","false","amazon:us:columbus","{'url': 'https://your-username.pythonanywhere.com/client_register', 'proto': 'HTTP/1.1', 'error_code': '1404', 'tls_version': 'tls1.3'}",4208,9.279825,10.1615848032319,9.72700023651123,12.1590003967285,14.7785199832916,25.275852,1.2203992920784
"2024-12-03T18:44:24+00:00","http_req_duration","","default","https://your-username.pythonanywhere.com/client_login","POST","404","false","amazon:us:columbus","{'url': 'https://your-username.pythonanywhere.com/client_login', 'proto': 'HTTP/1.1', 'error_code': '1404', 'tls_version': 'tls1.3'}",4309,9.251961,10.3161550496635,9.79100036621094,12.6709995269775,15.9247603988647,26.348109,1.40281644174124
"2024-12-03T18:44:24+00:00","http_req_duration","","default","https://your-username.pythonanywhere.com/client_register","POST","404","false","amazon:us:columbus","{'url': 'https://your-username.pythonanywhere.com/client_register', 'proto': 'HTTP/1.1', 'error_code': '1404', 'tls_version': 'tls1.3'}",4305,9.240523,10.2639197902439,9.79100036621094,12.4790000915527,14.4630002975464,25.486697,1.26196669514327
"2024-12-03T18:44:27+00:00","http_req_duration","","default","https://your-username.pythonanywhere.com/client_login","POST","404","false","amazon:us:columbus","{'url': 'https://your-username.pythonanywhere.com/client_login', 'proto': 'HTTP/1.1', 'error_code': '1404', 'tls_version': 'tls1.3'}",4377,9.287909,10.3322448588074,9.79100036621094,12.9270000457764,17.1817191314697,30.531747,1.58285067424426
"2024-12-03T18:44:27+00:00","http_req_duration","","default","https://your-username.pythonanywhere.com/client_register","POST","404","false","amazon:us:columbus","{'url': 'https://your-username.pythonanywhere.com/client_register', 'proto': 'HTTP/1.1', 'error_code': '1404', 'tls_version': 'tls1.3'}",4382,9.288671,10.2763257104062,9.72700023651123,12.6709995269775,16.5353197288513,32.680263,1.47454199023391
"2024-12-03T18:44:30+00:00","http_req_duration","","default","https://your-username.pythonanywhere.com/client_login","POST","404","false","amazon:us:columbus","{'url': 'https://your-username.pythonanywhere.com/client_login', 'proto': 'HTTP/1.1', 'error_code': '1404', 'tls_version': 'tls1.3'}",4469,9.272765,10.361716069143,9.79100036621094,13.1190004348755,17.0230007171631,41.921113,1.56018121616571
"2024-12-03T18:44:30+00:00","http_req_duration","","default","https://your-username.pythonanywhere.com/client_register","POST","404","false","amazon:us:columbus","{'url': 'https://your-username.pythonanywhere.com/client_register', 'proto': 'HTTP/1.1', 'error_code': '1404', 'tls_version': 'tls1.3'}",4459,9.268234,10.3746314243104,9.79100036621094,12.9910001754761,16.6927600479126,29.419521,1.46993478142261
"2024-12-03T18:44:33+00:00","http_req_duration","","default","https://your-username.pythonanywhere.com/client_login","POST","404","false","amazon:us:columbus","{'url': 'https://your-username.pythonanywhere.com/client_login', 'proto': 'HTTP/1.1', 'error_code': '1404', 'tls_version': 'tls1.3'}",4526,9.263151,10.4099686361025,9.79100036621094,13.1669998168945,17.0230007171631,34.347047,1.7243276926153
"2024-12-03T18:44:33+00:00","http_req_duration","","default","https://your-username.pythonanywhere.com/client_register","POST","404","false","amazon:us:columbus","{'url': 'https://your-username.pythonanywhere.com/client_register', 'proto': 'HTTP/1.1', 'error_code': '1404', 'tls_version': 'tls1.3'}",4535,9.257121,10.3919278615215,9.79100036621094,13.2469997406006,16.3612397003174,35.030852,1.55992457504018
"2024-12-03T18:44:36+00:00","http_req_duration","","default","https://your-username.pythonanywhere.com/client_login","POST","404","false","amazon:us:columbus","{'url': 'https://your-username.pythonanywhere.com/client_login', 'proto': 'HTTP/1.1', 'error_code': '1404', 'tls_version': 'tls1.3'}",4660,9.260081,10.440628606867,9.85499954223633,13.0550003051758,16.819480304718,35.588308,1.59170940743202
"2024-12-03T18:44:36+00:00","http_req_duration","","default","https://your-username.pythonanywhere.com/client_register","POST","404","false","amazon:us:columbus","{'url': 'https://your-username.pythonanywhere.com/client_register', 'proto': 'HTTP/1.1', 'error_code': '1404', 'tls_version': 'tls1.3'}",4655,9.270239,10.477893033942,9.85499954223633,13.1829996109009,17.1509990692139,32.494073,1.56576110344587
"2024-12-03T18:44:39+00:00","http_req_duration","","default","https://your-username.pythonanywhere.com/client_login","POST","404","false","amazon:us:columbus","{'url': 'https://your-username.pythonanywhere.com/client_login', 'proto': 'HTTP/1.1', 'error_code': '1404', 'tls_version': 'tls1.3'}",4817,9.267412,10.3171417062487,9.79100036621094,12.7349996566772,15.8070001602173,28.887599,1.36356207671742
"2024-12-03T18:44:39+00:00","http_req_duration","","default","https://your-username.pythonanywhere.com/client_register","POST","404","false","amazon:us:columbus","{'url': 'https://your-username.pythonanywhere.com/client_register', 'proto': 'HTTP/1.1', 'error_code': '1404', 'tls_version': 'tls1.3'}",4819,9.262815,10.2803924077609,9.79100036621094,12.6070003509521,14.8994802284241,27.565013,1.24602788055167
"2024-12-03T18:44:42+00:00","http_req_duration","","default","https://your-username.pythonanywhere.com/client_login","POST","404","false","amazon:us:columbus","{'url': 'https://your-username.pythonanywhere.com/client_login', 'proto': 'HTTP/1.1', 'error_code': '1404', 'tls_version': 'tls1.3'}",4891,9.272375,10.2976396070333,9.79100036621094,12.6709995269775,15.6149997711182,24.597318,1.29879867333873
"2024-12-03T18:44:42+00:00","http_req_duration","","default","https://your-username.pythonanywhere.com/client_register","POST","404","false","amazon:us:columbus","{'url': 'https://your-username.pythonanywhere.com/client_register', 'proto': 'HTTP/1.1', 'error_code': '1404', 'tls_version': 'tls1.3'}",4895,9.274512,10.3310282046987,9.85499954223633,12.6709995269775,15.4870004653931,59.181062,1.62554283671601
"2024-12-03T18:44:45+00:00","http_req_duration","","default","https://your-username.pythonanywhere.com/client_login","POST","404","false","amazon:us:columbus","{'url': 'https://your-username.pythonanywhere.com/client_login', 'proto': 'HTTP/1.1', 'error_code': '1404', 'tls_version': 'tls1.3'}",4972,9.245719,10.3633264412711,9.79100036621094,12.9270000457764,17.5349998474121,32.914533,1.67114287144283
"2024-12-03T18:44:45+00:00","http_req_duration","","default","https://your-username.pythonanywhere.com/client_register","POST","404","false","amazon:us:columbus","{'url': 'https://your-username.pythonanywhere.com/client_register', 'proto': 'HTTP/1.1', 'error_code': '1404', 'tls_version': 'tls1.3'}",4975,9.243193,10.3421993396985,9.79100036621094,13.010200214386,16.5109996795654,31.303715,1.53661588184097
"2024-12-03T18:44:48+00:00","http_req_duration","","default","https://your-username.pythonanywhere.com/client_login","POST","404","false","amazon:us:columbus","{'url': 'https://your-username.pythonanywhere.com/client_login', 'proto': 'HTTP/1.1', 'error_code': '1404', 'tls_version': 'tls1.3'}",5027,9.258838,10.5189669576288,9.79100036621094,13.375,20.7017205429077,45.984896,2.26791068127824
"2024-12-03T18:44:48+00:00","http_req_duration","","default","https://your-username.pythonanywhere.com/client_register","POST","404","false","amazon:us:columbus","{'url': 'https://your-username.pythonanywhere.com/client_register', 'proto': 'HTTP/1.1', 'error_code': '1404', 'tls_version': 'tls1.3'}",5026,9.260121,10.5414650013928,9.79100036621094,13.5670003890991,21.3429999351501,47.868097,2.42695232323229
"2024-12-03T18:44:51+00:00","http_req_duration","","default","https://your-username.pythonanywhere.com/client_login","POST","404","false","amazon:us:columbus","{'url': 'https://your-username.pythonanywhere.com/client_login', 'proto': 'HTTP/1.1', 'error_code': '1404', 'tls_version': 'tls1.3'}",5228,9.23225,10.2541141698546,9.72700023651123,12.7349996566772,17.2789993286133,28.07188,1.52393809566156
"2024-12-03T18:44:51+00:00","http_req_duration","","default","https://your-username.pythonanywhere.com/client_register","POST","404","false","amazon:us:columbus","{'url': 'https://your-username.pythonanywhere.com/client_register', 'proto': 'HTTP/1.1', 'error_code': '1404', 'tls_version': 'tls1.3'}",5225,9.274564,10.3042948139713,9.72700023651123,12.8629999160767,16.8642803955078,27.628403,1.50652694496521
"2024-12-03T18:44:54+00:00","http_req_duration","","default","https://your-username.pythonanywhere.com/client_login","POST","404","false","amazon:us:columbus","{'url': 'https://your-username.pythonanywhere.com/client_login', 'proto': 'HTTP/1.1', 'error_code': '1404', 'tls_version': 'tls1.3'}",5272,9.27527,10.4268707103566,9.85499954223633,13.3109998703003,16.2095597457886,31.285385,1.5086038751733
"2024-12-03T18:44:54+00:00","http_req_duration","","default","https://your-username.pythonanywhere.com/client_register","POST","404","false","amazon:us:columbus","{'url': 'https://your-username.pythonanywhere.com/client_register', 'proto': 'HTTP/1.1', 'error_code': '1404', 'tls_version': 'tls1.3'}",5270,9.258852,10.3826743360531,9.85499954223633,13.0550003051758,16.1270008087158,29.546751,1.38681140393473
"2024-12-03T18:44:57+00:00","http_req_duration","","default","https://your-username.pythonanywhere.com/client_login","POST","404","false","amazon:us:columbus","{'url': 'https://your-username.pythonanywhere.com/client_login', 'proto': 'HTTP/1.1', 'error_code': '1404', 'tls_version': 'tls1.3'}",5254,9.262682,10.5955248886563,9.79100036621094,13.8870000839233,22.8431601715088,45.020765,2.50181981084695
"2024-12-03T18:44:57+00:00","http_req_duration","","default","https://your-username.pythonanywhere.com/client_register","POST","404","false","amazon:us:columbus","{'url': 'https://your-username.pythonanywhere.com/client_register', 'proto': 'HTTP/1.1', 'error_code': '1404', 'tls_version': 'tls1.3'}",5253,9.288557,10.6570338956787,9.79100036621094,14.0406003952026,22.7830009460449,65.371054,2.86762473004418
"2024-12-03T18:45:00+00:00","http_req_duration","","default","https://your-username.pythonanywhere.com/client_login","POST","404","false","amazon:us:columbus","{'url': 'https://your-username.pythonanywhere.com/client_login', 'proto': 'HTTP/1.1', 'error_code': '1404', 'tls_version': 'tls1.3'}",5456,9.290146,10.4987586825513,9.85499954223633,13.7589998245239,18.1749992370605,31.194372,1.74569148333666
"2024-12-03T18:45:00+00:00","http_req_duration","","default","https://your-username.pythonanywhere.com/client_register","POST","404","false","amazon:us:columbus","{'url': 'https://your-username.pythonanywhere.com/client_register', 'proto': 'HTTP/1.1', 'error_code': '1404', 'tls_version': 'tls1.3'}",5459,9.285037,10.5048586186115,9.79100036621094,13.6949996948242,18.0470008850098,25.337199,1.69710561754663
"2024-12-03T18:45:03+00:00","http_req_duration","","default","https://your-username.pythonanywhere.com/client_login","POST","404","false","amazon:us:columbus","{'url': 'https://your-username.pythonanywhere.com/client_login', 'proto': 'HTTP/1.1', 'error_code': '1404', 'tls_version': 'tls1.3'}",5574,9.278585,10.4277642100825,9.79100036621094,13.4614001750946,17.6975601768494,44.106707,1.93415692901874
"2024-12-03T18:45:03+00:00","http_req_duration","","default","https://your-username.pythonanywhere.com/client_register","POST","404","false","amazon:us:columbus","{'url': 'https://your-username.pythonanywhere.com/client_register', 'proto': 'HTTP/1.1', 'error_code': '1404', 'tls_version': 'tls1.3'}",5569,9.26446,10.4523684722571,9.79100036621094,13.5670003890991,17.9190006256104,50.200022,1.97751850409841
"2024-12-03T18:45:06+00:00","http_req_duration","","default","https://your-username.pythonanywhere.com/client_login","POST","404","false","amazon:us:columbus","{'url': 'https://your-username.pythonanywhere.com/client_login', 'proto': 'HTTP/1.1', 'error_code': '1404', 'tls_version': 'tls1.3'}",5608,9.279452,10.5178812332382,9.79100036621094,14.2709999084473,18.1749992370605,27.644956,1.81552839898655
"2024-12-03T18:45:06+00:00","http_req_duration","","default","https://your-username.pythonanywhere.com/client_register","POST","404","false","amazon:us:columbus","{'url': 'https://your-username.pythonanywhere.com/client_register', 'proto': 'HTTP/1.1', 'error_code': '1404', 'tls_version': 'tls1.3'}",5615,9.271564,10.5719038108638,9.85499954223633,14.2709999084473,18.6690802383423,27.397898,1.90546546061081
"2024-12-03T18:45:09+00:00","http_req_duration","","default","https://your-username.pythonanywhere.com/client_login","POST","404","false","amazon:us:columbus","{'url': 'https://your-username.pythonanywhere.com/client_login', 'proto': 'HTTP/1.1', 'error_code': '1404', 'tls_version': 'tls1.3'}",5690,9.258229,10.6017114829525,9.91899967193604,14.335000038147,18.8150005340576,31.315338,1.92611890858297
"2024-12-03T18:45:09+00:00","http_req_duration","","default","https://your-username.pythonanywhere.com/client_register","POST","404","false","amazon:us:columbus","{'url': 'https://your-username.pythonanywhere.com/client_register', 'proto': 'HTTP/1.1', 'error_code': '1404', 'tls_version': 'tls1.3'}",5697,9.267632,10.5965824770932,9.85499954223633,14.1557996749878,18.6870002746582,29.018372,1.93277454557853
"2024-12-03T18:45:12+00:00","http_req_duration","","default","https://your-username.pythonanywhere.com/client_login","POST","404","false","amazon:us:columbus","{'url': 'https://your-username.pythonanywhere.com/client_login', 'proto': 'HTTP/1.1', 'error_code': '1404', 'tls_version': 'tls1.3'}",5883,9.247696,10.4469325400306,9.79100036621094,13.6949996948242,18.30299949646,29.218133,1.76423458071358
"2024-12-03T18:45:12+00:00","http_req_duration","","default","https://your-username.pythonanywhere.com/client_register","POST","404","false","amazon:us:columbus","{'url': 'https://your-username.pythonanywhere.com/client_register', 'proto': 'HTTP/1.1', 'error_code': '1404', 'tls_version': 'tls1.3'}",5877,9.241422,10.452469210992,9.79100036621094,13.8229999542236,18.0470008850098,29.533553,1.72445662632075
"2024-12-03T18:45:15+00:00","http_req_duration","","default","https://your-username.pythonanywhere.com/client_login","POST","404","false","amazon:us:columbus","{'url': 'https://your-username.pythonanywhere.com/client_login', 'proto': 'HTTP/1.1', 'error_code': '1404', 'tls_version': 'tls1.3'}",5789,9.262933,10.826265020038,9.91899967193604,15.1413997650146,21.7590007781982,39.292201,2.4935546614177
"2024-12-03T18:45:15+00:00","http_req_duration","","default","https://your-username.pythonanywhere.com/client_register","POST","404","false","amazon:us:columbus","{'url': 'https://your-username.pythonanywhere.com/client_register', 'proto': 'HTTP/1.1', 'error_code': '1404', 'tls_version': 'tls1.3'}",5794,9.275818,10.8193969993096,9.91899967193604,15.1029996871948,21.3839600181579,39.393107,2.45948846142623
"2024-12-03T18:45:18+00:00","http_req_duration","","default","https://your-username.pythonanywhere.com/client_login","POST","404","false","amazon:us:columbus","{'url': 'https://your-username.pythonanywhere.com/client_login', 'proto': 'HTTP/1.1', 'error_code': '1404', 'tls_version': 'tls1.3'}",5965,9.261146,10.6621984424141,9.85499954223633,14.5270004272461,18.8610806274414,50.009709,2.08280269038079
"2024-12-03T18:45:18+00:00","http_req_duration","","default","https://your-username.pythonanywhere.com/client_register","POST","404","false","amazon:us:columbus","{'url': 'https://your-username.pythonanywhere.com/client_register', 'proto': 'HTTP/1.1', 'error_code': '1404', 'tls_version': 'tls1.3'}",5962,9.236705,10.6791244951359,9.91899967193604,14.4630002975464,18.6870002746582,50.13324,2.1346075783227
"2024-12-03T18:45:21+00:00","http_req_duration","","default","https://your-username.pythonanywhere.com/client_login","POST","404","false","amazon:us:columbus","{'url': 'https://your-username.pythonanywhere.com/client_login', 'proto': 'HTTP/1.1', 'error_code': '1404', 'tls_version': 'tls1.3'}",6044,9.248894,10.7365338183322,9.98299980163574,14.8470001220703,19.1439592933655,27.061398,1.99514498046076
"2024-12-03T18:45:21+00:00","http_req_duration","","default","https://your-username.pythonanywhere.com/client_register","POST","404","false","amazon:us:columbus","{'url': 'https://your-username.pythonanywhere.com/client_register', 'proto': 'HTTP/1.1', 'error_code': '1404', 'tls_version': 'tls1.3'}",6050,9.246861,10.6945465897521,9.91899967193604,14.6549997329712,18.7522804069519,27.863868,1.93521082070871
"2024-12-03T18:45:24+00:00","http_req_duration","","default","https://your-username.pythonanywhere.com/client_login","POST","404","false","amazon:us:columbus","{'url': 'https://your-username.pythonanywhere.com/client_login', 'proto': 'HTTP/1.1', 'error_code': '1404', 'tls_version': 'tls1.3'}",6154,9.26291,10.6863326454339,9.85499954223633,15.0389995574951,20.0949993133545,38.0041,2.29902041122636
"2024-12-03T18:45:24+00:00","http_req_duration","","default","https://your-username.pythonanywhere.com/client_register","POST","404","false","amazon:us:columbus","{'url': 'https://your-username.pythonanywhere.com/client_register', 'proto': 'HTTP/1.1', 'error_code': '1404', 'tls_version': 'tls1.3'}",6151,9.258922,10.7216811656641,9.85499954223633,15.1669998168945,20.2229995727539,38.41085,2.30004171623676
"2024-12-03T18:45:27+00:00","http_req_duration","","default","https://your-username.pythonanywhere.com/client_login","POST","404","false","amazon:us:columbus","{'url': 'https://your-username.pythonanywhere.com/client_login', 'proto': 'HTTP/1.1', 'error_code': '1404', 'tls_version': 'tls1.3'}",6157,9.272342,10.8953956808511,9.91899967193604,15.3590002059937,23.806999206543,50.387207,3.03056490191499
"2024-12-03T18:45:27+00:00","http_req_duration","","default","https://your-username.pythonanywhere.com/client_register","POST","404","false","amazon:us:columbus","{'url': 'https://your-username.pythonanywhere.com/client_register', 'proto': 'HTTP/1.1', 'error_code': '1404', 'tls_version': 'tls1.3'}",6158,9.287122,10.8744989072751,9.91899967193604,15.4326003551483,23.5510005950928,46.265271,2.85888778929578
"2024-12-03T18:45:30+00:00","http_req_duration","","default","https://your-username.pythonanywhere.com/client_login","POST","404","false","amazon:us:columbus","{'url': 'https://your-username.pythonanywhere.com/client_login', 'proto': 'HTTP/1.1', 'error_code': '1404', 'tls_version': 'tls1.3'}",6286,9.272824,10.80828919965,9.91899967193604,15.1669998168945,20.3701998710632,48.950909,2.35394599905494
"2024-12-03T18:45:30+00:00","http_req_duration","","default","https://your-username.pythonanywhere.com/client_register","POST","404","false","amazon:us:columbus","{'url': 'https://your-username.pythonanywhere.com/client_register', 'proto': 'HTTP/1.1', 'error_code': '1404', 'tls_version': 'tls1.3'}",6276,9.265677,10.8645659139579,9.91899967193604,15.2950000762939,21.2789998054504,48.610676,2.64826129276511
"2024-12-03T18:45:33+00:00","http_req_duration","","default","https://your-username.pythonanywhere.com/client_login","POST","404","false","amazon:us:columbus","{'url': 'https://your-username.pythonanywhere.com/client_login', 'proto': 'HTTP/1.1', 'error_code': '1404', 'tls_version': 'tls1.3'}",6311,9.25851,10.9179194031057,9.98299980163574,15.6149997711182,20.9909992218018,39.795353,2.42519888894041
"2024-12-03T18:45:33+00:00","http_req_duration","","default","https://your-username.pythonanywhere.com/client_register","POST","404","false","amazon:us:columbus","{'url': 'https://your-username.pythonanywhere.com/client_register', 'proto': 'HTTP/1.1', 'error_code': '1404', 'tls_version': 'tls1.3'}",6320,9.282904,10.9593499324367,10.0469999313354,15.871000289917,20.4546800422668,39.522573,2.42594428718853
"2024-12-03T18:45:36+00:00","http_req_duration","","default","https://your-username.pythonanywhere.com/client_login","POST","404","false","amazon:us:columbus","{'url': 'https://your-username.pythonanywhere.com/client_login', 'proto': 'HTTP/1.1', 'error_code': '1404', 'tls_version': 'tls1.3'}",6479,9.246785,10.8450966558111,9.85499954223633,15.8774003028869,22.5270004272461,57.779233,2.69875246397376
"2024-12-03T18:45:36+00:00","http_req_duration","","default","https://your-username.pythonanywhere.com/client_register","POST","404","false","amazon:us:columbus","{'url': 'https://your-username.pythonanywhere.com/client_register', 'proto': 'HTTP/1.1', 'error_code': '1404', 'tls_version': 'tls1.3'}",6468,9.259302,10.878164047619,9.85499954223633,16.6389999389648,22.9109992980957,57.50406,2.72117794341547
"2024-12-03T18:45:39+00:00","http_req_duration","","default","https://your-username.pythonanywhere.com/client_login","POST","404","false","amazon:us:columbus","{'url': 'https://your-username.pythonanywhere.com/client_login', 'proto': 'HTTP/1.1', 'error_code': '1404', 'tls_version': 'tls1.3'}",6599,9.252675,10.7314719833308,9.91899967193604,15.1669998168945,19.7110004425049,31.965618,2.12749338309509
"2024-12-03T18:45:39+00:00","http_req_duration","","default","https://your-username.pythonanywhere.com/client_register","POST","404","false","amazon:us:columbus","{'url': 'https://your-username.pythonanywhere.com/client_register', 'proto': 'HTTP/1.1', 'error_code': '1404', 'tls_version': 'tls1.3'}",6608,9.252198,10.7449750037833,9.91899967193604,15.1669998168945,20.2229995727539,33.529825,2.18589466759685
"2024-12-03T18:45:42+00:00","http_req_duration","","default","https://your-username.pythonanywhere.com/client_login","POST","404","false","amazon:us:columbus","{'url': 'https://your-username.pythonanywhere.com/client_login', 'proto': 'HTTP/1.1', 'error_code': '1404', 'tls_version': 'tls1.3'}",6392,9.251155,10.6523732537547,9.91899967193604,14.3990001678467,19.2105194282532,26.472838,1.93041243865256
"2024-12-03T18:45:42+00:00","http_req_duration","","default","https://your-username.pythonanywhere.com/client_register","POST","404","false","amazon:us:columbus","{'url': 'https://your-username.pythonanywhere.com/client_register', 'proto': 'HTTP/1.1', 'error_code': '1404', 'tls_version': 'tls1.3'}",6389,9.267482,10.6646482828299,9.91899967193604,14.5909996032715,18.943000793457,25.769879,1.94581453178832
"2024-12-03T18:45:45+00:00","http_req_duration","","default","https://your-username.pythonanywhere.com/client_login","POST","404","false","amazon:us:columbus","{'url': 'https://your-username.pythonanywhere.com/client_login', 'proto': 'HTTP/1.1', 'error_code': '1404', 'tls_version': 'tls1.3'}",5973,9.26421,10.7905795755901,9.91899967193604,15.1669998168945,21.154839553833,59.703805,2.50598632124438
"2024-12-03T18:45:45+00:00","http_req_duration","","default","https://your-username.pythonanywhere.com/client_register","POST","404","false","amazon:us:columbus","{'url': 'https://your-username.pythonanywhere.com/client_register', 'proto': 'HTTP/1.1', 'error_code': '1404', 'tls_version': 'tls1.3'}",5975,9.279072,10.817251505272,9.91899967193604,14.7829999923706,21.6642805862427,61.643744,2.82090534868197
"2024-12-03T18:45:48+00:00","http_req_duration","","default","https://your-username.pythonanywhere.com/client_login","POST","404","false","amazon:us:columbus","{'url': 'https://your-username.pythonanywhere.com/client_login', 'proto': 'HTTP/1.1', 'error_code': '1404', 'tls_version': 'tls1.3'}",5713,9.276036,10.6411080682654,9.85499954223633,14.0790004730225,19.0556393432617,64.922394,2.61368372763944
"2024-12-03T18:45:48+00:00","http_req_duration","","default","https://your-username.pythonanywhere.com/client_register","POST","404","false","amazon:us:columbus","{'url': 'https://your-username.pythonanywhere.com/client_register', 'proto': 'HTTP/1.1', 'error_code': '1404', 'tls_version': 'tls1.3'}",5706,9.248904,10.6854605392569,9.85499954223633,14.4630002975464,19.3205996513366,64.366837,2.48759331106186
"2024-12-03T18:45:51+00:00","http_req_duration","","default","https://your-username.pythonanywhere.com/client_login","POST","404","false","amazon:us:columbus","{'url': 'https://your-username.pythonanywhere.com/client_login', 'proto': 'HTTP/1.1', 'error_code': '1404', 'tls_version': 'tls1.3'}",5425,9.263023,10.5533433485714,9.91899967193604,13.8101999282837,18.0162808227539,30.111666,1.79399703905411
"2024-12-03T18:45:51+00:00","http_req_duration","","default","https://your-username.pythonanywhere.com/client_register","POST","404","false","amazon:us:columbus","{'url': 'https://your-username.pythonanywhere.com/client_register', 'proto': 'HTTP/1.1', 'error_code': '1404', 'tls_version': 'tls1.3'}",5426,9.266902,10.5793828507188,9.91899967193604,14.1429996490479,17.7910003662109,27.588348,1.8029342983227
"2024-12-03T18:45:54+00:00","http_req_duration","","default","https://your-username.pythonanywhere.com/client_login","POST","404","false","amazon:us:columbus","{'url': 'https://your-username.pythonanywhere.com/client_login', 'proto': 'HTTP/1.1', 'error_code': '1404', 'tls_version': 'tls1.3'}",5139,9.241322,10.4021434553415,9.72700023651123,13.3109998703003,17.6143600082397,56.377217,1.96686147483721
"2024-12-03T18:45:54+00:00","http_req_duration","","default","https://your-username.pythonanywhere.com/client_register","POST","404","false","amazon:us:columbus","{'url': 'https://your-username.pythonanywhere.com/client_register', 'proto': 'HTTP/1.1', 'error_code': '1404', 'tls_version': 'tls1.3'}",5139,9.263207,10.404274187196,9.79100036621094,13.0550003051758,17.4863597488403,58.239024,2.29835161981757
"2024-12-03T18:45:57+00:00","http_req_duration","","default","https://your-username.pythonanywhere.com/client_login","POST","404","false","amazon:us:columbus","{'url': 'https://your-username.pythonanywhere.com/client_login', 'proto': 'HTTP/1.1', 'error_code': '1404', 'tls_version': 'tls1.3'}",4837,9.25716,10.3372086725243,9.79100036621094,12.9270000457764,16.6389999389648,23.706349,1.43472224409921
"2024-12-03T18:45:57+00:00","http_req_duration","","default","https://your-username.pythonanywhere.com/client_register","POST","404","false","amazon:us:columbus","{'url': 'https://your-username.pythonanywhere.com/client_register', 'proto': 'HTTP/1.1', 'error_code': '1404', 'tls_version': 'tls1.3'}",4839,9.271173,10.3257329468899,9.79100036621094,12.9270000457764,16.1909999847412,23.28373,1.36495113366067
"2024-12-03T18:46:00+00:00","http_req_duration","","default","https://your-username.pythonanywhere.com/client_login","POST","404","false","amazon:us:columbus","{'url': 'https://your-username.pythonanywhere.com/client_login', 'proto': 'HTTP/1.1', 'error_code': '1404', 'tls_version': 'tls1.3'}",4477,9.248768,10.3492905429975,9.79100036621094,12.8629999160767,16.6697200012207,40.457761,1.69640281400938
"2024-12-03T18:46:00+00:00","http_req_duration","","default","https://your-username.pythonanywhere.com/client_register","POST","404","false","amazon:us:columbus","{'url': 'https://your-username.pythonanywhere.com/client_register', 'proto': 'HTTP/1.1', 'error_code': '1404', 'tls_version': 'tls1.3'}",4474,9.259527,10.3462376280733,9.79100036621094,12.8629999160767,15.8242801952362,40.593574,1.66436515787474
"2024-12-03T18:46:03+00:00","http_req_duration","","default","https://your-username.pythonanywhere.com/client_login","POST","404","false","amazon:us:columbus","{'url': 'https://your-username.pythonanywhere.com/client_login', 'proto': 'HTTP/1.1', 'error_code': '1404', 'tls_version': 'tls1.3'}",4198,9.280742,10.1906647008099,9.72700023651123,12.4790000915527,14.9769203567505,21.279414,1.15585788830787
"2024-12-03T18:46:03+00:00","http_req_duration","","default","https://your-username.pythonanywhere.com/client_register","POST","404","false","amazon:us:columbus","{'url': 'https://your-username.pythonanywhere.com/client_register', 'proto': 'HTTP/1.1', 'error_code': '1404', 'tls_version': 'tls1.3'}",4195,9.280194,10.174507984267,9.72700023651123,12.3509998321533,14.6588397407532,20.974994,1.11582530159975
"2024-12-03T18:46:06+00:00","http_req_duration","","default","https://your-username.pythonanywhere.com/client_login","POST","404","false","amazon:us:columbus","{'url': 'https://your-username.pythonanywhere.com/client_login', 'proto': 'HTTP/1.1', 'error_code': '1404', 'tls_version': 'tls1.3'}",3821,9.285938,10.2024349335253,9.66300010681152,12.5430002212524,15.7302000045776,34.811881,1.40328590564831
"2024-12-03T18:46:06+00:00","http_req_duration","","default","https://your-username.pythonanywhere.com/client_register","POST","404","false","amazon:us:columbus","{'url': 'https://your-username.pythonanywhere.com/client_register', 'proto': 'HTTP/1.1', 'error_code': '1404', 'tls_version': 'tls1.3'}",3819,9.284899,10.225934688662,9.72700023651123,12.4790000915527,15.7314800071716,39.318576,1.5234280197582
"2024-12-03T18:46:09+00:00","http_req_duration","","default","https://your-username.pythonanywhere.com/client_login","POST","404","false","amazon:us:columbus","{'url': 'https://your-username.pythonanywhere.com/client_login', 'proto': 'HTTP/1.1', 'error_code': '1404', 'tls_version': 'tls1.3'}",3470,9.301123,10.2289946818444,9.72700023651123,12.4790000915527,15.8908403301239,30.432546,1.36214551344241
"2024-12-03T18:46:09+00:00","http_req_duration","","default","https://your-username.pythonanywhere.com/client_register","POST","404","false","amazon:us:columbus","{'url': 'https://your-username.pythonanywhere.com/client_register', 'proto': 'HTTP/1.1', 'error_code': '1404', 'tls_version': 'tls1.3'}",3472,9.301051,10.2675094147465,9.72700023651123,12.6070003509521,15.4870004653931,37.991688,1.48208696788709
"2024-12-03T18:46:12+00:00","http_req_duration","","default","https://your-username.pythonanywhere.com/client_login","POST","404","false","amazon:us:columbus","{'url': 'https://your-username.pythonanywhere.com/client_login', 'proto': 'HTTP/1.1', 'error_code': '1404', 'tls_version': 'tls1.3'}",3183,9.279105,9.9521367819667,9.66300010681152,11.5190000534058,13.5030002593994,16.257377,0.790094961545183
"2024-12-03T18:46:12+00:00","http_req_duration","","default","https://your-username.pythonanywhere.com/client_register","POST","404","false","amazon:us:columbus","{'url': 'https://your-username.pythonanywhere.com/client_register', 'proto': 'HTTP/1.1', 'error_code': '1404', 'tls_version': 'tls1.3'}",3180,9.272188,10.001271477673,9.66300010681152,11.7110004425049,13.3884400272369,19.062299,0.86528561256867
"2024-12-03T18:46:15+00:00","http_req_duration","","default","https://your-username.pythonanywhere.com/client_login","POST","404","false","amazon:us:columbus","{'url': 'https://your-username.pythonanywhere.com/client_login', 'proto': 'HTTP/1.1', 'error_code': '1404', 'tls_version': 'tls1.3'}",2773,9.278431,10.1976976556077,9.66300010681152,12.0310001373291,14.9289202880859,65.755599,2.49557554899955
"2024-12-03T18:46:15+00:00","http_req_duration","","default","https://your-username.pythonanywhere.com/client_register","POST","404","false","amazon:us:columbus","{'url': 'https://your-username.pythonanywhere.com/client_register', 'proto': 'HTTP/1.1', 'error_code': '1404', 'tls_version': 'tls1.3'}",2769,9.236529,10.2672798526544,9.72700023651123,12.3253997802734,17.3199594116211,65.360456,2.70236126378306
"2024-12-03T18:46:18+00:00","http_req_duration","","default","https://your-username.pythonanywhere.com/client_login","POST","404","false","amazon:us:columbus","{'url': 'https://your-username.pythonanywhere.com/client_login', 'proto': 'HTTP/1.1', 'error_code': '1404', 'tls_version': 'tls1.3'}",2471,9.298781,10.0241578134359,9.66300010681152,11.83899974823,14.1813997268677,24.259957,1.04121212766842
"2024-12-03T18:46:18+00:00","http_req_duration","","default","https://your-username.pythonanywhere.com/client_register","POST","404","false","amazon:us:columbus","{'url': 'https://your-username.pythonanywhere.com/client_register', 'proto': 'HTTP/1.1', 'error_code': '1404', 'tls_version': 'tls1.3'}",2472,9.290698,9.97403553114887,9.66300010681152,11.7110004425049,13.3935600376129,20.590833,0.865393613077935
"2024-12-03T18:46:21+00:00","http_req_duration","","default","https://your-username.pythonanywhere.com/client_login","POST","404","false","amazon:us:columbus","{'url': 'https://your-username.pythonanywhere.com/client_login', 'proto': 'HTTP/1.1', 'error_code': '1404', 'tls_version': 'tls1.3'}",2126,9.282663,9.92794354421449,9.59899997711182,11.4389998912811,12.9910001754761,19.268975,0.866142949259945
"2024-12-03T18:46:21+00:00","http_req_duration","","default","https://your-username.pythonanywhere.com/client_register","POST","404","false","amazon:us:columbus","{'url': 'https://your-username.pythonanywhere.com/client_register', 'proto': 'HTTP/1.1', 'error_code': '1404', 'tls_version': 'tls1.3'}",2127,9.290422,9.93585130042313,9.66300010681152,11.4998000144958,12.798999786377,18.817716,0.810471109665094
"2024-12-03T18:46:24+00:00","http_req_duration","","default","https://your-username.pythonanywhere.com/client_login","POST","404","false","amazon:us:columbus","{'url': 'https://your-username.pythonanywhere.com/client_login', 'proto': 'HTTP/1.1', 'error_code': '1404', 'tls_version': 'tls1.3'}",1737,9.271132,10.1558391704087,9.66300010681152,12.1718002319336,15.6789999008179,34.300639,1.62817478375214
"2024-12-03T18:46:24+00:00","http_req_duration","","default","https://your-username.pythonanywhere.com/client_register","POST","404","false","amazon:us:columbus","{'url': 'https://your-username.pythonanywhere.com/client_register', 'proto': 'HTTP/1.1', 'error_code': '1404', 'tls_version': 'tls1.3'}",1731,9.288175,10.1650095002889,9.66300010681152,12.414999961853,16.0694006919861,34.097445,1.68944770048426
"2024-12-03T18:46:27+00:00","http_req_duration","","default","https://your-username.pythonanywhere.com/client_login","POST","404","false","amazon:us:columbus","{'url': 'https://your-username.pythonanywhere.com/client_login', 'proto': 'HTTP/1.1', 'error_code': '1404', 'tls_version': 'tls1.3'}",1409,9.277569,9.94636534137686,9.59899997711182,11.6214002609253,14.1429996490479,19.356766,0.948361802483689
"2024-12-03T18:46:27+00:00","http_req_duration","","default","https://your-username.pythonanywhere.com/client_register","POST","404","false","amazon:us:columbus","{'url': 'https://your-username.pythonanywhere.com/client_register', 'proto': 'HTTP/1.1', 'error_code': '1404', 'tls_version': 'tls1.3'}",1414,9.283633,9.94725944837341,9.66300010681152,11.4773999691009,13.750679807663,19.30643,0.892100351968321
"2024-12-03T18:46:30+00:00","http_req_duration","","default","https://your-username.pythonanywhere.com/client_login","POST","404","false","amazon:us:columbus","{'url': 'https://your-username.pythonanywhere.com/client_login', 'proto': 'HTTP/1.1', 'error_code': '1404', 'tls_version': 'tls1.3'}",1053,9.292645,10.0440268005698,9.66300010681152,11.9670000076294,13.5951599884033,21.572221,0.961216166971231
"2024-12-03T18:46:30+00:00","http_req_duration","","default","https://your-username.pythonanywhere.com/client_register","POST","404","false","amazon:us:columbus","{'url': 'https://your-username.pythonanywhere.com/client_register', 'proto': 'HTTP/1.1', 'error_code': '1404', 'tls_version': 'tls1.3'}",1048,9.291915,10.034433620229,9.66300010681152,12.0310001373291,13.4729201984406,21.773434,1.00662273852518
"2024-12-03T18:46:33+00:00","http_req_duration","","default","https://your-username.pythonanywhere.com/client_login","POST","404","false","amazon:us:columbus","{'url': 'https://your-username.pythonanywhere.com/client_login', 'proto': 'HTTP/1.1', 'error_code': '1404', 'tls_version': 'tls1.3'}",685,9.31652,10.2085452262774,9.59899997711182,12.414999961853,17.0434804534912,61.24948,2.32277555568854
"2024-12-03T18:46:33+00:00","http_req_duration","","default","https://your-username.pythonanywhere.com/client_register","POST","404","false","amazon:us:columbus","{'url': 'https://your-username.pythonanywhere.com/client_register', 'proto': 'HTTP/1.1', 'error_code': '1404', 'tls_version': 'tls1.3'}",685,9.319819,10.3669741430657,9.66300010681152,12.9910001754761,19.4037995147705,61.174144,3.18440039487443
"2024-12-03T18:46:36+00:00","http_req_duration","","default","https://your-username.pythonanywhere.com/client_login","POST","404","false","amazon:us:columbus","{'url': 'https://your-username.pythonanywhere.com/client_login', 'proto': 'HTTP/1.1', 'error_code': '1404', 'tls_version': 'tls1.3'}",352,9.347549,9.80997065056818,9.53499984741211,11.1638002872467,14.0150003433228,15.956669,0.831811989927951
"2024-12-03T18:46:36+00:00","http_req_duration","","default","https://your-username.pythonanywhere.com/client_register","POST","404","false","amazon:us:columbus","{'url': 'https://your-username.pythonanywhere.com/client_register', 'proto': 'HTTP/1.1', 'error_code': '1404', 'tls_version': 'tls1.3'}",351,9.301849,9.85155443304844,9.53499984741211,11.3589997291565,12.9590001106262,16.389606,0.809131337612377
"2024-12-03T18:46:39+00:00","http_req_duration","","default","https://your-username.pythonanywhere.com/client_login","POST","404","false","amazon:us:columbus","{'url': 'https://your-username.pythonanywhere.com/client_login', 'proto': 'HTTP/1.1', 'error_code': '1404', 'tls_version': 'tls1.3'}",41,9.387747,9.80558329268293,9.53499984741211,11.2629995346069,12.1593488693237,12.500915,0.654378631561661
"2024-12-03T18:46:39+00:00","http_req_duration","","default","https://your-username.pythonanywhere.com/client_register","POST","404","false","amazon:us:columbus","{'url': 'https://your-username.pythonanywhere.com/client_register', 'proto': 'HTTP/1.1', 'error_code': '1404', 'tls_version': 'tls1.3'}",40,9.420886,9.84599255,9.53499984741211,11.1766002178192,12.0985782623291,12.182702,0.653479351185046
