"time","metric","group","scenario","name","method","status","expected_response","load_zone","tags","nz_count","count"
"2024-12-03T18:42:09+00:00","http_req_failed","","default","https://your-username.pythonanywhere.com/client_login","POST","404","false","amazon:us:columbus","{'url': 'https://your-username.pythonanywhere.com/client_login', 'proto': 'HTTP/1.1', 'error_code': '1404', 'tls_version': 'tls1.3'}",100,100
"2024-12-03T18:42:09+00:00","http_req_failed","","default","https://your-username.pythonanywhere.com/client_register","POST","404","false","amazon:us:columbus","{'url': 'https://your-username.pythonanywhere.com/client_register', 'proto': 'HTTP/1.1', 'error_code': '1404', 'tls_version': 'tls1.3'}",101,101
"2024-12-03T18:42:12+00:00","http_req_failed","","default","https://your-username.pythonanywhere.com/client_login","POST","404","false","amazon:us:columbus","{'url': 'https://your-username.pythonanywhere.com/client_login', 'proto': 'HTTP/1.1', 'error_code': '1404', 'tls_version': 'tls1.3'}",229,229
"2024-12-03T18:42:12+00:00","http_req_failed","","default","https://your-username.pythonanywhere.com/client_register","POST","404","false","amazon:us:columbus","{'url': 'https://your-username.pythonanywhere.com/client_register', 'proto': 'HTTP/1.1', 'error_code': '1404', 'tls_version': 'tls1.3'}",229,229
"2024-12-03T18:42:15+00:00","http_req_failed","","default","https://your-username.pythonanywhere.com/client_login","POST","404","false","amazon:us:columbus","{'url': 'https://your-username.pythonanywhere.com/client_login', 'proto': 'HTTP/1.1', 'error_code': '1404', 'tls_version': 'tls1.3'}",347,347
"2024-12-03T18:42:15+00:00","http_req_failed","","default","https://your-username.pythonanywhere.com/client_register","POST","404","false","amazon:us:columbus","{'url': 'https://your-username.pythonanywhere.com/client_register', 'proto': 'HTTP/1.1', 'error_code': '1404', 'tls_version': 'tls1.3'}",349,349
"2024-12-03T18:42:18+00:00","http_req_failed","","default","https://your-username.pythonanywhere.com/client_login","POST","404","false","amazon:us:columbus","{'url': 'https://your-username.pythonanywhere.com/client_login', 'proto': 'HTTP/1.1', 'error_code': '1404', 'tls_version': 'tls1.3'}",479,479
"2024-12-03T18:42:18+00:00","http_req_failed","","default","https://your-username.pythonanywhere.com/client_register","POST","404","false","amazon:us:columbus","{'url': 'https://your-username.pythonanywhere.com/client_register', 'proto': 'HTTP/1.1', 'error_code': '1404', 'tls_version': 'tls1.3'}",477,477
"2024-12-03T18:42:21+00:00","http_req_failed","","default","https://your-username.pythonanywhere.com/client_login","POST","404","false","amazon:us:columbus","{'url': 'https://your-username.pythonanywhere.com/client_login', 'proto': 'HTTP/1.1', 'error_code': '1404', 'tls_version': 'tls1.3'}",603,603
"2024-12-03T18:42:21+00:00","http_req_failed","","default","https://your-username.pythonanywhere.com/client_register","POST","404","false","amazon:us:columbus","{'url': 'https://your-username.pythonanywhere.com/client_register', 'proto': 'HTTP/1.1', 'error_code': '1404', 'tls_version': 'tls1.3'}",603,603
"2024-12-03T18:42:24+00:00","http_req_failed","","default","https://your-username.pythonanywhere.com/client_login","POST","404","false","amazon:us:columbus","{'url': 'https://your-username.pythonanywhere.com/client_login', 'proto': 'HTTP/1.1', 'error_code': '1404', 'tls_version': 'tls1.3'}",730,730
"2024-12-03T18:42:24+00:00","http_req_failed","","default","https://your-username.pythonanywhere.com/client_register","POST","404","false","amazon:us:columbus","{'url': 'https://your-username.pythonanywhere.com/client_register', 'proto': 'HTTP/1.1', 'error_code': '1404', 'tls_version': 'tls1.3'}",733,733
"2024-12-03T18:42:27+00:00","http_req_failed","","default","https://your-username.pythonanywhere.com/client_login","POST","404","false","amazon:us:columbus","{'url': 'https://your-username.pythonanywhere.com/client_login', 'proto': 'HTTP/1.1', 'error_code': '1404', 'tls_version': 'tls1.3'}",860,860
"2024-12-03T18:42:27+00:00","http_req_failed","","default","https://your-username.pythonanywhere.com/client_register","POST","404","false","amazon:us:columbus","{'url': 'https://your-username.pythonanywhere.com/client_register', 'proto': 'HTTP/1.1', 'error_code': '1404', 'tls_version': 'tls1.3'}",857,857
"2024-12-03T18:42:30+00:00","http_req_failed","","default","https://your-username.pythonanywhere.com/client_login","POST","404","false","amazon:us:columbus","{'url': 'https://your-username.pythonanywhere.com/client_login', 'proto': 'HTTP/1.1', 'error_code': '1404', 'tls_version': 'tls1.3'}",996,996
"2024-12-03T18:42:30+00:00","http_req_failed","","default","https://your-username.pythonanywhere.com/client_register","POST","404","false","amazon:us:columbus","{'url': 'https://your-username.pythonanywhere.com/client_register', 'proto': 'HTTP/1.1', 'error_code': '1404', 'tls_version': 'tls1.3'}",998,998
"2024-12-03T18:42:33+00:00","http_req_failed","","default","https://your-username.pythonanywhere.com/client_login","POST","404","false","amazon:us:columbus","{'url': 'https://your-username.pythonanywhere.com/client_login', 'proto': 'HTTP/1.1', 'error_code': '1404', 'tls_version': 'tls1.3'}",1121,1121
"2024-12-03T18:42:33+00:00","http_req_failed","","default","https://your-username.pythonanywhere.com/client_register","POST","404","false","amazon:us:columbus","{'url': 'https://your-username.pythonanywhere.com/client_register', 'proto': 'HTTP/1.1', 'error_code': '1404', 'tls_version': 'tls1.3'}",1121,1121
"2024-12-03T18:42:36+00:00","http_req_failed","","default","https://your-username.pythonanywhere.com/client_login","POST","404","false","amazon:us:columbus","{'url': 'https://your-username.pythonanywhere.com/client_login', 'proto': 'HTTP/1.1', 'error_code': '1404', 'tls_version': 'tls1.3'}",1253,1253
"2024-12-03T18:42:36+00:00","http_req_failed","","default","https://your-username.pythonanywhere.com/client_register","POST","404","false","amazon:us:columbus","{'url': 'https://your-username.pythonanywhere.com/client_register', 'proto': 'HTTP/1.1', 'error_code': '1404', 'tls_version': 'tls1.3'}",1253,1253
"2024-12-03T18:42:39+00:00","http_req_failed","","default","https://your-username.pythonanywhere.com/client_login","POST","404","false","amazon:us:columbus","{'url': 'https://your-username.pythonanywhere.com/client_login', 'proto': 'HTTP/1.1', 'error_code': '1404', 'tls_version': 'tls1.3'}",1366,1366
"2024-12-03T18:42:39+00:00","http_req_failed","","default","https://your-username.pythonanywhere.com/client_register","POST","404","false","amazon:us:columbus","{'url': 'https://your-username.pythonanywhere.com/client_register', 'proto': 'HTTP/1.1', 'error_code': '1404', 'tls_version': 'tls1.3'}",1368,1368
"2024-12-03T18:42:42+00:00","http_req_failed","","default","https://your-username.pythonanywhere.com/client_login","POST","404","false","amazon:us:columbus","{'url': 'https://your-username.pythonanywhere.com/client_login', 'proto': 'HTTP/1.1', 'error_code': '1404', 'tls_version': 'tls1.3'}",1397,1397
"2024-12-03T18:42:42+00:00","http_req_failed","","default","https://your-username.pythonanywhere.com/client_register","POST","404","false","amazon:us:columbus","{'url': 'https://your-username.pythonanywhere.com/client_register', 'proto': 'HTTP/1.1', 'error_code': '1404', 'tls_version': 'tls1.3'}",1395,1395
"2024-12-03T18:42:45+00:00","http_req_failed","","default","https://your-username.pythonanywhere.com/client_login","POST","404","false","amazon:us:columbus","{'url': 'https://your-username.pythonanywhere.com/client_login', 'proto': 'HTTP/1.1', 'error_code': '1404', 'tls_version': 'tls1.3'}",1513,1513
"2024-12-03T18:42:45+00:00","http_req_failed","","default","https://your-username.pythonanywhere.com/client_register","POST","404","false","amazon:us:columbus","{'url': 'https://your-username.pythonanywhere.com/client_register', 'proto': 'HTTP/1.1', 'error_code': '1404', 'tls_version': 'tls1.3'}",1515,1515
"2024-12-03T18:42:48+00:00","http_req_failed","","default","https://your-username.pythonanywhere.com/client_login","POST","404","false","amazon:us:columbus","{'url': 'https://your-username.pythonanywhere.com/client_login', 'proto': 'HTTP/1.1', 'error_code': '1404', 'tls_version': 'tls1.3'}",1525,1525
"2024-12-03T18:42:48+00:00","http_req_failed","","default","https://your-username.pythonanywhere.com/client_register","POST","404","false","amazon:us:columbus","{'url': 'https://your-username.pythonanywhere.com/client_register', 'proto': 'HTTP/1.1', 'error_code': '1404', 'tls_version': 'tls1.3'}",1525,1525
"2024-12-03T18:42:51+00:00","http_req_failed","","default","https://your-username.pythonanywhere.com/client_login","POST","404","false","amazon:us:columbus","{'url': 'https://your-username.pythonanywhere.com/client_login', 'proto': 'HTTP/1.1', 'error_code': '1404', 'tls_version': 'tls1.3'}",1628,1628
"2024-12-03T18:42:51+00:00","http_req_failed","","default","https://your-username.pythonanywhere.com/client_register","POST","404","false","amazon:us:columbus","{'url': 'https://your-username.pythonanywhere.com/client_register', 'proto': 'HTTP/1.1', 'error_code': '1404', 'tls_version': 'tls1.3'}",1628,1628
"2024-12-03T18:42:54+00:00","http_req_failed","","default","https://your-username.pythonanywhere.com/client_login","POST","404","false","amazon:us:columbus","{'url': 'https://your-username.pythonanywhere.com/client_login', 'proto': 'HTTP/1.1', 'error_code': '1404', 'tls_version': 'tls1.3'}",1683,1683
"2024-12-03T18:42:54+00:00","http_req_failed","","default","https://your-username.pythonanywhere.com/client_register","POST","404","false","amazon:us:columbus","{'url': 'https://your-username.pythonanywhere.com/client_register', 'proto': 'HTTP/1.1', 'error_code': '1404', 'tls_version': 'tls1.3'}",1684,1684
"2024-12-03T18:42:57+00:00","http_req_failed","","default","https://your-username.pythonanywhere.com/client_login","POST","404","false","amazon:us:columbus","{'url': 'https://your-username.pythonanywhere.com/client_login', 'proto': 'HTTP/1.1', 'error_code': '1404', 'tls_version': 'tls1.3'}",1798,1798
"2024-12-03T18:42:57+00:00","http_req_failed","","default","https://your-username.pythonanywhere.com/client_register","POST","404","false","amazon:us:columbus","{'url': 'https://your-username.pythonanywhere.com/client_register', 'proto': 'HTTP/1.1', 'error_code': '1404', 'tls_version': 'tls1.3'}",1799,1799
"2024-12-03T18:43:00+00:00","http_req_failed","","default","https://your-username.pythonanywhere.com/client_login","POST","404","false","amazon:us:columbus","{'url': 'https://your-username.pythonanywhere.com/client_login', 'proto': 'HTTP/1.1', 'error_code': '1404', 'tls_version': 'tls1.3'}",1823,1823
"2024-12-03T18:43:00+00:00","http_req_failed","","default","https://your-username.pythonanywhere.com/client_register","POST","404","false","amazon:us:columbus","{'url': 'https://your-username.pythonanywhere.com/client_register', 'proto': 'HTTP/1.1', 'error_code': '1404', 'tls_version': 'tls1.3'}",1823,1823
"2024-12-03T18:43:03+00:00","http_req_failed","","default","https://your-username.pythonanywhere.com/client_login","POST","404","false","amazon:us:columbus","{'url': 'https://your-username.pythonanywhere.com/client_login', 'proto': 'HTTP/1.1', 'error_code': '1404', 'tls_version': 'tls1.3'}",1929,1929
"2024-12-03T18:43:03+00:00","http_req_failed","","default","https://your-username.pythonanywhere.com/client_register","POST","404","false","amazon:us:columbus","{'url': 'https://your-username.pythonanywhere.com/client_register', 'proto': 'HTTP/1.1', 'error_code': '1404', 'tls_version': 'tls1.3'}",1931,1931
"2024-12-03T18:43:06+00:00","http_req_failed","","default","https://your-username.pythonanywhere.com/client_login","POST","404","false","amazon:us:columbus","{'url': 'https://your-username.pythonanywhere.com/client_login', 'proto': 'HTTP/1.1', 'error_code': '1404', 'tls_version': 'tls1.3'}",1977,1977
"2024-12-03T18:43:06+00:00","http_req_failed","","default","https://your-username.pythonanywhere.com/client_register","POST","404","false","amazon:us:columbus","{'url': 'https://your-username.pythonanywhere.com/client_register', 'proto': 'HTTP/1.1', 'error_code': '1404', 'tls_version': 'tls1.3'}",1978,1978
"2024-12-03T18:43:09+00:00","http_req_failed","","default","https://your-username.pythonanywhere.com/client_login","POST","404","false","amazon:us:columbus","{'url': 'https://your-username.pythonanywhere.com/client_login', 'proto': 'HTTP/1.1', 'error_code': '1404', 'tls_version': 'tls1.3'}",2087,2087
"2024-12-03T18:43:09+00:00","http_req_failed","","default","https://your-username.pythonanywhere.com/client_register","POST","404","false","amazon:us:columbus","{'url': 'https://your-username.pythonanywhere.com/client_register', 'proto': 'HTTP/1.1', 'error_code': '1404', 'tls_version': 'tls1.3'}",2083,2083
"2024-12-03T18:43:12+00:00","http_req_failed","","default","https://your-username.pythonanywhere.com/client_login","POST","404","false","amazon:us:columbus","{'url': 'https://your-username.pythonanywhere.com/client_login', 'proto': 'HTTP/1.1', 'error_code': '1404', 'tls_version': 'tls1.3'}",2133,2133
"2024-12-03T18:43:12+00:00","http_req_failed","","default","https://your-username.pythonanywhere.com/client_register","POST","404","false","amazon:us:columbus","{'url': 'https://your-username.pythonanywhere.com/client_register', 'proto': 'HTTP/1.1', 'error_code': '1404', 'tls_version': 'tls1.3'}",2135,2135
"2024-12-03T18:43:15+00:00","http_req_failed","","default","https://your-username.pythonanywhere.com/client_login","POST","404","false","amazon:us:columbus","{'url': 'https://your-username.pythonanywhere.com/client_login', 'proto': 'HTTP/1.1', 'error_code': '1404', 'tls_version': 'tls1.3'}",2225,2225
"2024-12-03T18:43:15+00:00","http_req_failed","","default","https://your-username.pythonanywhere.com/client_register","POST","404","false","amazon:us:columbus","{'url': 'https://your-username.pythonanywhere.com/client_register', 'proto': 'HTTP/1.1', 'error_code': '1404', 'tls_version': 'tls1.3'}",2227,2227
"2024-12-03T18:43:18+00:00","http_req_failed","","default","https://your-username.pythonanywhere.com/client_login","POST","404","false","amazon:us:columbus","{'url': 'https://your-username.pythonanywhere.com/client_login', 'proto': 'HTTP/1.1', 'error_code': '1404', 'tls_version': 'tls1.3'}",2223,2223
"2024-12-03T18:43:18+00:00","http_req_failed","","default","https://your-username.pythonanywhere.com/client_register","POST","404","false","amazon:us:columbus","{'url': 'https://your-username.pythonanywhere.com/client_register', 'proto': 'HTTP/1.1', 'error_code': '1404', 'tls_version': 'tls1.3'}",2220,2220
"2024-12-03T18:43:21+00:00","http_req_failed","","default","https://your-username.pythonanywhere.com/client_login","POST","404","false","amazon:us:columbus","{'url': 'https://your-username.pythonanywhere.com/client_login', 'proto': 'HTTP/1.1', 'error_code': '1404', 'tls_version': 'tls1.3'}",2342,2342
"2024-12-03T18:43:21+00:00","http_req_failed","","default","https://your-username.pythonanywhere.com/client_register","POST","404","false","amazon:us:columbus","{'url': 'https://your-username.pythonanywhere.com/client_register', 'proto': 'HTTP/1.1', 'error_code': '1404', 'tls_version': 'tls1.3'}",2342,2342
"2024-12-03T18:43:24+00:00","http_req_failed","","default","https://your-username.pythonanywhere.com/client_login","POST","404","false","amazon:us:columbus","{'url': 'https://your-username.pythonanywhere.com/client_login', 'proto': 'HTTP/1.1', 'error_code': '1404', 'tls_version': 'tls1.3'}",2364,2364
"2024-12-03T18:43:24+00:00","http_req_failed","","default","https://your-username.pythonanywhere.com/client_register","POST","404","false","amazon:us:columbus","{'url': 'https://your-username.pythonanywhere.com/client_register', 'proto': 'HTTP/1.1', 'error_code': '1404', 'tls_version': 'tls1.3'}",2362,2362
"2024-12-03T18:43:27+00:00","http_req_failed","","default","https://your-username.pythonanywhere.com/client_login","POST","404","false","amazon:us:columbus","{'url': 'https://your-username.pythonanywhere.com/client_login', 'proto': 'HTTP/1.1', 'error_code': '1404', 'tls_version': 'tls1.3'}",2458,2458
"2024-12-03T18:43:27+00:00","http_req_failed","","default","https://your-username.pythonanywhere.com/client_register","POST","404","false","amazon:us:columbus","{'url': 'https://your-username.pythonanywhere.com/client_register', 'proto': 'HTTP/1.1', 'error_code': '1404', 'tls_version': 'tls1.3'}",2461,2461
"2024-12-03T18:43:30+00:00","http_req_failed","","default","https://your-username.pythonanywhere.com/client_login","POST","404","false","amazon:us:columbus","{'url': 'https://your-username.pythonanywhere.com/client_login', 'proto': 'HTTP/1.1', 'error_code': '1404', 'tls_version': 'tls1.3'}",2454,2454
"2024-12-03T18:43:30+00:00","http_req_failed","","default","https://your-username.pythonanywhere.com/client_register","POST","404","false","amazon:us:columbus","{'url': 'https://your-username.pythonanywhere.com/client_register', 'proto': 'HTTP/1.1', 'error_code': '1404', 'tls_version': 'tls1.3'}",2454,2454
"2024-12-03T18:43:33+00:00","http_req_failed","","default","https://your-username.pythonanywhere.com/client_login","POST","404","false","amazon:us:columbus","{'url': 'https://your-username.pythonanywhere.com/client_login', 'proto': 'HTTP/1.1', 'error_code': '1404', 'tls_version': 'tls1.3'}",2619,2619
"2024-12-03T18:43:33+00:00","http_req_failed","","default","https://your-username.pythonanywhere.com/client_register","POST","404","false","amazon:us:columbus","{'url': 'https://your-username.pythonanywhere.com/client_register', 'proto': 'HTTP/1.1', 'error_code': '1404', 'tls_version': 'tls1.3'}",2616,2616
"2024-12-03T18:43:36+00:00","http_req_failed","","default","https://your-username.pythonanywhere.com/client_login","POST","404","false","amazon:us:columbus","{'url': 'https://your-username.pythonanywhere.com/client_login', 'proto': 'HTTP/1.1', 'error_code': '1404', 'tls_version': 'tls1.3'}",2682,2682
"2024-12-03T18:43:36+00:00","http_req_failed","","default","https://your-username.pythonanywhere.com/client_register","POST","404","false","amazon:us:columbus","{'url': 'https://your-username.pythonanywhere.com/client_register', 'proto': 'HTTP/1.1', 'error_code': '1404', 'tls_version': 'tls1.3'}",2687,2687
"2024-12-03T18:43:39+00:00","http_req_failed","","default","https://your-username.pythonanywhere.com/client_login","POST","404","false","amazon:us:columbus","{'url': 'https://your-username.pythonanywhere.com/client_login', 'proto': 'HTTP/1.1', 'error_code': '1404', 'tls_version': 'tls1.3'}",2751,2751
"2024-12-03T18:43:39+00:00","http_req_failed","","default","https://your-username.pythonanywhere.com/client_register","POST","404","false","amazon:us:columbus","{'url': 'https://your-username.pythonanywhere.com/client_register', 'proto': 'HTTP/1.1', 'error_code': '1404', 'tls_version': 'tls1.3'}",2751,2751
"2024-12-03T18:43:42+00:00","http_req_failed","","default","https://your-username.pythonanywhere.com/client_login","POST","404","false","amazon:us:columbus","{'url': 'https://your-username.pythonanywhere.com/client_login', 'proto': 'HTTP/1.1', 'error_code': '1404', 'tls_version': 'tls1.3'}",2873,2873
"2024-12-03T18:43:42+00:00","http_req_failed","","default","https://your-username.pythonanywhere.com/client_register","POST","404","false","amazon:us:columbus","{'url': 'https://your-username.pythonanywhere.com/client_register', 'proto': 'HTTP/1.1', 'error_code': '1404', 'tls_version': 'tls1.3'}",2872,2872
"2024-12-03T18:43:45+00:00","http_req_failed","","default","https://your-username.pythonanywhere.com/client_login","POST","404","false","amazon:us:columbus","{'url': 'https://your-username.pythonanywhere.com/client_login', 'proto': 'HTTP/1.1', 'error_code': '1404', 'tls_version': 'tls1.3'}",2917,2917
"2024-12-03T18:43:45+00:00","http_req_failed","","default","https://your-username.pythonanywhere.com/client_register","POST","404","false","amazon:us:columbus","{'url': 'https://your-username.pythonanywhere.com/client_register', 'proto': 'HTTP/1.1', 'error_code': '1404', 'tls_version': 'tls1.3'}",2920,2920
"2024-12-03T18:43:48+00:00","http_req_failed","","default","https://your-username.pythonanywhere.com/client_login","POST","404","false","amazon:us:columbus","{'url': 'https://your-username.pythonanywhere.com/client_login', 'proto': 'HTTP/1.1', 'error_code': '1404', 'tls_version': 'tls1.3'}",3096,3096
"2024-12-03T18:43:48+00:00","http_req_failed","","default","https://your-username.pythonanywhere.com/client_register","POST","404","false","amazon:us:columbus","{'url': 'https://your-username.pythonanywhere.com/client_register', 'proto': 'HTTP/1.1', 'error_code': '1404', 'tls_version': 'tls1.3'}",3096,3096
"2024-12-03T18:43:51+00:00","http_req_failed","","default","https://your-username.pythonanywhere.com/client_login","POST","404","false","amazon:us:columbus","{'url': 'https://your-username.pythonanywhere.com/client_login', 'proto': 'HTTP/1.1', 'error_code': '1404', 'tls_version': 'tls1.3'}",3197,3197
"2024-12-03T18:43:51+00:00","http_req_failed","","default","https://your-username.pythonanywhere.com/client_register","POST","404","false","amazon:us:columbus","{'url': 'https://your-username.pythonanywhere.com/client_register', 'proto': 'HTTP/1.1', 'error_code': '1404', 'tls_version': 'tls1.3'}",3197,3197
"2024-12-03T18:43:54+00:00","http_req_failed","","default","https://your-username.pythonanywhere.com/client_login","POST","404","false","amazon:us:columbus","{'url': 'https://your-username.pythonanywhere.com/client_login', 'proto': 'HTTP/1.1', 'error_code': '1404', 'tls_version': 'tls1.3'}",3272,3272
"2024-12-03T18:43:54+00:00","http_req_failed","","default","https://your-username.pythonanywhere.com/client_register","POST","404","false","amazon:us:columbus","{'url': 'https://your-username.pythonanywhere.com/client_register', 'proto': 'HTTP/1.1', 'error_code': '1404', 'tls_version': 'tls1.3'}",3272,3272
"2024-12-03T18:43:57+00:00","http_req_failed","","default","https://your-username.pythonanywhere.com/client_login","POST","404","false","amazon:us:columbus","{'url': 'https://your-username.pythonanywhere.com/client_login', 'proto': 'HTTP/1.1', 'error_code': '1404', 'tls_version': 'tls1.3'}",3368,3368
"2024-12-03T18:43:57+00:00","http_req_failed","","default","https://your-username.pythonanywhere.com/client_register","POST","404","false","amazon:us:columbus","{'url': 'https://your-username.pythonanywhere.com/client_register', 'proto': 'HTTP/1.1', 'error_code': '1404', 'tls_version': 'tls1.3'}",3368,3368
"2024-12-03T18:44:00+00:00","http_req_failed","","default","https://your-username.pythonanywhere.com/client_login","POST","404","false","amazon:us:columbus","{'url': 'https://your-username.pythonanywhere.com/client_login', 'proto': 'HTTP/1.1', 'error_code': '1404', 'tls_version': 'tls1.3'}",3486,3486
"2024-12-03T18:44:00+00:00","http_req_failed","","default","https://your-username.pythonanywhere.com/client_register","POST","404","false","amazon:us:columbus","{'url': 'https://your-username.pythonanywhere.com/client_register', 'proto': 'HTTP/1.1', 'error_code': '1404', 'tls_version': 'tls1.3'}",3489,3489
"2024-12-03T18:44:03+00:00","http_req_failed","","default","https://your-username.pythonanywhere.com/client_login","POST","404","false","amazon:us:columbus","{'url': 'https://your-username.pythonanywhere.com/client_login', 'proto': 'HTTP/1.1', 'error_code': '1404', 'tls_version': 'tls1.3'}",3610,3610
"2024-12-03T18:44:03+00:00","http_req_failed","","default","https://your-username.pythonanywhere.com/client_register","POST","404","false","amazon:us:columbus","{'url': 'https://your-username.pythonanywhere.com/client_register', 'proto': 'HTTP/1.1', 'error_code': '1404', 'tls_version': 'tls1.3'}",3612,3612
"2024-12-03T18:44:06+00:00","http_req_failed","","default","https://your-username.pythonanywhere.com/client_login","POST","404","false","amazon:us:columbus","{'url': 'https://your-username.pythonanywhere.com/client_login', 'proto': 'HTTP/1.1', 'error_code': '1404', 'tls_version': 'tls1.3'}",3687,3687
"2024-12-03T18:44:06+00:00","http_req_failed","","default","https://your-username.pythonanywhere.com/client_register","POST","404","false","amazon:us:columbus","{'url': 'https://your-username.pythonanywhere.com/client_register', 'proto': 'HTTP/1.1', 'error_code': '1404', 'tls_version': 'tls1.3'}",3683,3683
"2024-12-03T18:44:09+00:00","http_req_failed","","default","https://your-username.pythonanywhere.com/client_login","POST","404","false","amazon:us:columbus","{'url': 'https://your-username.pythonanywhere.com/client_login', 'proto': 'HTTP/1.1', 'error_code': '1404', 'tls_version': 'tls1.3'}",3776,3776
"2024-12-03T18:44:09+00:00","http_req_failed","","default","https://your-username.pythonanywhere.com/client_register","POST","404","false","amazon:us:columbus","{'url': 'https://your-username.pythonanywhere.com/client_register', 'proto': 'HTTP/1.1', 'error_code': '1404', 'tls_version': 'tls1.3'}",3775,3775
"2024-12-03T18:44:12+00:00","http_req_failed","","default","https://your-username.pythonanywhere.com/client_login","POST","404","false","amazon:us:columbus","{'url': 'https://your-username.pythonanywhere.com/client_login', 'proto': 'HTTP/1.1', 'error_code': '1404', 'tls_version': 'tls1.3'}",3875,3875
"2024-12-03T18:44:12+00:00","http_req_failed","","default","https://your-username.pythonanywhere.com/client_register","POST","404","false","amazon:us:columbus","{'url': 'https://your-username.pythonanywhere.com/client_register', 'proto': 'HTTP/1.1', 'error_code': '1404', 'tls_version': 'tls1.3'}",3878,3878
"2024-12-03T18:44:15+00:00","http_req_failed","","default","https://your-username.pythonanywhere.com/client_login","POST","404","false","amazon:us:columbus","{'url': 'https://your-username.pythonanywhere.com/client_login', 'proto': 'HTTP/1.1', 'error_code': '1404', 'tls_version': 'tls1.3'}",4017,4017
"2024-12-03T18:44:15+00:00","http_req_failed","","default","https://your-username.pythonanywhere.com/client_register","POST","404","false","amazon:us:columbus","{'url': 'https://your-username.pythonanywhere.com/client_register', 'proto': 'HTTP/1.1', 'error_code': '1404', 'tls_version': 'tls1.3'}",4014,4014
"2024-12-03T18:44:18+00:00","http_req_failed","","default","https://your-username.pythonanywhere.com/client_login","POST","404","false","amazon:us:columbus","{'url': 'https://your-username.pythonanywhere.com/client_login', 'proto': 'HTTP/1.1', 'error_code': '1404', 'tls_version': 'tls1.3'}",4090,4090
"2024-12-03T18:44:18+00:00","http_req_failed","","default","https://your-username.pythonanywhere.com/client_register","POST","404","false","amazon:us:columbus","{'url': 'https://your-username.pythonanywhere.com/client_register', 'proto': 'HTTP/1.1', 'error_code': '1404', 'tls_version': 'tls1.3'}",4092,4092
"2024-12-03T18:44:21+00:00","http_req_failed","","default","https://your-username.pythonanywhere.com/client_login","POST","404","false","amazon:us:columbus","{'url': 'https://your-username.pythonanywhere.com/client_login', 'proto': 'HTTP/1.1', 'error_code': '1404', 'tls_version': 'tls1.3'}",4204,4204
"2024-12-03T18:44:21+00:00","http_req_failed","","default","https://your-username.pythonanywhere.com/client_register","POST","404","false","amazon:us:columbus","{'url': 'https://your-username.pythonanywhere.com/client_register', 'proto': 'HTTP/1.1', 'error_code': '1404', 'tls_version': 'tls1.3'}",4208,4208
"2024-12-03T18:44:24+00:00","http_req_failed","","default","https://your-username.pythonanywhere.com/client_login","POST","404","false","amazon:us:columbus","{'url': 'https://your-username.pythonanywhere.com/client_login', 'proto': 'HTTP/1.1', 'error_code': '1404', 'tls_version': 'tls1.3'}",4309,4309
"2024-12-03T18:44:24+00:00","http_req_failed","","default","https://your-username.pythonanywhere.com/client_register","POST","404","false","amazon:us:columbus","{'url': 'https://your-username.pythonanywhere.com/client_register', 'proto': 'HTTP/1.1', 'error_code': '1404', 'tls_version': 'tls1.3'}",4305,4305
"2024-12-03T18:44:27+00:00","http_req_failed","","default","https://your-username.pythonanywhere.com/client_login","POST","404","false","amazon:us:columbus","{'url': 'https://your-username.pythonanywhere.com/client_login', 'proto': 'HTTP/1.1', 'error_code': '1404', 'tls_version': 'tls1.3'}",4377,4377
"2024-12-03T18:44:27+00:00","http_req_failed","","default","https://your-username.pythonanywhere.com/client_register","POST","404","false","amazon:us:columbus","{'url': 'https://your-username.pythonanywhere.com/client_register', 'proto': 'HTTP/1.1', 'error_code': '1404', 'tls_version': 'tls1.3'}",4382,4382
"2024-12-03T18:44:30+00:00","http_req_failed","","default","https://your-username.pythonanywhere.com/client_login","POST","404","false","amazon:us:columbus","{'url': 'https://your-username.pythonanywhere.com/client_login', 'proto': 'HTTP/1.1', 'error_code': '1404', 'tls_version': 'tls1.3'}",4469,4469
"2024-12-03T18:44:30+00:00","http_req_failed","","default","https://your-username.pythonanywhere.com/client_register","POST","404","false","amazon:us:columbus","{'url': 'https://your-username.pythonanywhere.com/client_register', 'proto': 'HTTP/1.1', 'error_code': '1404', 'tls_version': 'tls1.3'}",4459,4459
"2024-12-03T18:44:33+00:00","http_req_failed","","default","https://your-username.pythonanywhere.com/client_login","POST","404","false","amazon:us:columbus","{'url': 'https://your-username.pythonanywhere.com/client_login', 'proto': 'HTTP/1.1', 'error_code': '1404', 'tls_version': 'tls1.3'}",4526,4526
"2024-12-03T18:44:33+00:00","http_req_failed","","default","https://your-username.pythonanywhere.com/client_register","POST","404","false","amazon:us:columbus","{'url': 'https://your-username.pythonanywhere.com/client_register', 'proto': 'HTTP/1.1', 'error_code': '1404', 'tls_version': 'tls1.3'}",4535,4535
"2024-12-03T18:44:36+00:00","http_req_failed","","default","https://your-username.pythonanywhere.com/client_login","POST","404","false","amazon:us:columbus","{'url': 'https://your-username.pythonanywhere.com/client_login', 'proto': 'HTTP/1.1', 'error_code': '1404', 'tls_version': 'tls1.3'}",4660,4660
"2024-12-03T18:44:36+00:00","http_req_failed","","default","https://your-username.pythonanywhere.com/client_register","POST","404","false","amazon:us:columbus","{'url': 'https://your-username.pythonanywhere.com/client_register', 'proto': 'HTTP/1.1', 'error_code': '1404', 'tls_version': 'tls1.3'}",4655,4655
"2024-12-03T18:44:39+00:00","http_req_failed","","default","https://your-username.pythonanywhere.com/client_login","POST","404","false","amazon:us:columbus","{'url': 'https://your-username.pythonanywhere.com/client_login', 'proto': 'HTTP/1.1', 'error_code': '1404', 'tls_version': 'tls1.3'}",4817,4817
"2024-12-03T18:44:39+00:00","http_req_failed","","default","https://your-username.pythonanywhere.com/client_register","POST","404","false","amazon:us:columbus","{'url': 'https://your-username.pythonanywhere.com/client_register', 'proto': 'HTTP/1.1', 'error_code': '1404', 'tls_version': 'tls1.3'}",4819,4819
"2024-12-03T18:44:42+00:00","http_req_failed","","default","https://your-username.pythonanywhere.com/client_login","POST","404","false","amazon:us:columbus","{'url': 'https://your-username.pythonanywhere.com/client_login', 'proto': 'HTTP/1.1', 'error_code': '1404', 'tls_version': 'tls1.3'}",4891,4891
"2024-12-03T18:44:42+00:00","http_req_failed","","default","https://your-username.pythonanywhere.com/client_register","POST","404","false","amazon:us:columbus","{'url': 'https://your-username.pythonanywhere.com/client_register', 'proto': 'HTTP/1.1', 'error_code': '1404', 'tls_version': 'tls1.3'}",4895,4895
"2024-12-03T18:44:45+00:00","http_req_failed","","default","https://your-username.pythonanywhere.com/client_login","POST","404","false","amazon:us:columbus","{'url': 'https://your-username.pythonanywhere.com/client_login', 'proto': 'HTTP/1.1', 'error_code': '1404', 'tls_version': 'tls1.3'}",4972,4972
"2024-12-03T18:44:45+00:00","http_req_failed","","default","https://your-username.pythonanywhere.com/client_register","POST","404","false","amazon:us:columbus","{'url': 'https://your-username.pythonanywhere.com/client_register', 'proto': 'HTTP/1.1', 'error_code': '1404', 'tls_version': 'tls1.3'}",4975,4975
"2024-12-03T18:44:48+00:00","http_req_failed","","default","https://your-username.pythonanywhere.com/client_login","POST","404","false","amazon:us:columbus","{'url': 'https://your-username.pythonanywhere.com/client_login', 'proto': 'HTTP/1.1', 'error_code': '1404', 'tls_version': 'tls1.3'}",5027,5027
"2024-12-03T18:44:48+00:00","http_req_failed","","default","https://your-username.pythonanywhere.com/client_register","POST","404","false","amazon:us:columbus","{'url': 'https://your-username.pythonanywhere.com/client_register', 'proto': 'HTTP/1.1', 'error_code': '1404', 'tls_version': 'tls1.3'}",5026,5026
"2024-12-03T18:44:51+00:00","http_req_failed","","default","https://your-username.pythonanywhere.com/client_login","POST","404","false","amazon:us:columbus","{'url': 'https://your-username.pythonanywhere.com/client_login', 'proto': 'HTTP/1.1', 'error_code': '1404', 'tls_version': 'tls1.3'}",5228,5228
"2024-12-03T18:44:51+00:00","http_req_failed","","default","https://your-username.pythonanywhere.com/client_register","POST","404","false","amazon:us:columbus","{'url': 'https://your-username.pythonanywhere.com/client_register', 'proto': 'HTTP/1.1', 'error_code': '1404', 'tls_version': 'tls1.3'}",5225,5225
"2024-12-03T18:44:54+00:00","http_req_failed","","default","https://your-username.pythonanywhere.com/client_login","POST","404","false","amazon:us:columbus","{'url': 'https://your-username.pythonanywhere.com/client_login', 'proto': 'HTTP/1.1', 'error_code': '1404', 'tls_version': 'tls1.3'}",5272,5272
"2024-12-03T18:44:54+00:00","http_req_failed","","default","https://your-username.pythonanywhere.com/client_register","POST","404","false","amazon:us:columbus","{'url': 'https://your-username.pythonanywhere.com/client_register', 'proto': 'HTTP/1.1', 'error_code': '1404', 'tls_version': 'tls1.3'}",5270,5270
"2024-12-03T18:44:57+00:00","http_req_failed","","default","https://your-username.pythonanywhere.com/client_login","POST","404","false","amazon:us:columbus","{'url': 'https://your-username.pythonanywhere.com/client_login', 'proto': 'HTTP/1.1', 'error_code': '1404', 'tls_version': 'tls1.3'}",5254,5254
"2024-12-03T18:44:57+00:00","http_req_failed","","default","https://your-username.pythonanywhere.com/client_register","POST","404","false","amazon:us:columbus","{'url': 'https://your-username.pythonanywhere.com/client_register', 'proto': 'HTTP/1.1', 'error_code': '1404', 'tls_version': 'tls1.3'}",5253,5253
"2024-12-03T18:45:00+00:00","http_req_failed","","default","https://your-username.pythonanywhere.com/client_login","POST","404","false","amazon:us:columbus","{'url': 'https://your-username.pythonanywhere.com/client_login', 'proto': 'HTTP/1.1', 'error_code': '1404', 'tls_version': 'tls1.3'}",5456,5456
"2024-12-03T18:45:00+00:00","http_req_failed","","default","https://your-username.pythonanywhere.com/client_register","POST","404","false","amazon:us:columbus","{'url': 'https://your-username.pythonanywhere.com/client_register', 'proto': 'HTTP/1.1', 'error_code': '1404', 'tls_version': 'tls1.3'}",5459,5459
"2024-12-03T18:45:03+00:00","http_req_failed","","default","https://your-username.pythonanywhere.com/client_login","POST","404","false","amazon:us:columbus","{'url': 'https://your-username.pythonanywhere.com/client_login', 'proto': 'HTTP/1.1', 'error_code': '1404', 'tls_version': 'tls1.3'}",5574,5574
"2024-12-03T18:45:03+00:00","http_req_failed","","default","https://your-username.pythonanywhere.com/client_register","POST","404","false","amazon:us:columbus","{'url': 'https://your-username.pythonanywhere.com/client_register', 'proto': 'HTTP/1.1', 'error_code': '1404', 'tls_version': 'tls1.3'}",5569,5569
"2024-12-03T18:45:06+00:00","http_req_failed","","default","https://your-username.pythonanywhere.com/client_login","POST","404","false","amazon:us:columbus","{'url': 'https://your-username.pythonanywhere.com/client_login', 'proto': 'HTTP/1.1', 'error_code': '1404', 'tls_version': 'tls1.3'}",5608,5608
"2024-12-03T18:45:06+00:00","http_req_failed","","default","https://your-username.pythonanywhere.com/client_register","POST","404","false","amazon:us:columbus","{'url': 'https://your-username.pythonanywhere.com/client_register', 'proto': 'HTTP/1.1', 'error_code': '1404', 'tls_version': 'tls1.3'}",5615,5615
"2024-12-03T18:45:09+00:00","http_req_failed","","default","https://your-username.pythonanywhere.com/client_login","POST","404","false","amazon:us:columbus","{'url': 'https://your-username.pythonanywhere.com/client_login', 'proto': 'HTTP/1.1', 'error_code': '1404', 'tls_version': 'tls1.3'}",5690,5690
"2024-12-03T18:45:09+00:00","http_req_failed","","default","https://your-username.pythonanywhere.com/client_register","POST","404","false","amazon:us:columbus","{'url': 'https://your-username.pythonanywhere.com/client_register', 'proto': 'HTTP/1.1', 'error_code': '1404', 'tls_version': 'tls1.3'}",5697,5697
"2024-12-03T18:45:12+00:00","http_req_failed","","default","https://your-username.pythonanywhere.com/client_login","POST","404","false","amazon:us:columbus","{'url': 'https://your-username.pythonanywhere.com/client_login', 'proto': 'HTTP/1.1', 'error_code': '1404', 'tls_version': 'tls1.3'}",5883,5883
"2024-12-03T18:45:12+00:00","http_req_failed","","default","https://your-username.pythonanywhere.com/client_register","POST","404","false","amazon:us:columbus","{'url': 'https://your-username.pythonanywhere.com/client_register', 'proto': 'HTTP/1.1', 'error_code': '1404', 'tls_version': 'tls1.3'}",5877,5877
"2024-12-03T18:45:15+00:00","http_req_failed","","default","https://your-username.pythonanywhere.com/client_login","POST","404","false","amazon:us:columbus","{'url': 'https://your-username.pythonanywhere.com/client_login', 'proto': 'HTTP/1.1', 'error_code': '1404', 'tls_version': 'tls1.3'}",5789,5789
"2024-12-03T18:45:15+00:00","http_req_failed","","default","https://your-username.pythonanywhere.com/client_register","POST","404","false","amazon:us:columbus","{'url': 'https://your-username.pythonanywhere.com/client_register', 'proto': 'HTTP/1.1', 'error_code': '1404', 'tls_version': 'tls1.3'}",5794,5794
"2024-12-03T18:45:18+00:00","http_req_failed","","default","https://your-username.pythonanywhere.com/client_login","POST","404","false","amazon:us:columbus","{'url': 'https://your-username.pythonanywhere.com/client_login', 'proto': 'HTTP/1.1', 'error_code': '1404', 'tls_version': 'tls1.3'}",5965,5965
"2024-12-03T18:45:18+00:00","http_req_failed","","default","https://your-username.pythonanywhere.com/client_register","POST","404","false","amazon:us:columbus","{'url': 'https://your-username.pythonanywhere.com/client_register', 'proto': 'HTTP/1.1', 'error_code': '1404', 'tls_version': 'tls1.3'}",5962,5962
"2024-12-03T18:45:21+00:00","http_req_failed","","default","https://your-username.pythonanywhere.com/client_login","POST","404","false","amazon:us:columbus","{'url': 'https://your-username.pythonanywhere.com/client_login', 'proto': 'HTTP/1.1', 'error_code': '1404', 'tls_version': 'tls1.3'}",6044,6044
"2024-12-03T18:45:21+00:00","http_req_failed","","default","https://your-username.pythonanywhere.com/client_register","POST","404","false","amazon:us:columbus","{'url': 'https://your-username.pythonanywhere.com/client_register', 'proto': 'HTTP/1.1', 'error_code': '1404', 'tls_version': 'tls1.3'}",6050,6050
"2024-12-03T18:45:24+00:00","http_req_failed","","default","https://your-username.pythonanywhere.com/client_login","POST","404","false","amazon:us:columbus","{'url': 'https://your-username.pythonanywhere.com/client_login', 'proto': 'HTTP/1.1', 'error_code': '1404', 'tls_version': 'tls1.3'}",6154,6154
"2024-12-03T18:45:24+00:00","http_req_failed","","default","https://your-username.pythonanywhere.com/client_register","POST","404","false","amazon:us:columbus","{'url': 'https://your-username.pythonanywhere.com/client_register', 'proto': 'HTTP/1.1', 'error_code': '1404', 'tls_version': 'tls1.3'}",6151,6151
"2024-12-03T18:45:27+00:00","http_req_failed","","default","https://your-username.pythonanywhere.com/client_login","POST","404","false","amazon:us:columbus","{'url': 'https://your-username.pythonanywhere.com/client_login', 'proto': 'HTTP/1.1', 'error_code': '1404', 'tls_version': 'tls1.3'}",6157,6157
"2024-12-03T18:45:27+00:00","http_req_failed","","default","https://your-username.pythonanywhere.com/client_register","POST","404","false","amazon:us:columbus","{'url': 'https://your-username.pythonanywhere.com/client_register', 'proto': 'HTTP/1.1', 'error_code': '1404', 'tls_version': 'tls1.3'}",6158,6158
"2024-12-03T18:45:30+00:00","http_req_failed","","default","https://your-username.pythonanywhere.com/client_login","POST","404","false","amazon:us:columbus","{'url': 'https://your-username.pythonanywhere.com/client_login', 'proto': 'HTTP/1.1', 'error_code': '1404', 'tls_version': 'tls1.3'}",6286,6286
"2024-12-03T18:45:30+00:00","http_req_failed","","default","https://your-username.pythonanywhere.com/client_register","POST","404","false","amazon:us:columbus","{'url': 'https://your-username.pythonanywhere.com/client_register', 'proto': 'HTTP/1.1', 'error_code': '1404', 'tls_version': 'tls1.3'}",6276,6276
"2024-12-03T18:45:33+00:00","http_req_failed","","default","https://your-username.pythonanywhere.com/client_login","POST","404","false","amazon:us:columbus","{'url': 'https://your-username.pythonanywhere.com/client_login', 'proto': 'HTTP/1.1', 'error_code': '1404', 'tls_version': 'tls1.3'}",6311,6311
"2024-12-03T18:45:33+00:00","http_req_failed","","default","https://your-username.pythonanywhere.com/client_register","POST","404","false","amazon:us:columbus","{'url': 'https://your-username.pythonanywhere.com/client_register', 'proto': 'HTTP/1.1', 'error_code': '1404', 'tls_version': 'tls1.3'}",6320,6320
"2024-12-03T18:45:36+00:00","http_req_failed","","default","https://your-username.pythonanywhere.com/client_login","POST","404","false","amazon:us:columbus","{'url': 'https://your-username.pythonanywhere.com/client_login', 'proto': 'HTTP/1.1', 'error_code': '1404', 'tls_version': 'tls1.3'}",6479,6479
"2024-12-03T18:45:36+00:00","http_req_failed","","default","https://your-username.pythonanywhere.com/client_register","POST","404","false","amazon:us:columbus","{'url': 'https://your-username.pythonanywhere.com/client_register', 'proto': 'HTTP/1.1', 'error_code': '1404', 'tls_version': 'tls1.3'}",6468,6468
"2024-12-03T18:45:39+00:00","http_req_failed","","default","https://your-username.pythonanywhere.com/client_login","POST","404","false","amazon:us:columbus","{'url': 'https://your-username.pythonanywhere.com/client_login', 'proto': 'HTTP/1.1', 'error_code': '1404', 'tls_version': 'tls1.3'}",6599,6599
"2024-12-03T18:45:39+00:00","http_req_failed","","default","https://your-username.pythonanywhere.com/client_register","POST","404","false","amazon:us:columbus","{'url': 'https://your-username.pythonanywhere.com/client_register', 'proto': 'HTTP/1.1', 'error_code': '1404', 'tls_version': 'tls1.3'}",6608,6608
"2024-12-03T18:45:42+00:00","http_req_failed","","default","https://your-username.pythonanywhere.com/client_login","POST","404","false","amazon:us:columbus","{'url': 'https://your-username.pythonanywhere.com/client_login', 'proto': 'HTTP/1.1', 'error_code': '1404', 'tls_version': 'tls1.3'}",6392,6392
"2024-12-03T18:45:42+00:00","http_req_failed","","default","https://your-username.pythonanywhere.com/client_register","POST","404","false","amazon:us:columbus","{'url': 'https://your-username.pythonanywhere.com/client_register', 'proto': 'HTTP/1.1', 'error_code': '1404', 'tls_version': 'tls1.3'}",6389,6389
"2024-12-03T18:45:45+00:00","http_req_failed","","default","https://your-username.pythonanywhere.com/client_login","POST","404","false","amazon:us:columbus","{'url': 'https://your-username.pythonanywhere.com/client_login', 'proto': 'HTTP/1.1', 'error_code': '1404', 'tls_version': 'tls1.3'}",5973,5973
"2024-12-03T18:45:45+00:00","http_req_failed","","default","https://your-username.pythonanywhere.com/client_register","POST","404","false","amazon:us:columbus","{'url': 'https://your-username.pythonanywhere.com/client_register', 'proto': 'HTTP/1.1', 'error_code': '1404', 'tls_version': 'tls1.3'}",5975,5975
"2024-12-03T18:45:48+00:00","http_req_failed","","default","https://your-username.pythonanywhere.com/client_login","POST","404","false","amazon:us:columbus","{'url': 'https://your-username.pythonanywhere.com/client_login', 'proto': 'HTTP/1.1', 'error_code': '1404', 'tls_version': 'tls1.3'}",5713,5713
"2024-12-03T18:45:48+00:00","http_req_failed","","default","https://your-username.pythonanywhere.com/client_register","POST","404","false","amazon:us:columbus","{'url': 'https://your-username.pythonanywhere.com/client_register', 'proto': 'HTTP/1.1', 'error_code': '1404', 'tls_version': 'tls1.3'}",5706,5706
"2024-12-03T18:45:51+00:00","http_req_failed","","default","https://your-username.pythonanywhere.com/client_login","POST","404","false","amazon:us:columbus","{'url': 'https://your-username.pythonanywhere.com/client_login', 'proto': 'HTTP/1.1', 'error_code': '1404', 'tls_version': 'tls1.3'}",5425,5425
"2024-12-03T18:45:51+00:00","http_req_failed","","default","https://your-username.pythonanywhere.com/client_register","POST","404","false","amazon:us:columbus","{'url': 'https://your-username.pythonanywhere.com/client_register', 'proto': 'HTTP/1.1', 'error_code': '1404', 'tls_version': 'tls1.3'}",5426,5426
"2024-12-03T18:45:54+00:00","http_req_failed","","default","https://your-username.pythonanywhere.com/client_login","POST","404","false","amazon:us:columbus","{'url': 'https://your-username.pythonanywhere.com/client_login', 'proto': 'HTTP/1.1', 'error_code': '1404', 'tls_version': 'tls1.3'}",5139,5139
"2024-12-03T18:45:54+00:00","http_req_failed","","default","https://your-username.pythonanywhere.com/client_register","POST","404","false","amazon:us:columbus","{'url': 'https://your-username.pythonanywhere.com/client_register', 'proto': 'HTTP/1.1', 'error_code': '1404', 'tls_version': 'tls1.3'}",5139,5139
"2024-12-03T18:45:57+00:00","http_req_failed","","default","https://your-username.pythonanywhere.com/client_login","POST","404","false","amazon:us:columbus","{'url': 'https://your-username.pythonanywhere.com/client_login', 'proto': 'HTTP/1.1', 'error_code': '1404', 'tls_version': 'tls1.3'}",4837,4837
"2024-12-03T18:45:57+00:00","http_req_failed","","default","https://your-username.pythonanywhere.com/client_register","POST","404","false","amazon:us:columbus","{'url': 'https://your-username.pythonanywhere.com/client_register', 'proto': 'HTTP/1.1', 'error_code': '1404', 'tls_version': 'tls1.3'}",4839,4839
"2024-12-03T18:46:00+00:00","http_req_failed","","default","https://your-username.pythonanywhere.com/client_login","POST","404","false","amazon:us:columbus","{'url': 'https://your-username.pythonanywhere.com/client_login', 'proto': 'HTTP/1.1', 'error_code': '1404', 'tls_version': 'tls1.3'}",4477,4477
"2024-12-03T18:46:00+00:00","http_req_failed","","default","https://your-username.pythonanywhere.com/client_register","POST","404","false","amazon:us:columbus","{'url': 'https://your-username.pythonanywhere.com/client_register', 'proto': 'HTTP/1.1', 'error_code': '1404', 'tls_version': 'tls1.3'}",4474,4474
"2024-12-03T18:46:03+00:00","http_req_failed","","default","https://your-username.pythonanywhere.com/client_login","POST","404","false","amazon:us:columbus","{'url': 'https://your-username.pythonanywhere.com/client_login', 'proto': 'HTTP/1.1', 'error_code': '1404', 'tls_version': 'tls1.3'}",4198,4198
"2024-12-03T18:46:03+00:00","http_req_failed","","default","https://your-username.pythonanywhere.com/client_register","POST","404","false","amazon:us:columbus","{'url': 'https://your-username.pythonanywhere.com/client_register', 'proto': 'HTTP/1.1', 'error_code': '1404', 'tls_version': 'tls1.3'}",4195,4195
"2024-12-03T18:46:06+00:00","http_req_failed","","default","https://your-username.pythonanywhere.com/client_login","POST","404","false","amazon:us:columbus","{'url': 'https://your-username.pythonanywhere.com/client_login', 'proto': 'HTTP/1.1', 'error_code': '1404', 'tls_version': 'tls1.3'}",3821,3821
"2024-12-03T18:46:06+00:00","http_req_failed","","default","https://your-username.pythonanywhere.com/client_register","POST","404","false","amazon:us:columbus","{'url': 'https://your-username.pythonanywhere.com/client_register', 'proto': 'HTTP/1.1', 'error_code': '1404', 'tls_version': 'tls1.3'}",3819,3819
"2024-12-03T18:46:09+00:00","http_req_failed","","default","https://your-username.pythonanywhere.com/client_login","POST","404","false","amazon:us:columbus","{'url': 'https://your-username.pythonanywhere.com/client_login', 'proto': 'HTTP/1.1', 'error_code': '1404', 'tls_version': 'tls1.3'}",3470,3470
"2024-12-03T18:46:09+00:00","http_req_failed","","default","https://your-username.pythonanywhere.com/client_register","POST","404","false","amazon:us:columbus","{'url': 'https://your-username.pythonanywhere.com/client_register', 'proto': 'HTTP/1.1', 'error_code': '1404', 'tls_version': 'tls1.3'}",3472,3472
"2024-12-03T18:46:12+00:00","http_req_failed","","default","https://your-username.pythonanywhere.com/client_login","POST","404","false","amazon:us:columbus","{'url': 'https://your-username.pythonanywhere.com/client_login', 'proto': 'HTTP/1.1', 'error_code': '1404', 'tls_version': 'tls1.3'}",3183,3183
"2024-12-03T18:46:12+00:00","http_req_failed","","default","https://your-username.pythonanywhere.com/client_register","POST","404","false","amazon:us:columbus","{'url': 'https://your-username.pythonanywhere.com/client_register', 'proto': 'HTTP/1.1', 'error_code': '1404', 'tls_version': 'tls1.3'}",3180,3180
"2024-12-03T18:46:15+00:00","http_req_failed","","default","https://your-username.pythonanywhere.com/client_login","POST","404","false","amazon:us:columbus","{'url': 'https://your-username.pythonanywhere.com/client_login', 'proto': 'HTTP/1.1', 'error_code': '1404', 'tls_version': 'tls1.3'}",2773,2773
"2024-12-03T18:46:15+00:00","http_req_failed","","default","https://your-username.pythonanywhere.com/client_register","POST","404","false","amazon:us:columbus","{'url': 'https://your-username.pythonanywhere.com/client_register', 'proto': 'HTTP/1.1', 'error_code': '1404', 'tls_version': 'tls1.3'}",2769,2769
"2024-12-03T18:46:18+00:00","http_req_failed","","default","https://your-username.pythonanywhere.com/client_login","POST","404","false","amazon:us:columbus","{'url': 'https://your-username.pythonanywhere.com/client_login', 'proto': 'HTTP/1.1', 'error_code': '1404', 'tls_version': 'tls1.3'}",2471,2471
"2024-12-03T18:46:18+00:00","http_req_failed","","default","https://your-username.pythonanywhere.com/client_register","POST","404","false","amazon:us:columbus","{'url': 'https://your-username.pythonanywhere.com/client_register', 'proto': 'HTTP/1.1', 'error_code': '1404', 'tls_version': 'tls1.3'}",2472,2472
"2024-12-03T18:46:21+00:00","http_req_failed","","default","https://your-username.pythonanywhere.com/client_login","POST","404","false","amazon:us:columbus","{'url': 'https://your-username.pythonanywhere.com/client_login', 'proto': 'HTTP/1.1', 'error_code': '1404', 'tls_version': 'tls1.3'}",2126,2126
"2024-12-03T18:46:21+00:00","http_req_failed","","default","https://your-username.pythonanywhere.com/client_register","POST","404","false","amazon:us:columbus","{'url': 'https://your-username.pythonanywhere.com/client_register', 'proto': 'HTTP/1.1', 'error_code': '1404', 'tls_version': 'tls1.3'}",2127,2127
"2024-12-03T18:46:24+00:00","http_req_failed","","default","https://your-username.pythonanywhere.com/client_login","POST","404","false","amazon:us:columbus","{'url': 'https://your-username.pythonanywhere.com/client_login', 'proto': 'HTTP/1.1', 'error_code': '1404', 'tls_version': 'tls1.3'}",1737,1737
"2024-12-03T18:46:24+00:00","http_req_failed","","default","https://your-username.pythonanywhere.com/client_register","POST","404","false","amazon:us:columbus","{'url': 'https://your-username.pythonanywhere.com/client_register', 'proto': 'HTTP/1.1', 'error_code': '1404', 'tls_version': 'tls1.3'}",1731,1731
"2024-12-03T18:46:27+00:00","http_req_failed","","default","https://your-username.pythonanywhere.com/client_login","POST","404","false","amazon:us:columbus","{'url': 'https://your-username.pythonanywhere.com/client_login', 'proto': 'HTTP/1.1', 'error_code': '1404', 'tls_version': 'tls1.3'}",1409,1409
"2024-12-03T18:46:27+00:00","http_req_failed","","default","https://your-username.pythonanywhere.com/client_register","POST","404","false","amazon:us:columbus","{'url': 'https://your-username.pythonanywhere.com/client_register', 'proto': 'HTTP/1.1', 'error_code': '1404', 'tls_version': 'tls1.3'}",1414,1414
"2024-12-03T18:46:30+00:00","http_req_failed","","default","https://your-username.pythonanywhere.com/client_login","POST","404","false","amazon:us:columbus","{'url': 'https://your-username.pythonanywhere.com/client_login', 'proto': 'HTTP/1.1', 'error_code': '1404', 'tls_version': 'tls1.3'}",1053,1053
"2024-12-03T18:46:30+00:00","http_req_failed","","default","https://your-username.pythonanywhere.com/client_register","POST","404","false","amazon:us:columbus","{'url': 'https://your-username.pythonanywhere.com/client_register', 'proto': 'HTTP/1.1', 'error_code': '1404', 'tls_version': 'tls1.3'}",1048,1048
"2024-12-03T18:46:33+00:00","http_req_failed","","default","https://your-username.pythonanywhere.com/client_login","POST","404","false","amazon:us:columbus","{'url': 'https://your-username.pythonanywhere.com/client_login', 'proto': 'HTTP/1.1', 'error_code': '1404', 'tls_version': 'tls1.3'}",685,685
"2024-12-03T18:46:33+00:00","http_req_failed","","default","https://your-username.pythonanywhere.com/client_register","POST","404","false","amazon:us:columbus","{'url': 'https://your-username.pythonanywhere.com/client_register', 'proto': 'HTTP/1.1', 'error_code': '1404', 'tls_version': 'tls1.3'}",685,685
"2024-12-03T18:46:36+00:00","http_req_failed","","default","https://your-username.pythonanywhere.com/client_login","POST","404","false","amazon:us:columbus","{'url': 'https://your-username.pythonanywhere.com/client_login', 'proto': 'HTTP/1.1', 'error_code': '1404', 'tls_version': 'tls1.3'}",352,352
"2024-12-03T18:46:36+00:00","http_req_failed","","default","https://your-username.pythonanywhere.com/client_register","POST","404","false","amazon:us:columbus","{'url': 'https://your-username.pythonanywhere.com/client_register', 'proto': 'HTTP/1.1', 'error_code': '1404', 'tls_version': 'tls1.3'}",351,351
"2024-12-03T18:46:39+00:00","http_req_failed","","default","https://your-username.pythonanywhere.com/client_login","POST","404","false","amazon:us:columbus","{'url': 'https://your-username.pythonanywhere.com/client_login', 'proto': 'HTTP/1.1', 'error_code': '1404', 'tls_version': 'tls1.3'}",41,41
"2024-12-03T18:46:39+00:00","http_req_failed","","default","https://your-username.pythonanywhere.com/client_register","POST","404","false","amazon:us:columbus","{'url': 'https://your-username.pythonanywhere.com/client_register', 'proto': 'HTTP/1.1', 'error_code': '1404', 'tls_version': 'tls1.3'}",40,40
