"time","metric","scenario","group","load_zone","tags","count"
"2024-12-03T18:42:09+00:00","data_received","default","","amazon:us:columbus","{}",637707
"2024-12-03T18:42:12+00:00","data_received","default","","amazon:us:columbus","{}",1461600
"2024-12-03T18:42:15+00:00","data_received","default","","amazon:us:columbus","{}",2215987
"2024-12-03T18:42:18+00:00","data_received","default","","amazon:us:columbus","{}",3058820
"2024-12-03T18:42:21+00:00","data_received","default","","amazon:us:columbus","{}",3845203
"2024-12-03T18:42:24+00:00","data_received","default","","amazon:us:columbus","{}",4656459
"2024-12-03T18:42:27+00:00","data_received","default","","amazon:us:columbus","{}",5483706
"2024-12-03T18:42:30+00:00","data_received","default","","amazon:us:columbus","{}",6351802
"2024-12-03T18:42:33+00:00","data_received","default","","amazon:us:columbus","{}",7150428
"2024-12-03T18:42:36+00:00","data_received","default","","amazon:us:columbus","{}",7993262
"2024-12-03T18:42:39+00:00","data_received","default","","amazon:us:columbus","{}",8713104
"2024-12-03T18:42:42+00:00","data_received","default","","amazon:us:columbus","{}",8911908
"2024-12-03T18:42:45+00:00","data_received","default","","amazon:us:columbus","{}",9641851
"2024-12-03T18:42:48+00:00","data_received","default","","amazon:us:columbus","{}",9729475
"2024-12-03T18:42:51+00:00","data_received","default","","amazon:us:columbus","{}",10383184
"2024-12-03T18:42:54+00:00","data_received","default","","amazon:us:columbus","{}",10730673
"2024-12-03T18:42:57+00:00","data_received","default","","amazon:us:columbus","{}",11466112
"2024-12-03T18:43:00+00:00","data_received","default","","amazon:us:columbus","{}",11624066
"2024-12-03T18:43:03+00:00","data_received","default","","amazon:us:columbus","{}",12305581
"2024-12-03T18:43:06+00:00","data_received","default","","amazon:us:columbus","{}",12611803
"2024-12-03T18:43:09+00:00","data_received","default","","amazon:us:columbus","{}",13306783
"2024-12-03T18:43:12+00:00","data_received","default","","amazon:us:columbus","{}",13599956
"2024-12-03T18:43:15+00:00","data_received","default","","amazon:us:columbus","{}",14187933
"2024-12-03T18:43:18+00:00","data_received","default","","amazon:us:columbus","{}",14177844
"2024-12-03T18:43:21+00:00","data_received","default","","amazon:us:columbus","{}",14941509
"2024-12-03T18:43:24+00:00","data_received","default","","amazon:us:columbus","{}",15074587
"2024-12-03T18:43:27+00:00","data_received","default","","amazon:us:columbus","{}",15674399
"2024-12-03T18:43:30+00:00","data_received","default","","amazon:us:columbus","{}",15652076
"2024-12-03T18:43:33+00:00","data_received","default","","amazon:us:columbus","{}",16703407
"2024-12-03T18:43:36+00:00","data_received","default","","amazon:us:columbus","{}",17104394
"2024-12-03T18:43:39+00:00","data_received","default","","amazon:us:columbus","{}",17540332
"2024-12-03T18:43:42+00:00","data_received","default","","amazon:us:columbus","{}",18316643
"2024-12-03T18:43:45+00:00","data_received","default","","amazon:us:columbus","{}",18613177
"2024-12-03T18:43:48+00:00","data_received","default","","amazon:us:columbus","{}",19743688
"2024-12-03T18:43:51+00:00","data_received","default","","amazon:us:columbus","{}",20387695
"2024-12-03T18:43:54+00:00","data_received","default","","amazon:us:columbus","{}",20867475
"2024-12-03T18:43:57+00:00","data_received","default","","amazon:us:columbus","{}",21476943
"2024-12-03T18:44:00+00:00","data_received","default","","amazon:us:columbus","{}",22231335
"2024-12-03T18:44:03+00:00","data_received","default","","amazon:us:columbus","{}",23020666
"2024-12-03T18:44:06+00:00","data_received","default","","amazon:us:columbus","{}",23509689
"2024-12-03T18:44:09+00:00","data_received","default","","amazon:us:columbus","{}",24090542
"2024-12-03T18:44:12+00:00","data_received","default","","amazon:us:columbus","{}",24700437
"2024-12-03T18:44:15+00:00","data_received","default","","amazon:us:columbus","{}",25625000
"2024-12-03T18:44:18+00:00","data_received","default","","amazon:us:columbus","{}",26085806
"2024-12-03T18:44:21+00:00","data_received","default","","amazon:us:columbus","{}",26811966
"2024-12-03T18:44:24+00:00","data_received","default","","amazon:us:columbus","{}",27466465
"2024-12-03T18:44:27+00:00","data_received","default","","amazon:us:columbus","{}",27922708
"2024-12-03T18:44:30+00:00","data_received","default","","amazon:us:columbus","{}",28500994
"2024-12-03T18:44:33+00:00","data_received","default","","amazon:us:columbus","{}",28867042
"2024-12-03T18:44:36+00:00","data_received","default","","amazon:us:columbus","{}",29707732
"2024-12-03T18:44:39+00:00","data_received","default","","amazon:us:columbus","{}",30726269
"2024-12-03T18:44:42+00:00","data_received","default","","amazon:us:columbus","{}",31196739
"2024-12-03T18:44:45+00:00","data_received","default","","amazon:us:columbus","{}",31702579
"2024-12-03T18:44:48+00:00","data_received","default","","amazon:us:columbus","{}",32053062
"2024-12-03T18:44:51+00:00","data_received","default","","amazon:us:columbus","{}",33343640
"2024-12-03T18:44:54+00:00","data_received","default","","amazon:us:columbus","{}",33627523
"2024-12-03T18:44:57+00:00","data_received","default","","amazon:us:columbus","{}",33507890
"2024-12-03T18:45:00+00:00","data_received","default","","amazon:us:columbus","{}",34784132
"2024-12-03T18:45:03+00:00","data_received","default","","amazon:us:columbus","{}",35550340
"2024-12-03T18:45:06+00:00","data_received","default","","amazon:us:columbus","{}",35762184
"2024-12-03T18:45:09+00:00","data_received","default","","amazon:us:columbus","{}",36283230
"2024-12-03T18:45:12+00:00","data_received","default","","amazon:us:columbus","{}",37517383
"2024-12-03T18:45:15+00:00","data_received","default","","amazon:us:columbus","{}",36929390
"2024-12-03T18:45:18+00:00","data_received","default","","amazon:us:columbus","{}",38037992
"2024-12-03T18:45:21+00:00","data_received","default","","amazon:us:columbus","{}",38532023
"2024-12-03T18:45:24+00:00","data_received","default","","amazon:us:columbus","{}",39262047
"2024-12-03T18:45:27+00:00","data_received","default","","amazon:us:columbus","{}",39254373
"2024-12-03T18:45:30+00:00","data_received","default","","amazon:us:columbus","{}",40087182
"2024-12-03T18:45:33+00:00","data_received","default","","amazon:us:columbus","{}",40256938
"2024-12-03T18:45:36+00:00","data_received","default","","amazon:us:columbus","{}",41306112
"2024-12-03T18:45:39+00:00","data_received","default","","amazon:us:columbus","{}",42079860
"2024-12-03T18:45:42+00:00","data_received","default","","amazon:us:columbus","{}",40777547
"2024-12-03T18:45:45+00:00","data_received","default","","amazon:us:columbus","{}",38088962
"2024-12-03T18:45:48+00:00","data_received","default","","amazon:us:columbus","{}",36428527
"2024-12-03T18:45:51+00:00","data_received","default","","amazon:us:columbus","{}",34585308
"2024-12-03T18:45:54+00:00","data_received","default","","amazon:us:columbus","{}",32778382
"2024-12-03T18:45:57+00:00","data_received","default","","amazon:us:columbus","{}",30849649
"2024-12-03T18:46:00+00:00","data_received","default","","amazon:us:columbus","{}",28548577
"2024-12-03T18:46:03+00:00","data_received","default","","amazon:us:columbus","{}",26771110
"2024-12-03T18:46:06+00:00","data_received","default","","amazon:us:columbus","{}",24371491
"2024-12-03T18:46:09+00:00","data_received","default","","amazon:us:columbus","{}",22118421
"2024-12-03T18:46:12+00:00","data_received","default","","amazon:us:columbus","{}",20308126
"2024-12-03T18:46:15+00:00","data_received","default","","amazon:us:columbus","{}",17688183
"2024-12-03T18:46:18+00:00","data_received","default","","amazon:us:columbus","{}",15753563
"2024-12-03T18:46:21+00:00","data_received","default","","amazon:us:columbus","{}",13559096
"2024-12-03T18:46:24+00:00","data_received","default","","amazon:us:columbus","{}",11080705
"2024-12-03T18:46:27+00:00","data_received","default","","amazon:us:columbus","{}",8981823
"2024-12-03T18:46:30+00:00","data_received","default","","amazon:us:columbus","{}",6717838
"2024-12-03T18:46:33+00:00","data_received","default","","amazon:us:columbus","{}",4372141
"2024-12-03T18:46:36+00:00","data_received","default","","amazon:us:columbus","{}",2241659
"2024-12-03T18:46:39+00:00","data_received","default","","amazon:us:columbus","{}",261991
