"time","metric","scenario","group","load_zone","tags","count","min","mean","max","last"
"2024-12-03T18:42:09+00:00","load_generator_file_handles","","","amazon:us:columbus","{'instance_id': '0'}",3,160.0,160.0,160.0,160.0
"2024-12-03T18:42:12+00:00","load_generator_file_handles","","","amazon:us:columbus","{'instance_id': '0'}",3,160.0,160.0,160.0,160.0
"2024-12-03T18:42:15+00:00","load_generator_file_handles","","","amazon:us:columbus","{'instance_id': '0'}",3,160.0,160.0,160.0,160.0
"2024-12-03T18:42:18+00:00","load_generator_file_handles","","","amazon:us:columbus","{'instance_id': '0'}",3,160.0,160.0,160.0,160.0
"2024-12-03T18:42:21+00:00","load_generator_file_handles","","","amazon:us:columbus","{'instance_id': '0'}",3,160.0,160.0,160.0,160.0
"2024-12-03T18:42:24+00:00","load_generator_file_handles","","","amazon:us:columbus","{'instance_id': '0'}",3,160.0,160.0,160.0,160.0
"2024-12-03T18:42:27+00:00","load_generator_file_handles","","","amazon:us:columbus","{'instance_id': '0'}",3,160.0,160.0,160.0,160.0
"2024-12-03T18:42:30+00:00","load_generator_file_handles","","","amazon:us:columbus","{'instance_id': '0'}",3,160.0,160.0,160.0,160.0
"2024-12-03T18:42:33+00:00","load_generator_file_handles","","","amazon:us:columbus","{'instance_id': '0'}",3,160.0,149.333333333333,128.0,128.0
"2024-12-03T18:42:36+00:00","load_generator_file_handles","","","amazon:us:columbus","{'instance_id': '0'}",3,128.0,128.0,128.0,128.0
"2024-12-03T18:42:39+00:00","load_generator_file_handles","","","amazon:us:columbus","{'instance_id': '0'}",3,128.0,128.0,128.0,128.0
"2024-12-03T18:42:42+00:00","load_generator_file_handles","","","amazon:us:columbus","{'instance_id': '0'}",3,160.0,160.0,160.0,160.0
"2024-12-03T18:42:45+00:00","load_generator_file_handles","","","amazon:us:columbus","{'instance_id': '0'}",3,160.0,160.0,160.0,160.0
"2024-12-03T18:42:48+00:00","load_generator_file_handles","","","amazon:us:columbus","{'instance_id': '0'}",3,160.0,160.0,160.0,160.0
"2024-12-03T18:42:51+00:00","load_generator_file_handles","","","amazon:us:columbus","{'instance_id': '0'}",3,160.0,160.0,160.0,160.0
"2024-12-03T18:42:54+00:00","load_generator_file_handles","","","amazon:us:columbus","{'instance_id': '0'}",3,160.0,160.0,160.0,160.0
"2024-12-03T18:42:57+00:00","load_generator_file_handles","","","amazon:us:columbus","{'instance_id': '0'}",3,160.0,160.0,160.0,160.0
"2024-12-03T18:43:00+00:00","load_generator_file_handles","","","amazon:us:columbus","{'instance_id': '0'}",3,160.0,160.0,160.0,160.0
"2024-12-03T18:43:03+00:00","load_generator_file_handles","","","amazon:us:columbus","{'instance_id': '0'}",3,160.0,160.0,160.0,160.0
"2024-12-03T18:43:06+00:00","load_generator_file_handles","","","amazon:us:columbus","{'instance_id': '0'}",3,160.0,160.0,160.0,160.0
"2024-12-03T18:43:09+00:00","load_generator_file_handles","","","amazon:us:columbus","{'instance_id': '0'}",3,160.0,160.0,160.0,160.0
"2024-12-03T18:43:12+00:00","load_generator_file_handles","","","amazon:us:columbus","{'instance_id': '0'}",3,160.0,160.0,160.0,160.0
"2024-12-03T18:43:15+00:00","load_generator_file_handles","","","amazon:us:columbus","{'instance_id': '0'}",3,160.0,160.0,160.0,160.0
"2024-12-03T18:43:18+00:00","load_generator_file_handles","","","amazon:us:columbus","{'instance_id': '0'}",3,160.0,160.0,160.0,160.0
"2024-12-03T18:43:21+00:00","load_generator_file_handles","","","amazon:us:columbus","{'instance_id': '0'}",3,160.0,160.0,160.0,160.0
"2024-12-03T18:43:24+00:00","load_generator_file_handles","","","amazon:us:columbus","{'instance_id': '0'}",3,160.0,160.0,160.0,160.0
"2024-12-03T18:43:27+00:00","load_generator_file_handles","","","amazon:us:columbus","{'instance_id': '0'}",3,160.0,160.0,160.0,160.0
"2024-12-03T18:43:30+00:00","load_generator_file_handles","","","amazon:us:columbus","{'instance_id': '0'}",3,160.0,160.0,160.0,160.0
"2024-12-03T18:43:33+00:00","load_generator_file_handles","","","amazon:us:columbus","{'instance_id': '0'}",3,160.0,160.0,160.0,160.0
"2024-12-03T18:43:36+00:00","load_generator_file_handles","","","amazon:us:columbus","{'instance_id': '0'}",3,160.0,160.0,160.0,160.0
"2024-12-03T18:43:39+00:00","load_generator_file_handles","","","amazon:us:columbus","{'instance_id': '0'}",3,160.0,160.0,160.0,160.0
"2024-12-03T18:43:42+00:00","load_generator_file_handles","","","amazon:us:columbus","{'instance_id': '0'}",3,160.0,160.0,160.0,160.0
"2024-12-03T18:43:45+00:00","load_generator_file_handles","","","amazon:us:columbus","{'instance_id': '0'}",3,160.0,160.0,160.0,160.0
"2024-12-03T18:43:48+00:00","load_generator_file_handles","","","amazon:us:columbus","{'instance_id': '0'}",3,160.0,160.0,160.0,160.0
"2024-12-03T18:43:51+00:00","load_generator_file_handles","","","amazon:us:columbus","{'instance_id': '0'}",2,160.0,160.0,160.0,160.0
"2024-12-03T18:43:54+00:00","load_generator_file_handles","","","amazon:us:columbus","{'instance_id': '0'}",3,160.0,160.0,160.0,160.0
"2024-12-03T18:43:57+00:00","load_generator_file_handles","","","amazon:us:columbus","{'instance_id': '0'}",3,160.0,160.0,160.0,160.0
"2024-12-03T18:44:00+00:00","load_generator_file_handles","","","amazon:us:columbus","{'instance_id': '0'}",3,160.0,160.0,160.0,160.0
"2024-12-03T18:44:03+00:00","load_generator_file_handles","","","amazon:us:columbus","{'instance_id': '0'}",3,160.0,160.0,160.0,160.0
"2024-12-03T18:44:06+00:00","load_generator_file_handles","","","amazon:us:columbus","{'instance_id': '0'}",3,160.0,160.0,160.0,160.0
"2024-12-03T18:44:09+00:00","load_generator_file_handles","","","amazon:us:columbus","{'instance_id': '0'}",3,160.0,160.0,160.0,160.0
"2024-12-03T18:44:12+00:00","load_generator_file_handles","","","amazon:us:columbus","{'instance_id': '0'}",3,160.0,160.0,160.0,160.0
"2024-12-03T18:44:15+00:00","load_generator_file_handles","","","amazon:us:columbus","{'instance_id': '0'}",3,160.0,160.0,160.0,160.0
"2024-12-03T18:44:18+00:00","load_generator_file_handles","","","amazon:us:columbus","{'instance_id': '0'}",3,160.0,160.0,160.0,160.0
"2024-12-03T18:44:21+00:00","load_generator_file_handles","","","amazon:us:columbus","{'instance_id': '0'}",3,160.0,160.0,160.0,160.0
"2024-12-03T18:44:24+00:00","load_generator_file_handles","","","amazon:us:columbus","{'instance_id': '0'}",3,160.0,160.0,160.0,160.0
"2024-12-03T18:44:27+00:00","load_generator_file_handles","","","amazon:us:columbus","{'instance_id': '0'}",3,192.0,192.0,192.0,192.0
"2024-12-03T18:44:30+00:00","load_generator_file_handles","","","amazon:us:columbus","{'instance_id': '0'}",3,192.0,192.0,192.0,192.0
"2024-12-03T18:44:33+00:00","load_generator_file_handles","","","amazon:us:columbus","{'instance_id': '0'}",3,192.0,192.0,192.0,192.0
"2024-12-03T18:44:36+00:00","load_generator_file_handles","","","amazon:us:columbus","{'instance_id': '0'}",3,192.0,192.0,192.0,192.0
"2024-12-03T18:44:39+00:00","load_generator_file_handles","","","amazon:us:columbus","{'instance_id': '0'}",3,192.0,192.0,192.0,192.0
"2024-12-03T18:44:42+00:00","load_generator_file_handles","","","amazon:us:columbus","{'instance_id': '0'}",3,192.0,192.0,192.0,192.0
"2024-12-03T18:44:45+00:00","load_generator_file_handles","","","amazon:us:columbus","{'instance_id': '0'}",3,192.0,192.0,192.0,192.0
"2024-12-03T18:44:48+00:00","load_generator_file_handles","","","amazon:us:columbus","{'instance_id': '0'}",3,192.0,192.0,192.0,192.0
"2024-12-03T18:44:51+00:00","load_generator_file_handles","","","amazon:us:columbus","{'instance_id': '0'}",3,192.0,192.0,192.0,192.0
"2024-12-03T18:44:54+00:00","load_generator_file_handles","","","amazon:us:columbus","{'instance_id': '0'}",3,192.0,192.0,192.0,192.0
"2024-12-03T18:44:57+00:00","load_generator_file_handles","","","amazon:us:columbus","{'instance_id': '0'}",3,192.0,192.0,192.0,192.0
"2024-12-03T18:45:00+00:00","load_generator_file_handles","","","amazon:us:columbus","{'instance_id': '0'}",3,192.0,192.0,192.0,192.0
"2024-12-03T18:45:03+00:00","load_generator_file_handles","","","amazon:us:columbus","{'instance_id': '0'}",3,192.0,192.0,192.0,192.0
"2024-12-03T18:45:06+00:00","load_generator_file_handles","","","amazon:us:columbus","{'instance_id': '0'}",3,192.0,192.0,192.0,192.0
"2024-12-03T18:45:09+00:00","load_generator_file_handles","","","amazon:us:columbus","{'instance_id': '0'}",3,192.0,192.0,192.0,192.0
"2024-12-03T18:45:12+00:00","load_generator_file_handles","","","amazon:us:columbus","{'instance_id': '0'}",3,192.0,192.0,192.0,192.0
"2024-12-03T18:45:15+00:00","load_generator_file_handles","","","amazon:us:columbus","{'instance_id': '0'}",3,192.0,192.0,192.0,192.0
"2024-12-03T18:45:18+00:00","load_generator_file_handles","","","amazon:us:columbus","{'instance_id': '0'}",3,192.0,192.0,192.0,192.0
"2024-12-03T18:45:21+00:00","load_generator_file_handles","","","amazon:us:columbus","{'instance_id': '0'}",3,192.0,192.0,192.0,192.0
"2024-12-03T18:45:24+00:00","load_generator_file_handles","","","amazon:us:columbus","{'instance_id': '0'}",3,192.0,192.0,192.0,192.0
"2024-12-03T18:45:27+00:00","load_generator_file_handles","","","amazon:us:columbus","{'instance_id': '0'}",3,192.0,192.0,192.0,192.0
"2024-12-03T18:45:30+00:00","load_generator_file_handles","","","amazon:us:columbus","{'instance_id': '0'}",3,192.0,192.0,192.0,192.0
"2024-12-03T18:45:33+00:00","load_generator_file_handles","","","amazon:us:columbus","{'instance_id': '0'}",3,192.0,192.0,192.0,192.0
"2024-12-03T18:45:36+00:00","load_generator_file_handles","","","amazon:us:columbus","{'instance_id': '0'}",3,192.0,192.0,192.0,192.0
"2024-12-03T18:45:39+00:00","load_generator_file_handles","","","amazon:us:columbus","{'instance_id': '0'}",3,192.0,192.0,192.0,192.0
"2024-12-03T18:45:42+00:00","load_generator_file_handles","","","amazon:us:columbus","{'instance_id': '0'}",3,192.0,192.0,192.0,192.0
"2024-12-03T18:45:45+00:00","load_generator_file_handles","","","amazon:us:columbus","{'instance_id': '0'}",3,192.0,192.0,192.0,192.0
"2024-12-03T18:45:48+00:00","load_generator_file_handles","","","amazon:us:columbus","{'instance_id': '0'}",3,192.0,192.0,192.0,192.0
"2024-12-03T18:45:51+00:00","load_generator_file_handles","","","amazon:us:columbus","{'instance_id': '0'}",3,192.0,192.0,192.0,192.0
"2024-12-03T18:45:54+00:00","load_generator_file_handles","","","amazon:us:columbus","{'instance_id': '0'}",3,192.0,192.0,192.0,192.0
"2024-12-03T18:45:57+00:00","load_generator_file_handles","","","amazon:us:columbus","{'instance_id': '0'}",3,192.0,192.0,192.0,192.0
"2024-12-03T18:46:00+00:00","load_generator_file_handles","","","amazon:us:columbus","{'instance_id': '0'}",3,224.0,202.666666666667,192.0,224.0
"2024-12-03T18:46:03+00:00","load_generator_file_handles","","","amazon:us:columbus","{'instance_id': '0'}",3,192.0,192.0,192.0,192.0
"2024-12-03T18:46:06+00:00","load_generator_file_handles","","","amazon:us:columbus","{'instance_id': '0'}",3,192.0,192.0,192.0,192.0
"2024-12-03T18:46:09+00:00","load_generator_file_handles","","","amazon:us:columbus","{'instance_id': '0'}",3,192.0,192.0,192.0,192.0
"2024-12-03T18:46:12+00:00","load_generator_file_handles","","","amazon:us:columbus","{'instance_id': '0'}",3,192.0,192.0,192.0,192.0
"2024-12-03T18:46:15+00:00","load_generator_file_handles","","","amazon:us:columbus","{'instance_id': '0'}",3,192.0,192.0,192.0,192.0
"2024-12-03T18:46:18+00:00","load_generator_file_handles","","","amazon:us:columbus","{'instance_id': '0'}",3,192.0,192.0,192.0,192.0
"2024-12-03T18:46:21+00:00","load_generator_file_handles","","","amazon:us:columbus","{'instance_id': '0'}",3,192.0,192.0,192.0,192.0
"2024-12-03T18:46:24+00:00","load_generator_file_handles","","","amazon:us:columbus","{'instance_id': '0'}",3,192.0,192.0,192.0,192.0
"2024-12-03T18:46:27+00:00","load_generator_file_handles","","","amazon:us:columbus","{'instance_id': '0'}",3,192.0,192.0,192.0,192.0
"2024-12-03T18:46:30+00:00","load_generator_file_handles","","","amazon:us:columbus","{'instance_id': '0'}",3,192.0,192.0,192.0,192.0
"2024-12-03T18:46:33+00:00","load_generator_file_handles","","","amazon:us:columbus","{'instance_id': '0'}",3,192.0,192.0,192.0,192.0
"2024-12-03T18:46:36+00:00","load_generator_file_handles","","","amazon:us:columbus","{'instance_id': '0'}",3,192.0,192.0,192.0,192.0
"2024-12-03T18:46:39+00:00","load_generator_file_handles","","","amazon:us:columbus","{'instance_id': '0'}",3,192.0,192.0,192.0,192.0
"2024-12-03T18:46:42+00:00","load_generator_file_handles","","","amazon:us:columbus","{'instance_id': '0'}",4,192.0,192.0,192.0,192.0
