"time","metric","scenario","group","check","load_zone","tags","nz_count","count"
"2024-12-03T18:23:09+00:00","checks","default","","is status 200","amazon:us:columbus","{}",0,118
"2024-12-03T18:23:12+00:00","checks","default","","is status 200","amazon:us:columbus","{}",0,247
"2024-12-03T18:23:15+00:00","checks","default","","is status 200","amazon:us:columbus","{}",0,372
"2024-12-03T18:23:18+00:00","checks","default","","is status 200","amazon:us:columbus","{}",0,505
"2024-12-03T18:23:21+00:00","checks","default","","is status 200","amazon:us:columbus","{}",0,630
"2024-12-03T18:23:24+00:00","checks","default","","is status 200","amazon:us:columbus","{}",0,762
"2024-12-03T18:23:27+00:00","checks","default","","is status 200","amazon:us:columbus","{}",0,892
"2024-12-03T18:23:30+00:00","checks","default","","is status 200","amazon:us:columbus","{}",0,1021
"2024-12-03T18:23:33+00:00","checks","default","","is status 200","amazon:us:columbus","{}",0,1159
"2024-12-03T18:23:36+00:00","checks","default","","is status 200","amazon:us:columbus","{}",0,1298
"2024-12-03T18:23:39+00:00","checks","default","","is status 200","amazon:us:columbus","{}",0,1421
"2024-12-03T18:23:42+00:00","checks","default","","is status 200","amazon:us:columbus","{}",0,1455
"2024-12-03T18:23:45+00:00","checks","default","","is status 200","amazon:us:columbus","{}",0,1572
"2024-12-03T18:23:48+00:00","checks","default","","is status 200","amazon:us:columbus","{}",0,1599
"2024-12-03T18:23:51+00:00","checks","default","","is status 200","amazon:us:columbus","{}",0,1715
"2024-12-03T18:23:54+00:00","checks","default","","is status 200","amazon:us:columbus","{}",0,1747
"2024-12-03T18:23:57+00:00","checks","default","","is status 200","amazon:us:columbus","{}",0,1849
"2024-12-03T18:24:00+00:00","checks","default","","is status 200","amazon:us:columbus","{}",0,1867
"2024-12-03T18:24:03+00:00","checks","default","","is status 200","amazon:us:columbus","{}",0,1995
"2024-12-03T18:24:06+00:00","checks","default","","is status 200","amazon:us:columbus","{}",0,2033
"2024-12-03T18:24:09+00:00","checks","default","","is status 200","amazon:us:columbus","{}",0,2141
"2024-12-03T18:24:12+00:00","checks","default","","is status 200","amazon:us:columbus","{}",0,2173
"2024-12-03T18:24:15+00:00","checks","default","","is status 200","amazon:us:columbus","{}",0,2298
"2024-12-03T18:24:18+00:00","checks","default","","is status 200","amazon:us:columbus","{}",0,2325
"2024-12-03T18:24:21+00:00","checks","default","","is status 200","amazon:us:columbus","{}",0,2440
"2024-12-03T18:24:24+00:00","checks","default","","is status 200","amazon:us:columbus","{}",0,2468
"2024-12-03T18:24:27+00:00","checks","default","","is status 200","amazon:us:columbus","{}",0,2572
"2024-12-03T18:24:30+00:00","checks","default","","is status 200","amazon:us:columbus","{}",0,2610
"2024-12-03T18:24:33+00:00","checks","default","","is status 200","amazon:us:columbus","{}",0,2711
"2024-12-03T18:24:36+00:00","checks","default","","is status 200","amazon:us:columbus","{}",0,2754
"2024-12-03T18:24:39+00:00","checks","default","","is status 200","amazon:us:columbus","{}",0,2873
"2024-12-03T18:24:42+00:00","checks","default","","is status 200","amazon:us:columbus","{}",0,2959
"2024-12-03T18:24:45+00:00","checks","default","","is status 200","amazon:us:columbus","{}",0,3062
"2024-12-03T18:24:48+00:00","checks","default","","is status 200","amazon:us:columbus","{}",0,3188
"2024-12-03T18:24:51+00:00","checks","default","","is status 200","amazon:us:columbus","{}",0,3271
"2024-12-03T18:24:54+00:00","checks","default","","is status 200","amazon:us:columbus","{}",0,3404
"2024-12-03T18:24:57+00:00","checks","default","","is status 200","amazon:us:columbus","{}",0,3485
"2024-12-03T18:25:00+00:00","checks","default","","is status 200","amazon:us:columbus","{}",0,3626
"2024-12-03T18:25:03+00:00","checks","default","","is status 200","amazon:us:columbus","{}",0,3733
"2024-12-03T18:25:06+00:00","checks","default","","is status 200","amazon:us:columbus","{}",0,3837
"2024-12-03T18:25:09+00:00","checks","default","","is status 200","amazon:us:columbus","{}",0,3899
"2024-12-03T18:25:12+00:00","checks","default","","is status 200","amazon:us:columbus","{}",0,4064
"2024-12-03T18:25:15+00:00","checks","default","","is status 200","amazon:us:columbus","{}",0,4149
"2024-12-03T18:25:18+00:00","checks","default","","is status 200","amazon:us:columbus","{}",0,4264
"2024-12-03T18:25:21+00:00","checks","default","","is status 200","amazon:us:columbus","{}",0,4368
"2024-12-03T18:25:24+00:00","checks","default","","is status 200","amazon:us:columbus","{}",0,4487
"2024-12-03T18:25:27+00:00","checks","default","","is status 200","amazon:us:columbus","{}",0,4619
"2024-12-03T18:25:30+00:00","checks","default","","is status 200","amazon:us:columbus","{}",0,4704
"2024-12-03T18:25:33+00:00","checks","default","","is status 200","amazon:us:columbus","{}",0,4805
"2024-12-03T18:25:36+00:00","checks","default","","is status 200","amazon:us:columbus","{}",0,4905
"2024-12-03T18:25:39+00:00","checks","default","","is status 200","amazon:us:columbus","{}",0,5030
"2024-12-03T18:25:42+00:00","checks","default","","is status 200","amazon:us:columbus","{}",0,5141
"2024-12-03T18:25:45+00:00","checks","default","","is status 200","amazon:us:columbus","{}",0,5208
"2024-12-03T18:25:48+00:00","checks","default","","is status 200","amazon:us:columbus","{}",0,5357
"2024-12-03T18:25:51+00:00","checks","default","","is status 200","amazon:us:columbus","{}",0,5462
"2024-12-03T18:25:54+00:00","checks","default","","is status 200","amazon:us:columbus","{}",0,5574
"2024-12-03T18:25:57+00:00","checks","default","","is status 200","amazon:us:columbus","{}",0,5660
"2024-12-03T18:26:00+00:00","checks","default","","is status 200","amazon:us:columbus","{}",0,5783
"2024-12-03T18:26:03+00:00","checks","default","","is status 200","amazon:us:columbus","{}",0,5921
"2024-12-03T18:26:06+00:00","checks","default","","is status 200","amazon:us:columbus","{}",0,6009
"2024-12-03T18:26:09+00:00","checks","default","","is status 200","amazon:us:columbus","{}",0,6103
"2024-12-03T18:26:12+00:00","checks","default","","is status 200","amazon:us:columbus","{}",0,6226
"2024-12-03T18:26:15+00:00","checks","default","","is status 200","amazon:us:columbus","{}",0,6309
"2024-12-03T18:26:18+00:00","checks","default","","is status 200","amazon:us:columbus","{}",0,6449
"2024-12-03T18:26:21+00:00","checks","default","","is status 200","amazon:us:columbus","{}",0,6516
"2024-12-03T18:26:24+00:00","checks","default","","is status 200","amazon:us:columbus","{}",0,6641
"2024-12-03T18:26:27+00:00","checks","default","","is status 200","amazon:us:columbus","{}",0,6810
"2024-12-03T18:26:30+00:00","checks","default","","is status 200","amazon:us:columbus","{}",0,6877
"2024-12-03T18:26:33+00:00","checks","default","","is status 200","amazon:us:columbus","{}",0,6956
"2024-12-03T18:26:36+00:00","checks","default","","is status 200","amazon:us:columbus","{}",0,7102
"2024-12-03T18:26:39+00:00","checks","default","","is status 200","amazon:us:columbus","{}",0,7160
"2024-12-03T18:26:42+00:00","checks","default","","is status 200","amazon:us:columbus","{}",0,6839
"2024-12-03T18:26:45+00:00","checks","default","","is status 200","amazon:us:columbus","{}",0,6458
"2024-12-03T18:26:48+00:00","checks","default","","is status 200","amazon:us:columbus","{}",0,6099
"2024-12-03T18:26:51+00:00","checks","default","","is status 200","amazon:us:columbus","{}",0,5757
"2024-12-03T18:26:54+00:00","checks","default","","is status 200","amazon:us:columbus","{}",0,5372
"2024-12-03T18:26:57+00:00","checks","default","","is status 200","amazon:us:columbus","{}",0,5016
"2024-12-03T18:27:00+00:00","checks","default","","is status 200","amazon:us:columbus","{}",0,4673
"2024-12-03T18:27:03+00:00","checks","default","","is status 200","amazon:us:columbus","{}",0,4301
"2024-12-03T18:27:06+00:00","checks","default","","is status 200","amazon:us:columbus","{}",0,3935
"2024-12-03T18:27:09+00:00","checks","default","","is status 200","amazon:us:columbus","{}",0,3589
"2024-12-03T18:27:12+00:00","checks","default","","is status 200","amazon:us:columbus","{}",0,3202
"2024-12-03T18:27:15+00:00","checks","default","","is status 200","amazon:us:columbus","{}",0,2838
"2024-12-03T18:27:18+00:00","checks","default","","is status 200","amazon:us:columbus","{}",0,2495
"2024-12-03T18:27:21+00:00","checks","default","","is status 200","amazon:us:columbus","{}",0,2139
"2024-12-03T18:27:24+00:00","checks","default","","is status 200","amazon:us:columbus","{}",0,1758
"2024-12-03T18:27:27+00:00","checks","default","","is status 200","amazon:us:columbus","{}",0,1404
"2024-12-03T18:27:30+00:00","checks","default","","is status 200","amazon:us:columbus","{}",0,1033
"2024-12-03T18:27:33+00:00","checks","default","","is status 200","amazon:us:columbus","{}",0,678
"2024-12-03T18:27:36+00:00","checks","default","","is status 200","amazon:us:columbus","{}",0,309
"2024-12-03T18:27:39+00:00","checks","default","","is status 200","amazon:us:columbus","{}",0,24
