"time","metric","group","scenario","name","method","status","expected_response","load_zone","tags","nz_count","count"
"2024-12-03T18:23:09+00:00","http_req_failed","","default","https://your-username.pythonanywhere.com/client_register","POST","404","false","amazon:us:columbus","{'url': 'https://your-username.pythonanywhere.com/client_register', 'proto': 'HTTP/1.1', 'error_code': '1404', 'tls_version': 'tls1.3'}",118,118
"2024-12-03T18:23:12+00:00","http_req_failed","","default","https://your-username.pythonanywhere.com/client_register","POST","404","false","amazon:us:columbus","{'url': 'https://your-username.pythonanywhere.com/client_register', 'proto': 'HTTP/1.1', 'error_code': '1404', 'tls_version': 'tls1.3'}",247,247
"2024-12-03T18:23:15+00:00","http_req_failed","","default","https://your-username.pythonanywhere.com/client_register","POST","404","false","amazon:us:columbus","{'url': 'https://your-username.pythonanywhere.com/client_register', 'proto': 'HTTP/1.1', 'error_code': '1404', 'tls_version': 'tls1.3'}",372,372
"2024-12-03T18:23:18+00:00","http_req_failed","","default","https://your-username.pythonanywhere.com/client_register","POST","404","false","amazon:us:columbus","{'url': 'https://your-username.pythonanywhere.com/client_register', 'proto': 'HTTP/1.1', 'error_code': '1404', 'tls_version': 'tls1.3'}",505,505
"2024-12-03T18:23:21+00:00","http_req_failed","","default","https://your-username.pythonanywhere.com/client_register","POST","404","false","amazon:us:columbus","{'url': 'https://your-username.pythonanywhere.com/client_register', 'proto': 'HTTP/1.1', 'error_code': '1404', 'tls_version': 'tls1.3'}",630,630
"2024-12-03T18:23:24+00:00","http_req_failed","","default","https://your-username.pythonanywhere.com/client_register","POST","404","false","amazon:us:columbus","{'url': 'https://your-username.pythonanywhere.com/client_register', 'proto': 'HTTP/1.1', 'error_code': '1404', 'tls_version': 'tls1.3'}",762,762
"2024-12-03T18:23:27+00:00","http_req_failed","","default","https://your-username.pythonanywhere.com/client_register","POST","404","false","amazon:us:columbus","{'url': 'https://your-username.pythonanywhere.com/client_register', 'proto': 'HTTP/1.1', 'error_code': '1404', 'tls_version': 'tls1.3'}",892,892
"2024-12-03T18:23:30+00:00","http_req_failed","","default","https://your-username.pythonanywhere.com/client_register","POST","404","false","amazon:us:columbus","{'url': 'https://your-username.pythonanywhere.com/client_register', 'proto': 'HTTP/1.1', 'error_code': '1404', 'tls_version': 'tls1.3'}",1021,1021
"2024-12-03T18:23:33+00:00","http_req_failed","","default","https://your-username.pythonanywhere.com/client_register","POST","404","false","amazon:us:columbus","{'url': 'https://your-username.pythonanywhere.com/client_register', 'proto': 'HTTP/1.1', 'error_code': '1404', 'tls_version': 'tls1.3'}",1159,1159
"2024-12-03T18:23:36+00:00","http_req_failed","","default","https://your-username.pythonanywhere.com/client_register","POST","404","false","amazon:us:columbus","{'url': 'https://your-username.pythonanywhere.com/client_register', 'proto': 'HTTP/1.1', 'error_code': '1404', 'tls_version': 'tls1.3'}",1298,1298
"2024-12-03T18:23:39+00:00","http_req_failed","","default","https://your-username.pythonanywhere.com/client_register","POST","404","false","amazon:us:columbus","{'url': 'https://your-username.pythonanywhere.com/client_register', 'proto': 'HTTP/1.1', 'error_code': '1404', 'tls_version': 'tls1.3'}",1421,1421
"2024-12-03T18:23:42+00:00","http_req_failed","","default","https://your-username.pythonanywhere.com/client_register","POST","404","false","amazon:us:columbus","{'url': 'https://your-username.pythonanywhere.com/client_register', 'proto': 'HTTP/1.1', 'error_code': '1404', 'tls_version': 'tls1.3'}",1455,1455
"2024-12-03T18:23:45+00:00","http_req_failed","","default","https://your-username.pythonanywhere.com/client_register","POST","404","false","amazon:us:columbus","{'url': 'https://your-username.pythonanywhere.com/client_register', 'proto': 'HTTP/1.1', 'error_code': '1404', 'tls_version': 'tls1.3'}",1572,1572
"2024-12-03T18:23:48+00:00","http_req_failed","","default","https://your-username.pythonanywhere.com/client_register","POST","404","false","amazon:us:columbus","{'url': 'https://your-username.pythonanywhere.com/client_register', 'proto': 'HTTP/1.1', 'error_code': '1404', 'tls_version': 'tls1.3'}",1599,1599
"2024-12-03T18:23:51+00:00","http_req_failed","","default","https://your-username.pythonanywhere.com/client_register","POST","404","false","amazon:us:columbus","{'url': 'https://your-username.pythonanywhere.com/client_register', 'proto': 'HTTP/1.1', 'error_code': '1404', 'tls_version': 'tls1.3'}",1715,1715
"2024-12-03T18:23:54+00:00","http_req_failed","","default","https://your-username.pythonanywhere.com/client_register","POST","404","false","amazon:us:columbus","{'url': 'https://your-username.pythonanywhere.com/client_register', 'proto': 'HTTP/1.1', 'error_code': '1404', 'tls_version': 'tls1.3'}",1747,1747
"2024-12-03T18:23:57+00:00","http_req_failed","","default","https://your-username.pythonanywhere.com/client_register","POST","404","false","amazon:us:columbus","{'url': 'https://your-username.pythonanywhere.com/client_register', 'proto': 'HTTP/1.1', 'error_code': '1404', 'tls_version': 'tls1.3'}",1849,1849
"2024-12-03T18:24:00+00:00","http_req_failed","","default","https://your-username.pythonanywhere.com/client_register","POST","404","false","amazon:us:columbus","{'url': 'https://your-username.pythonanywhere.com/client_register', 'proto': 'HTTP/1.1', 'error_code': '1404', 'tls_version': 'tls1.3'}",1867,1867
"2024-12-03T18:24:03+00:00","http_req_failed","","default","https://your-username.pythonanywhere.com/client_register","POST","404","false","amazon:us:columbus","{'url': 'https://your-username.pythonanywhere.com/client_register', 'proto': 'HTTP/1.1', 'error_code': '1404', 'tls_version': 'tls1.3'}",1995,1995
"2024-12-03T18:24:06+00:00","http_req_failed","","default","https://your-username.pythonanywhere.com/client_register","POST","404","false","amazon:us:columbus","{'url': 'https://your-username.pythonanywhere.com/client_register', 'proto': 'HTTP/1.1', 'error_code': '1404', 'tls_version': 'tls1.3'}",2033,2033
"2024-12-03T18:24:09+00:00","http_req_failed","","default","https://your-username.pythonanywhere.com/client_register","POST","404","false","amazon:us:columbus","{'url': 'https://your-username.pythonanywhere.com/client_register', 'proto': 'HTTP/1.1', 'error_code': '1404', 'tls_version': 'tls1.3'}",2141,2141
"2024-12-03T18:24:12+00:00","http_req_failed","","default","https://your-username.pythonanywhere.com/client_register","POST","404","false","amazon:us:columbus","{'url': 'https://your-username.pythonanywhere.com/client_register', 'proto': 'HTTP/1.1', 'error_code': '1404', 'tls_version': 'tls1.3'}",2173,2173
"2024-12-03T18:24:15+00:00","http_req_failed","","default","https://your-username.pythonanywhere.com/client_register","POST","404","false","amazon:us:columbus","{'url': 'https://your-username.pythonanywhere.com/client_register', 'proto': 'HTTP/1.1', 'error_code': '1404', 'tls_version': 'tls1.3'}",2298,2298
"2024-12-03T18:24:18+00:00","http_req_failed","","default","https://your-username.pythonanywhere.com/client_register","POST","404","false","amazon:us:columbus","{'url': 'https://your-username.pythonanywhere.com/client_register', 'proto': 'HTTP/1.1', 'error_code': '1404', 'tls_version': 'tls1.3'}",2325,2325
"2024-12-03T18:24:21+00:00","http_req_failed","","default","https://your-username.pythonanywhere.com/client_register","POST","404","false","amazon:us:columbus","{'url': 'https://your-username.pythonanywhere.com/client_register', 'proto': 'HTTP/1.1', 'error_code': '1404', 'tls_version': 'tls1.3'}",2440,2440
"2024-12-03T18:24:24+00:00","http_req_failed","","default","https://your-username.pythonanywhere.com/client_register","POST","404","false","amazon:us:columbus","{'url': 'https://your-username.pythonanywhere.com/client_register', 'proto': 'HTTP/1.1', 'error_code': '1404', 'tls_version': 'tls1.3'}",2468,2468
"2024-12-03T18:24:27+00:00","http_req_failed","","default","https://your-username.pythonanywhere.com/client_register","POST","404","false","amazon:us:columbus","{'url': 'https://your-username.pythonanywhere.com/client_register', 'proto': 'HTTP/1.1', 'error_code': '1404', 'tls_version': 'tls1.3'}",2572,2572
"2024-12-03T18:24:30+00:00","http_req_failed","","default","https://your-username.pythonanywhere.com/client_register","POST","404","false","amazon:us:columbus","{'url': 'https://your-username.pythonanywhere.com/client_register', 'proto': 'HTTP/1.1', 'error_code': '1404', 'tls_version': 'tls1.3'}",2610,2610
"2024-12-03T18:24:33+00:00","http_req_failed","","default","https://your-username.pythonanywhere.com/client_register","POST","404","false","amazon:us:columbus","{'url': 'https://your-username.pythonanywhere.com/client_register', 'proto': 'HTTP/1.1', 'error_code': '1404', 'tls_version': 'tls1.3'}",2711,2711
"2024-12-03T18:24:36+00:00","http_req_failed","","default","https://your-username.pythonanywhere.com/client_register","POST","404","false","amazon:us:columbus","{'url': 'https://your-username.pythonanywhere.com/client_register', 'proto': 'HTTP/1.1', 'error_code': '1404', 'tls_version': 'tls1.3'}",2754,2754
"2024-12-03T18:24:39+00:00","http_req_failed","","default","https://your-username.pythonanywhere.com/client_register","POST","404","false","amazon:us:columbus","{'url': 'https://your-username.pythonanywhere.com/client_register', 'proto': 'HTTP/1.1', 'error_code': '1404', 'tls_version': 'tls1.3'}",2873,2873
"2024-12-03T18:24:42+00:00","http_req_failed","","default","https://your-username.pythonanywhere.com/client_register","POST","404","false","amazon:us:columbus","{'url': 'https://your-username.pythonanywhere.com/client_register', 'proto': 'HTTP/1.1', 'error_code': '1404', 'tls_version': 'tls1.3'}",2959,2959
"2024-12-03T18:24:45+00:00","http_req_failed","","default","https://your-username.pythonanywhere.com/client_register","POST","404","false","amazon:us:columbus","{'url': 'https://your-username.pythonanywhere.com/client_register', 'proto': 'HTTP/1.1', 'error_code': '1404', 'tls_version': 'tls1.3'}",3062,3062
"2024-12-03T18:24:48+00:00","http_req_failed","","default","https://your-username.pythonanywhere.com/client_register","POST","404","false","amazon:us:columbus","{'url': 'https://your-username.pythonanywhere.com/client_register', 'proto': 'HTTP/1.1', 'error_code': '1404', 'tls_version': 'tls1.3'}",3188,3188
"2024-12-03T18:24:51+00:00","http_req_failed","","default","https://your-username.pythonanywhere.com/client_register","POST","404","false","amazon:us:columbus","{'url': 'https://your-username.pythonanywhere.com/client_register', 'proto': 'HTTP/1.1', 'error_code': '1404', 'tls_version': 'tls1.3'}",3271,3271
"2024-12-03T18:24:54+00:00","http_req_failed","","default","https://your-username.pythonanywhere.com/client_register","POST","404","false","amazon:us:columbus","{'url': 'https://your-username.pythonanywhere.com/client_register', 'proto': 'HTTP/1.1', 'error_code': '1404', 'tls_version': 'tls1.3'}",3404,3404
"2024-12-03T18:24:57+00:00","http_req_failed","","default","https://your-username.pythonanywhere.com/client_register","POST","404","false","amazon:us:columbus","{'url': 'https://your-username.pythonanywhere.com/client_register', 'proto': 'HTTP/1.1', 'error_code': '1404', 'tls_version': 'tls1.3'}",3485,3485
"2024-12-03T18:25:00+00:00","http_req_failed","","default","https://your-username.pythonanywhere.com/client_register","POST","404","false","amazon:us:columbus","{'url': 'https://your-username.pythonanywhere.com/client_register', 'proto': 'HTTP/1.1', 'error_code': '1404', 'tls_version': 'tls1.3'}",3626,3626
"2024-12-03T18:25:03+00:00","http_req_failed","","default","https://your-username.pythonanywhere.com/client_register","POST","404","false","amazon:us:columbus","{'url': 'https://your-username.pythonanywhere.com/client_register', 'proto': 'HTTP/1.1', 'error_code': '1404', 'tls_version': 'tls1.3'}",3733,3733
"2024-12-03T18:25:06+00:00","http_req_failed","","default","https://your-username.pythonanywhere.com/client_register","POST","404","false","amazon:us:columbus","{'url': 'https://your-username.pythonanywhere.com/client_register', 'proto': 'HTTP/1.1', 'error_code': '1404', 'tls_version': 'tls1.3'}",3837,3837
"2024-12-03T18:25:09+00:00","http_req_failed","","default","https://your-username.pythonanywhere.com/client_register","POST","404","false","amazon:us:columbus","{'url': 'https://your-username.pythonanywhere.com/client_register', 'proto': 'HTTP/1.1', 'error_code': '1404', 'tls_version': 'tls1.3'}",3899,3899
"2024-12-03T18:25:12+00:00","http_req_failed","","default","https://your-username.pythonanywhere.com/client_register","POST","404","false","amazon:us:columbus","{'url': 'https://your-username.pythonanywhere.com/client_register', 'proto': 'HTTP/1.1', 'error_code': '1404', 'tls_version': 'tls1.3'}",4064,4064
"2024-12-03T18:25:15+00:00","http_req_failed","","default","https://your-username.pythonanywhere.com/client_register","POST","404","false","amazon:us:columbus","{'url': 'https://your-username.pythonanywhere.com/client_register', 'proto': 'HTTP/1.1', 'error_code': '1404', 'tls_version': 'tls1.3'}",4149,4149
"2024-12-03T18:25:18+00:00","http_req_failed","","default","https://your-username.pythonanywhere.com/client_register","POST","404","false","amazon:us:columbus","{'url': 'https://your-username.pythonanywhere.com/client_register', 'proto': 'HTTP/1.1', 'error_code': '1404', 'tls_version': 'tls1.3'}",4264,4264
"2024-12-03T18:25:21+00:00","http_req_failed","","default","https://your-username.pythonanywhere.com/client_register","POST","404","false","amazon:us:columbus","{'url': 'https://your-username.pythonanywhere.com/client_register', 'proto': 'HTTP/1.1', 'error_code': '1404', 'tls_version': 'tls1.3'}",4368,4368
"2024-12-03T18:25:24+00:00","http_req_failed","","default","https://your-username.pythonanywhere.com/client_register","POST","404","false","amazon:us:columbus","{'url': 'https://your-username.pythonanywhere.com/client_register', 'proto': 'HTTP/1.1', 'error_code': '1404', 'tls_version': 'tls1.3'}",4487,4487
"2024-12-03T18:25:27+00:00","http_req_failed","","default","https://your-username.pythonanywhere.com/client_register","POST","404","false","amazon:us:columbus","{'url': 'https://your-username.pythonanywhere.com/client_register', 'proto': 'HTTP/1.1', 'error_code': '1404', 'tls_version': 'tls1.3'}",4619,4619
"2024-12-03T18:25:30+00:00","http_req_failed","","default","https://your-username.pythonanywhere.com/client_register","POST","404","false","amazon:us:columbus","{'url': 'https://your-username.pythonanywhere.com/client_register', 'proto': 'HTTP/1.1', 'error_code': '1404', 'tls_version': 'tls1.3'}",4704,4704
"2024-12-03T18:25:33+00:00","http_req_failed","","default","https://your-username.pythonanywhere.com/client_register","POST","404","false","amazon:us:columbus","{'url': 'https://your-username.pythonanywhere.com/client_register', 'proto': 'HTTP/1.1', 'error_code': '1404', 'tls_version': 'tls1.3'}",4805,4805
"2024-12-03T18:25:36+00:00","http_req_failed","","default","https://your-username.pythonanywhere.com/client_register","POST","404","false","amazon:us:columbus","{'url': 'https://your-username.pythonanywhere.com/client_register', 'proto': 'HTTP/1.1', 'error_code': '1404', 'tls_version': 'tls1.3'}",4905,4905
"2024-12-03T18:25:39+00:00","http_req_failed","","default","https://your-username.pythonanywhere.com/client_register","POST","404","false","amazon:us:columbus","{'url': 'https://your-username.pythonanywhere.com/client_register', 'proto': 'HTTP/1.1', 'error_code': '1404', 'tls_version': 'tls1.3'}",5030,5030
"2024-12-03T18:25:42+00:00","http_req_failed","","default","https://your-username.pythonanywhere.com/client_register","POST","404","false","amazon:us:columbus","{'url': 'https://your-username.pythonanywhere.com/client_register', 'proto': 'HTTP/1.1', 'error_code': '1404', 'tls_version': 'tls1.3'}",5141,5141
"2024-12-03T18:25:45+00:00","http_req_failed","","default","https://your-username.pythonanywhere.com/client_register","POST","404","false","amazon:us:columbus","{'url': 'https://your-username.pythonanywhere.com/client_register', 'proto': 'HTTP/1.1', 'error_code': '1404', 'tls_version': 'tls1.3'}",5208,5208
"2024-12-03T18:25:48+00:00","http_req_failed","","default","https://your-username.pythonanywhere.com/client_register","POST","404","false","amazon:us:columbus","{'url': 'https://your-username.pythonanywhere.com/client_register', 'proto': 'HTTP/1.1', 'error_code': '1404', 'tls_version': 'tls1.3'}",5357,5357
"2024-12-03T18:25:51+00:00","http_req_failed","","default","https://your-username.pythonanywhere.com/client_register","POST","404","false","amazon:us:columbus","{'url': 'https://your-username.pythonanywhere.com/client_register', 'proto': 'HTTP/1.1', 'error_code': '1404', 'tls_version': 'tls1.3'}",5462,5462
"2024-12-03T18:25:54+00:00","http_req_failed","","default","https://your-username.pythonanywhere.com/client_register","POST","404","false","amazon:us:columbus","{'url': 'https://your-username.pythonanywhere.com/client_register', 'proto': 'HTTP/1.1', 'error_code': '1404', 'tls_version': 'tls1.3'}",5574,5574
"2024-12-03T18:25:57+00:00","http_req_failed","","default","https://your-username.pythonanywhere.com/client_register","POST","404","false","amazon:us:columbus","{'url': 'https://your-username.pythonanywhere.com/client_register', 'proto': 'HTTP/1.1', 'error_code': '1404', 'tls_version': 'tls1.3'}",5660,5660
"2024-12-03T18:26:00+00:00","http_req_failed","","default","https://your-username.pythonanywhere.com/client_register","POST","404","false","amazon:us:columbus","{'url': 'https://your-username.pythonanywhere.com/client_register', 'proto': 'HTTP/1.1', 'error_code': '1404', 'tls_version': 'tls1.3'}",5783,5783
"2024-12-03T18:26:03+00:00","http_req_failed","","default","https://your-username.pythonanywhere.com/client_register","POST","404","false","amazon:us:columbus","{'url': 'https://your-username.pythonanywhere.com/client_register', 'proto': 'HTTP/1.1', 'error_code': '1404', 'tls_version': 'tls1.3'}",5921,5921
"2024-12-03T18:26:06+00:00","http_req_failed","","default","https://your-username.pythonanywhere.com/client_register","POST","404","false","amazon:us:columbus","{'url': 'https://your-username.pythonanywhere.com/client_register', 'proto': 'HTTP/1.1', 'error_code': '1404', 'tls_version': 'tls1.3'}",6009,6009
"2024-12-03T18:26:09+00:00","http_req_failed","","default","https://your-username.pythonanywhere.com/client_register","POST","404","false","amazon:us:columbus","{'url': 'https://your-username.pythonanywhere.com/client_register', 'proto': 'HTTP/1.1', 'error_code': '1404', 'tls_version': 'tls1.3'}",6103,6103
"2024-12-03T18:26:12+00:00","http_req_failed","","default","https://your-username.pythonanywhere.com/client_register","POST","404","false","amazon:us:columbus","{'url': 'https://your-username.pythonanywhere.com/client_register', 'proto': 'HTTP/1.1', 'error_code': '1404', 'tls_version': 'tls1.3'}",6226,6226
"2024-12-03T18:26:15+00:00","http_req_failed","","default","https://your-username.pythonanywhere.com/client_register","POST","404","false","amazon:us:columbus","{'url': 'https://your-username.pythonanywhere.com/client_register', 'proto': 'HTTP/1.1', 'error_code': '1404', 'tls_version': 'tls1.3'}",6309,6309
"2024-12-03T18:26:18+00:00","http_req_failed","","default","https://your-username.pythonanywhere.com/client_register","POST","404","false","amazon:us:columbus","{'url': 'https://your-username.pythonanywhere.com/client_register', 'proto': 'HTTP/1.1', 'error_code': '1404', 'tls_version': 'tls1.3'}",6449,6449
"2024-12-03T18:26:21+00:00","http_req_failed","","default","https://your-username.pythonanywhere.com/client_register","POST","404","false","amazon:us:columbus","{'url': 'https://your-username.pythonanywhere.com/client_register', 'proto': 'HTTP/1.1', 'error_code': '1404', 'tls_version': 'tls1.3'}",6516,6516
"2024-12-03T18:26:24+00:00","http_req_failed","","default","https://your-username.pythonanywhere.com/client_register","POST","404","false","amazon:us:columbus","{'url': 'https://your-username.pythonanywhere.com/client_register', 'proto': 'HTTP/1.1', 'error_code': '1404', 'tls_version': 'tls1.3'}",6641,6641
"2024-12-03T18:26:27+00:00","http_req_failed","","default","https://your-username.pythonanywhere.com/client_register","POST","404","false","amazon:us:columbus","{'url': 'https://your-username.pythonanywhere.com/client_register', 'proto': 'HTTP/1.1', 'error_code': '1404', 'tls_version': 'tls1.3'}",6811,6811
"2024-12-03T18:26:30+00:00","http_req_failed","","default","https://your-username.pythonanywhere.com/client_register","POST","404","false","amazon:us:columbus","{'url': 'https://your-username.pythonanywhere.com/client_register', 'proto': 'HTTP/1.1', 'error_code': '1404', 'tls_version': 'tls1.3'}",6876,6876
"2024-12-03T18:26:33+00:00","http_req_failed","","default","https://your-username.pythonanywhere.com/client_register","POST","404","false","amazon:us:columbus","{'url': 'https://your-username.pythonanywhere.com/client_register', 'proto': 'HTTP/1.1', 'error_code': '1404', 'tls_version': 'tls1.3'}",6956,6956
"2024-12-03T18:26:36+00:00","http_req_failed","","default","https://your-username.pythonanywhere.com/client_register","POST","404","false","amazon:us:columbus","{'url': 'https://your-username.pythonanywhere.com/client_register', 'proto': 'HTTP/1.1', 'error_code': '1404', 'tls_version': 'tls1.3'}",7103,7103
"2024-12-03T18:26:39+00:00","http_req_failed","","default","https://your-username.pythonanywhere.com/client_register","POST","404","false","amazon:us:columbus","{'url': 'https://your-username.pythonanywhere.com/client_register', 'proto': 'HTTP/1.1', 'error_code': '1404', 'tls_version': 'tls1.3'}",7159,7159
"2024-12-03T18:26:42+00:00","http_req_failed","","default","https://your-username.pythonanywhere.com/client_register","POST","404","false","amazon:us:columbus","{'url': 'https://your-username.pythonanywhere.com/client_register', 'proto': 'HTTP/1.1', 'error_code': '1404', 'tls_version': 'tls1.3'}",6839,6839
"2024-12-03T18:26:45+00:00","http_req_failed","","default","https://your-username.pythonanywhere.com/client_register","POST","404","false","amazon:us:columbus","{'url': 'https://your-username.pythonanywhere.com/client_register', 'proto': 'HTTP/1.1', 'error_code': '1404', 'tls_version': 'tls1.3'}",6459,6459
"2024-12-03T18:26:48+00:00","http_req_failed","","default","https://your-username.pythonanywhere.com/client_register","POST","404","false","amazon:us:columbus","{'url': 'https://your-username.pythonanywhere.com/client_register', 'proto': 'HTTP/1.1', 'error_code': '1404', 'tls_version': 'tls1.3'}",6098,6098
"2024-12-03T18:26:51+00:00","http_req_failed","","default","https://your-username.pythonanywhere.com/client_register","POST","404","false","amazon:us:columbus","{'url': 'https://your-username.pythonanywhere.com/client_register', 'proto': 'HTTP/1.1', 'error_code': '1404', 'tls_version': 'tls1.3'}",5757,5757
"2024-12-03T18:26:54+00:00","http_req_failed","","default","https://your-username.pythonanywhere.com/client_register","POST","404","false","amazon:us:columbus","{'url': 'https://your-username.pythonanywhere.com/client_register', 'proto': 'HTTP/1.1', 'error_code': '1404', 'tls_version': 'tls1.3'}",5372,5372
"2024-12-03T18:26:57+00:00","http_req_failed","","default","https://your-username.pythonanywhere.com/client_register","POST","404","false","amazon:us:columbus","{'url': 'https://your-username.pythonanywhere.com/client_register', 'proto': 'HTTP/1.1', 'error_code': '1404', 'tls_version': 'tls1.3'}",5016,5016
"2024-12-03T18:27:00+00:00","http_req_failed","","default","https://your-username.pythonanywhere.com/client_register","POST","404","false","amazon:us:columbus","{'url': 'https://your-username.pythonanywhere.com/client_register', 'proto': 'HTTP/1.1', 'error_code': '1404', 'tls_version': 'tls1.3'}",4673,4673
"2024-12-03T18:27:03+00:00","http_req_failed","","default","https://your-username.pythonanywhere.com/client_register","POST","404","false","amazon:us:columbus","{'url': 'https://your-username.pythonanywhere.com/client_register', 'proto': 'HTTP/1.1', 'error_code': '1404', 'tls_version': 'tls1.3'}",4301,4301
"2024-12-03T18:27:06+00:00","http_req_failed","","default","https://your-username.pythonanywhere.com/client_register","POST","404","false","amazon:us:columbus","{'url': 'https://your-username.pythonanywhere.com/client_register', 'proto': 'HTTP/1.1', 'error_code': '1404', 'tls_version': 'tls1.3'}",3935,3935
"2024-12-03T18:27:09+00:00","http_req_failed","","default","https://your-username.pythonanywhere.com/client_register","POST","404","false","amazon:us:columbus","{'url': 'https://your-username.pythonanywhere.com/client_register', 'proto': 'HTTP/1.1', 'error_code': '1404', 'tls_version': 'tls1.3'}",3589,3589
"2024-12-03T18:27:12+00:00","http_req_failed","","default","https://your-username.pythonanywhere.com/client_register","POST","404","false","amazon:us:columbus","{'url': 'https://your-username.pythonanywhere.com/client_register', 'proto': 'HTTP/1.1', 'error_code': '1404', 'tls_version': 'tls1.3'}",3202,3202
"2024-12-03T18:27:15+00:00","http_req_failed","","default","https://your-username.pythonanywhere.com/client_register","POST","404","false","amazon:us:columbus","{'url': 'https://your-username.pythonanywhere.com/client_register', 'proto': 'HTTP/1.1', 'error_code': '1404', 'tls_version': 'tls1.3'}",2838,2838
"2024-12-03T18:27:18+00:00","http_req_failed","","default","https://your-username.pythonanywhere.com/client_register","POST","404","false","amazon:us:columbus","{'url': 'https://your-username.pythonanywhere.com/client_register', 'proto': 'HTTP/1.1', 'error_code': '1404', 'tls_version': 'tls1.3'}",2495,2495
"2024-12-03T18:27:21+00:00","http_req_failed","","default","https://your-username.pythonanywhere.com/client_register","POST","404","false","amazon:us:columbus","{'url': 'https://your-username.pythonanywhere.com/client_register', 'proto': 'HTTP/1.1', 'error_code': '1404', 'tls_version': 'tls1.3'}",2139,2139
"2024-12-03T18:27:24+00:00","http_req_failed","","default","https://your-username.pythonanywhere.com/client_register","POST","404","false","amazon:us:columbus","{'url': 'https://your-username.pythonanywhere.com/client_register', 'proto': 'HTTP/1.1', 'error_code': '1404', 'tls_version': 'tls1.3'}",1758,1758
"2024-12-03T18:27:27+00:00","http_req_failed","","default","https://your-username.pythonanywhere.com/client_register","POST","404","false","amazon:us:columbus","{'url': 'https://your-username.pythonanywhere.com/client_register', 'proto': 'HTTP/1.1', 'error_code': '1404', 'tls_version': 'tls1.3'}",1404,1404
"2024-12-03T18:27:30+00:00","http_req_failed","","default","https://your-username.pythonanywhere.com/client_register","POST","404","false","amazon:us:columbus","{'url': 'https://your-username.pythonanywhere.com/client_register', 'proto': 'HTTP/1.1', 'error_code': '1404', 'tls_version': 'tls1.3'}",1033,1033
"2024-12-03T18:27:33+00:00","http_req_failed","","default","https://your-username.pythonanywhere.com/client_register","POST","404","false","amazon:us:columbus","{'url': 'https://your-username.pythonanywhere.com/client_register', 'proto': 'HTTP/1.1', 'error_code': '1404', 'tls_version': 'tls1.3'}",678,678
"2024-12-03T18:27:36+00:00","http_req_failed","","default","https://your-username.pythonanywhere.com/client_register","POST","404","false","amazon:us:columbus","{'url': 'https://your-username.pythonanywhere.com/client_register', 'proto': 'HTTP/1.1', 'error_code': '1404', 'tls_version': 'tls1.3'}",309,309
"2024-12-03T18:27:39+00:00","http_req_failed","","default","https://your-username.pythonanywhere.com/client_register","POST","404","false","amazon:us:columbus","{'url': 'https://your-username.pythonanywhere.com/client_register', 'proto': 'HTTP/1.1', 'error_code': '1404', 'tls_version': 'tls1.3'}",24,24
