"time","metric","scenario","group","load_zone","tags","count"
"2024-12-03T18:23:09+00:00","iterations","default","","amazon:us:columbus","{}",118
"2024-12-03T18:23:12+00:00","iterations","default","","amazon:us:columbus","{}",247
"2024-12-03T18:23:15+00:00","iterations","default","","amazon:us:columbus","{}",372
"2024-12-03T18:23:18+00:00","iterations","default","","amazon:us:columbus","{}",505
"2024-12-03T18:23:21+00:00","iterations","default","","amazon:us:columbus","{}",630
"2024-12-03T18:23:24+00:00","iterations","default","","amazon:us:columbus","{}",762
"2024-12-03T18:23:27+00:00","iterations","default","","amazon:us:columbus","{}",892
"2024-12-03T18:23:30+00:00","iterations","default","","amazon:us:columbus","{}",1021
"2024-12-03T18:23:33+00:00","iterations","default","","amazon:us:columbus","{}",1159
"2024-12-03T18:23:36+00:00","iterations","default","","amazon:us:columbus","{}",1298
"2024-12-03T18:23:39+00:00","iterations","default","","amazon:us:columbus","{}",1421
"2024-12-03T18:23:42+00:00","iterations","default","","amazon:us:columbus","{}",1455
"2024-12-03T18:23:45+00:00","iterations","default","","amazon:us:columbus","{}",1572
"2024-12-03T18:23:48+00:00","iterations","default","","amazon:us:columbus","{}",1599
"2024-12-03T18:23:51+00:00","iterations","default","","amazon:us:columbus","{}",1715
"2024-12-03T18:23:54+00:00","iterations","default","","amazon:us:columbus","{}",1747
"2024-12-03T18:23:57+00:00","iterations","default","","amazon:us:columbus","{}",1849
"2024-12-03T18:24:00+00:00","iterations","default","","amazon:us:columbus","{}",1867
"2024-12-03T18:24:03+00:00","iterations","default","","amazon:us:columbus","{}",1995
"2024-12-03T18:24:06+00:00","iterations","default","","amazon:us:columbus","{}",2033
"2024-12-03T18:24:09+00:00","iterations","default","","amazon:us:columbus","{}",2141
"2024-12-03T18:24:12+00:00","iterations","default","","amazon:us:columbus","{}",2173
"2024-12-03T18:24:15+00:00","iterations","default","","amazon:us:columbus","{}",2298
"2024-12-03T18:24:18+00:00","iterations","default","","amazon:us:columbus","{}",2325
"2024-12-03T18:24:21+00:00","iterations","default","","amazon:us:columbus","{}",2440
"2024-12-03T18:24:24+00:00","iterations","default","","amazon:us:columbus","{}",2468
"2024-12-03T18:24:27+00:00","iterations","default","","amazon:us:columbus","{}",2572
"2024-12-03T18:24:30+00:00","iterations","default","","amazon:us:columbus","{}",2610
"2024-12-03T18:24:33+00:00","iterations","default","","amazon:us:columbus","{}",2711
"2024-12-03T18:24:36+00:00","iterations","default","","amazon:us:columbus","{}",2754
"2024-12-03T18:24:39+00:00","iterations","default","","amazon:us:columbus","{}",2873
"2024-12-03T18:24:42+00:00","iterations","default","","amazon:us:columbus","{}",2959
"2024-12-03T18:24:45+00:00","iterations","default","","amazon:us:columbus","{}",3062
"2024-12-03T18:24:48+00:00","iterations","default","","amazon:us:columbus","{}",3188
"2024-12-03T18:24:51+00:00","iterations","default","","amazon:us:columbus","{}",3271
"2024-12-03T18:24:54+00:00","iterations","default","","amazon:us:columbus","{}",3404
"2024-12-03T18:24:57+00:00","iterations","default","","amazon:us:columbus","{}",3485
"2024-12-03T18:25:00+00:00","iterations","default","","amazon:us:columbus","{}",3626
"2024-12-03T18:25:03+00:00","iterations","default","","amazon:us:columbus","{}",3733
"2024-12-03T18:25:06+00:00","iterations","default","","amazon:us:columbus","{}",3837
"2024-12-03T18:25:09+00:00","iterations","default","","amazon:us:columbus","{}",3899
"2024-12-03T18:25:12+00:00","iterations","default","","amazon:us:columbus","{}",4064
"2024-12-03T18:25:15+00:00","iterations","default","","amazon:us:columbus","{}",4149
"2024-12-03T18:25:18+00:00","iterations","default","","amazon:us:columbus","{}",4264
"2024-12-03T18:25:21+00:00","iterations","default","","amazon:us:columbus","{}",4368
"2024-12-03T18:25:24+00:00","iterations","default","","amazon:us:columbus","{}",4487
"2024-12-03T18:25:27+00:00","iterations","default","","amazon:us:columbus","{}",4619
"2024-12-03T18:25:30+00:00","iterations","default","","amazon:us:columbus","{}",4704
"2024-12-03T18:25:33+00:00","iterations","default","","amazon:us:columbus","{}",4805
"2024-12-03T18:25:36+00:00","iterations","default","","amazon:us:columbus","{}",4905
"2024-12-03T18:25:39+00:00","iterations","default","","amazon:us:columbus","{}",5030
"2024-12-03T18:25:42+00:00","iterations","default","","amazon:us:columbus","{}",5141
"2024-12-03T18:25:45+00:00","iterations","default","","amazon:us:columbus","{}",5208
"2024-12-03T18:25:48+00:00","iterations","default","","amazon:us:columbus","{}",5357
"2024-12-03T18:25:51+00:00","iterations","default","","amazon:us:columbus","{}",5462
"2024-12-03T18:25:54+00:00","iterations","default","","amazon:us:columbus","{}",5574
"2024-12-03T18:25:57+00:00","iterations","default","","amazon:us:columbus","{}",5660
"2024-12-03T18:26:00+00:00","iterations","default","","amazon:us:columbus","{}",5783
"2024-12-03T18:26:03+00:00","iterations","default","","amazon:us:columbus","{}",5921
"2024-12-03T18:26:06+00:00","iterations","default","","amazon:us:columbus","{}",6009
"2024-12-03T18:26:09+00:00","iterations","default","","amazon:us:columbus","{}",6103
"2024-12-03T18:26:12+00:00","iterations","default","","amazon:us:columbus","{}",6226
"2024-12-03T18:26:15+00:00","iterations","default","","amazon:us:columbus","{}",6309
"2024-12-03T18:26:18+00:00","iterations","default","","amazon:us:columbus","{}",6449
"2024-12-03T18:26:21+00:00","iterations","default","","amazon:us:columbus","{}",6516
"2024-12-03T18:26:24+00:00","iterations","default","","amazon:us:columbus","{}",6641
"2024-12-03T18:26:27+00:00","iterations","default","","amazon:us:columbus","{}",6809
"2024-12-03T18:26:30+00:00","iterations","default","","amazon:us:columbus","{}",6878
"2024-12-03T18:26:33+00:00","iterations","default","","amazon:us:columbus","{}",6956
"2024-12-03T18:26:36+00:00","iterations","default","","amazon:us:columbus","{}",7102
"2024-12-03T18:26:39+00:00","iterations","default","","amazon:us:columbus","{}",7160
"2024-12-03T18:26:42+00:00","iterations","default","","amazon:us:columbus","{}",6838
"2024-12-03T18:26:45+00:00","iterations","default","","amazon:us:columbus","{}",6459
"2024-12-03T18:26:48+00:00","iterations","default","","amazon:us:columbus","{}",6099
"2024-12-03T18:26:51+00:00","iterations","default","","amazon:us:columbus","{}",5757
"2024-12-03T18:26:54+00:00","iterations","default","","amazon:us:columbus","{}",5372
"2024-12-03T18:26:57+00:00","iterations","default","","amazon:us:columbus","{}",5016
"2024-12-03T18:27:00+00:00","iterations","default","","amazon:us:columbus","{}",4673
"2024-12-03T18:27:03+00:00","iterations","default","","amazon:us:columbus","{}",4301
"2024-12-03T18:27:06+00:00","iterations","default","","amazon:us:columbus","{}",3935
"2024-12-03T18:27:09+00:00","iterations","default","","amazon:us:columbus","{}",3589
"2024-12-03T18:27:12+00:00","iterations","default","","amazon:us:columbus","{}",3202
"2024-12-03T18:27:15+00:00","iterations","default","","amazon:us:columbus","{}",2838
"2024-12-03T18:27:18+00:00","iterations","default","","amazon:us:columbus","{}",2495
"2024-12-03T18:27:21+00:00","iterations","default","","amazon:us:columbus","{}",2139
"2024-12-03T18:27:24+00:00","iterations","default","","amazon:us:columbus","{}",1758
"2024-12-03T18:27:27+00:00","iterations","default","","amazon:us:columbus","{}",1404
"2024-12-03T18:27:30+00:00","iterations","default","","amazon:us:columbus","{}",1033
"2024-12-03T18:27:33+00:00","iterations","default","","amazon:us:columbus","{}",678
"2024-12-03T18:27:36+00:00","iterations","default","","amazon:us:columbus","{}",309
"2024-12-03T18:27:39+00:00","iterations","default","","amazon:us:columbus","{}",24
