"time","metric","group","scenario","name","method","status","expected_response","load_zone","tags","count","min","mean","median","p95","p99","max","stdev"
"2024-12-03T18:23:09+00:00","http_req_duration","","default","https://your-username.pythonanywhere.com/client_register","POST","404","false","amazon:us:columbus","{'url': 'https://your-username.pythonanywhere.com/client_register', 'proto': 'HTTP/1.1', 'error_code': '1404', 'tls_version': 'tls1.3'}",118,11.408657,11.6743641525424,11.5190000534058,12.2517996311188,13.7263599205017,13.97997,0.452053916620774
"2024-12-03T18:23:12+00:00","http_req_duration","","default","https://your-username.pythonanywhere.com/client_register","POST","404","false","amazon:us:columbus","{'url': 'https://your-username.pythonanywhere.com/client_register', 'proto': 'HTTP/1.1', 'error_code': '1404', 'tls_version': 'tls1.3'}",247,11.170654,11.7613042995951,11.5190000534058,13.1829996109009,14.6601197433472,15.048162,0.679598527894053
"2024-12-03T18:23:15+00:00","http_req_duration","","default","https://your-username.pythonanywhere.com/client_register","POST","404","false","amazon:us:columbus","{'url': 'https://your-username.pythonanywhere.com/client_register', 'proto': 'HTTP/1.1', 'error_code': '1404', 'tls_version': 'tls1.3'}",372,11.243208,12.1746928037634,11.5830001831055,13.5958000183105,16.5065197944641,58.636723,3.3330486619328
"2024-12-03T18:23:18+00:00","http_req_duration","","default","https://your-username.pythonanywhere.com/client_register","POST","404","false","amazon:us:columbus","{'url': 'https://your-username.pythonanywhere.com/client_register', 'proto': 'HTTP/1.1', 'error_code': '1404', 'tls_version': 'tls1.3'}",505,11.145144,11.872237390099,11.5830001831055,13.6181997299194,15.9964396286011,19.855882,0.966066808268427
"2024-12-03T18:23:21+00:00","http_req_duration","","default","https://your-username.pythonanywhere.com/client_register","POST","404","false","amazon:us:columbus","{'url': 'https://your-username.pythonanywhere.com/client_register', 'proto': 'HTTP/1.1', 'error_code': '1404', 'tls_version': 'tls1.3'}",630,11.138355,11.8789870222222,11.5190000534058,13.4390001296997,17.8818805503845,38.054824,1.59465016670425
"2024-12-03T18:23:24+00:00","http_req_duration","","default","https://your-username.pythonanywhere.com/client_register","POST","404","false","amazon:us:columbus","{'url': 'https://your-username.pythonanywhere.com/client_register', 'proto': 'HTTP/1.1', 'error_code': '1404', 'tls_version': 'tls1.3'}",762,11.175721,11.9797937191601,11.6470003128052,13.8838000774384,17.6501993370056,23.059814,1.16998357685281
"2024-12-03T18:23:27+00:00","http_req_duration","","default","https://your-username.pythonanywhere.com/client_register","POST","404","false","amazon:us:columbus","{'url': 'https://your-username.pythonanywhere.com/client_register', 'proto': 'HTTP/1.1', 'error_code': '1404', 'tls_version': 'tls1.3'}",892,11.211893,12.0370429147982,11.6470003128052,14.4566002845764,17.4185196113586,19.59728,1.18839093321221
"2024-12-03T18:23:30+00:00","http_req_duration","","default","https://your-username.pythonanywhere.com/client_register","POST","404","false","amazon:us:columbus","{'url': 'https://your-username.pythonanywhere.com/client_register', 'proto': 'HTTP/1.1', 'error_code': '1404', 'tls_version': 'tls1.3'}",1021,11.21474,11.773705791381,11.5190000534058,13.1829996109009,15.5381998062134,22.037613,0.84332746845825
"2024-12-03T18:23:33+00:00","http_req_duration","","default","https://your-username.pythonanywhere.com/client_register","POST","404","false","amazon:us:columbus","{'url': 'https://your-username.pythonanywhere.com/client_register', 'proto': 'HTTP/1.1', 'error_code': '1404', 'tls_version': 'tls1.3'}",1159,11.124521,11.9811311604832,11.6470003128052,14.1429996490479,16.820760307312,23.737015,1.11656749672105
"2024-12-03T18:23:36+00:00","http_req_duration","","default","https://your-username.pythonanywhere.com/client_register","POST","404","false","amazon:us:columbus","{'url': 'https://your-username.pythonanywhere.com/client_register', 'proto': 'HTTP/1.1', 'error_code': '1404', 'tls_version': 'tls1.3'}",1298,11.135414,11.8728406163328,11.6470003128052,13.4390001296997,15.4870004653931,19.09212,0.833435043158781
"2024-12-03T18:23:39+00:00","http_req_duration","","default","https://your-username.pythonanywhere.com/client_register","POST","404","false","amazon:us:columbus","{'url': 'https://your-username.pythonanywhere.com/client_register', 'proto': 'HTTP/1.1', 'error_code': '1404', 'tls_version': 'tls1.3'}",1421,11.141175,11.7341172068966,11.5830001831055,13.0550003051758,15.02619972229,18.287517,0.746878130643184
"2024-12-03T18:23:42+00:00","http_req_duration","","default","https://your-username.pythonanywhere.com/client_register","POST","404","false","amazon:us:columbus","{'url': 'https://your-username.pythonanywhere.com/client_register', 'proto': 'HTTP/1.1', 'error_code': '1404', 'tls_version': 'tls1.3'}",1455,11.151755,11.8331659965636,11.5830001831055,13.375,15.64443983078,21.654525,0.835297283863691
"2024-12-03T18:23:45+00:00","http_req_duration","","default","https://your-username.pythonanywhere.com/client_register","POST","404","false","amazon:us:columbus","{'url': 'https://your-username.pythonanywhere.com/client_register', 'proto': 'HTTP/1.1', 'error_code': '1404', 'tls_version': 'tls1.3'}",1572,11.146152,11.8498251316794,11.5830001831055,13.4390001296997,15.7430000305176,20.024107,0.894190357119775
"2024-12-03T18:23:48+00:00","http_req_duration","","default","https://your-username.pythonanywhere.com/client_register","POST","404","false","amazon:us:columbus","{'url': 'https://your-username.pythonanywhere.com/client_register', 'proto': 'HTTP/1.1', 'error_code': '1404', 'tls_version': 'tls1.3'}",1599,11.14647,11.8718583708568,11.5830001831055,13.38140001297,15.7442800331116,24.571535,0.902754403952805
"2024-12-03T18:23:51+00:00","http_req_duration","","default","https://your-username.pythonanywhere.com/client_register","POST","404","false","amazon:us:columbus","{'url': 'https://your-username.pythonanywhere.com/client_register', 'proto': 'HTTP/1.1', 'error_code': '1404', 'tls_version': 'tls1.3'}",1715,11.126707,11.800884303207,11.5830001831055,13.1382001876831,14.7740399742126,19.68658,0.777055888303516
"2024-12-03T18:23:54+00:00","http_req_duration","","default","https://your-username.pythonanywhere.com/client_register","POST","404","false","amazon:us:columbus","{'url': 'https://your-username.pythonanywhere.com/client_register', 'proto': 'HTTP/1.1', 'error_code': '1404', 'tls_version': 'tls1.3'}",1747,11.173982,11.8579539089868,11.5830001831055,13.4390001296997,15.0786800765991,23.511479,0.888180766474898
"2024-12-03T18:23:57+00:00","http_req_duration","","default","https://your-username.pythonanywhere.com/client_register","POST","404","false","amazon:us:columbus","{'url': 'https://your-username.pythonanywhere.com/client_register', 'proto': 'HTTP/1.1', 'error_code': '1404', 'tls_version': 'tls1.3'}",1849,11.162724,12.0284038117902,11.5830001831055,13.3109998703003,20.5455602264404,48.766824,2.33659371848195
"2024-12-03T18:24:00+00:00","http_req_duration","","default","https://your-username.pythonanywhere.com/client_register","POST","404","false","amazon:us:columbus","{'url': 'https://your-username.pythonanywhere.com/client_register', 'proto': 'HTTP/1.1', 'error_code': '1404', 'tls_version': 'tls1.3'}",1867,11.149663,12.084674498661,11.5830001831055,13.1829996109009,15.871000289917,118.513289,5.22355636603462
"2024-12-03T18:24:03+00:00","http_req_duration","","default","https://your-username.pythonanywhere.com/client_register","POST","404","false","amazon:us:columbus","{'url': 'https://your-username.pythonanywhere.com/client_register', 'proto': 'HTTP/1.1', 'error_code': '1404', 'tls_version': 'tls1.3'}",1995,11.1312,12.2572566511278,11.6470003128052,14.6741997718811,25.2303601837158,31.861019,1.99360702186865
"2024-12-03T18:24:06+00:00","http_req_duration","","default","https://your-username.pythonanywhere.com/client_register","POST","404","false","amazon:us:columbus","{'url': 'https://your-username.pythonanywhere.com/client_register', 'proto': 'HTTP/1.1', 'error_code': '1404', 'tls_version': 'tls1.3'}",2033,11.180307,11.7758778317757,11.5190000534058,13.1446001052856,14.4220402145386,20.727632,0.699584428499372
"2024-12-03T18:24:09+00:00","http_req_duration","","default","https://your-username.pythonanywhere.com/client_register","POST","404","false","amazon:us:columbus","{'url': 'https://your-username.pythonanywhere.com/client_register', 'proto': 'HTTP/1.1', 'error_code': '1404', 'tls_version': 'tls1.3'}",2141,11.150067,11.9517874147595,11.5830001831055,13.0550003051758,16.9206005096436,84.292855,2.82982123815169
"2024-12-03T18:24:12+00:00","http_req_duration","","default","https://your-username.pythonanywhere.com/client_register","POST","404","false","amazon:us:columbus","{'url': 'https://your-username.pythonanywhere.com/client_register', 'proto': 'HTTP/1.1', 'error_code': '1404', 'tls_version': 'tls1.3'}",2173,11.104198,11.8030632673723,11.5830001831055,13.1829996109009,14.4809203338623,19.50848,0.690265408337096
"2024-12-03T18:24:15+00:00","http_req_duration","","default","https://your-username.pythonanywhere.com/client_register","POST","404","false","amazon:us:columbus","{'url': 'https://your-username.pythonanywhere.com/client_register', 'proto': 'HTTP/1.1', 'error_code': '1404', 'tls_version': 'tls1.3'}",2298,11.104912,11.9780684525675,11.6470003128052,13.6309995651245,15.6809199047089,35.866304,1.31942333847634
"2024-12-03T18:24:18+00:00","http_req_duration","","default","https://your-username.pythonanywhere.com/client_register","POST","404","false","amazon:us:columbus","{'url': 'https://your-username.pythonanywhere.com/client_register', 'proto': 'HTTP/1.1', 'error_code': '1404', 'tls_version': 'tls1.3'}",2325,11.154485,11.8812860163441,11.5830001831055,13.375,16.2447595977783,22.660494,0.962351742296602
"2024-12-03T18:24:21+00:00","http_req_duration","","default","https://your-username.pythonanywhere.com/client_register","POST","404","false","amazon:us:columbus","{'url': 'https://your-username.pythonanywhere.com/client_register', 'proto': 'HTTP/1.1', 'error_code': '1404', 'tls_version': 'tls1.3'}",2440,11.140347,11.8262054631147,11.5830001831055,13.3109998703003,14.8470001220703,22.28433,0.822486423800809
"2024-12-03T18:24:24+00:00","http_req_duration","","default","https://your-username.pythonanywhere.com/client_register","POST","404","false","amazon:us:columbus","{'url': 'https://your-username.pythonanywhere.com/client_register', 'proto': 'HTTP/1.1', 'error_code': '1404', 'tls_version': 'tls1.3'}",2468,11.152879,11.9975788808752,11.6470003128052,13.6949996948242,16.1685996246338,31.243678,1.25609844841896
"2024-12-03T18:24:27+00:00","http_req_duration","","default","https://your-username.pythonanywhere.com/client_register","POST","404","false","amazon:us:columbus","{'url': 'https://your-username.pythonanywhere.com/client_register', 'proto': 'HTTP/1.1', 'error_code': '1404', 'tls_version': 'tls1.3'}",2572,11.124897,12.1119316481337,11.6470003128052,14.1429996490479,17.4812397384644,41.499199,1.73647771372741
"2024-12-03T18:24:30+00:00","http_req_duration","","default","https://your-username.pythonanywhere.com/client_register","POST","404","false","amazon:us:columbus","{'url': 'https://your-username.pythonanywhere.com/client_register', 'proto': 'HTTP/1.1', 'error_code': '1404', 'tls_version': 'tls1.3'}",2610,11.12094,12.1195692819923,11.7749996185303,13.951000213623,15.6789999008179,32.989913,1.24534941598765
"2024-12-03T18:24:33+00:00","http_req_duration","","default","https://your-username.pythonanywhere.com/client_register","POST","404","false","amazon:us:columbus","{'url': 'https://your-username.pythonanywhere.com/client_register', 'proto': 'HTTP/1.1', 'error_code': '1404', 'tls_version': 'tls1.3'}",2711,11.099183,12.154582323128,11.5830001831055,13.6949996948242,19.5702001571655,68.918678,3.05789811872155
"2024-12-03T18:24:36+00:00","http_req_duration","","default","https://your-username.pythonanywhere.com/client_register","POST","404","false","amazon:us:columbus","{'url': 'https://your-username.pythonanywhere.com/client_register', 'proto': 'HTTP/1.1', 'error_code': '1404', 'tls_version': 'tls1.3'}",2754,11.090381,12.013343369281,11.6470003128052,13.7589998245239,17.1509990692139,42.380639,1.21968552122986
"2024-12-03T18:24:39+00:00","http_req_duration","","default","https://your-username.pythonanywhere.com/client_register","POST","404","false","amazon:us:columbus","{'url': 'https://your-username.pythonanywhere.com/client_register', 'proto': 'HTTP/1.1', 'error_code': '1404', 'tls_version': 'tls1.3'}",2873,11.150675,12.1379665221023,11.7110004425049,14.0790004730225,17.1868391418457,38.641818,1.45584605451807
"2024-12-03T18:24:42+00:00","http_req_duration","","default","https://your-username.pythonanywhere.com/client_register","POST","404","false","amazon:us:columbus","{'url': 'https://your-username.pythonanywhere.com/client_register', 'proto': 'HTTP/1.1', 'error_code': '1404', 'tls_version': 'tls1.3'}",2959,11.117626,12.2086966441365,11.7110004425049,13.951000213623,19.9465201187134,42.28337,2.21332221010535
"2024-12-03T18:24:45+00:00","http_req_duration","","default","https://your-username.pythonanywhere.com/client_register","POST","404","false","amazon:us:columbus","{'url': 'https://your-username.pythonanywhere.com/client_register', 'proto': 'HTTP/1.1', 'error_code': '1404', 'tls_version': 'tls1.3'}",3062,11.100589,11.9352035045722,11.6470003128052,13.5030002593994,15.1669998168945,28.718131,0.995662231108414
"2024-12-03T18:24:48+00:00","http_req_duration","","default","https://your-username.pythonanywhere.com/client_register","POST","404","false","amazon:us:columbus","{'url': 'https://your-username.pythonanywhere.com/client_register', 'proto': 'HTTP/1.1', 'error_code': '1404', 'tls_version': 'tls1.3'}",3188,11.144182,12.0503058070891,11.7110004425049,14.0150003433228,16.5109996795654,37.353913,1.16957733535991
"2024-12-03T18:24:51+00:00","http_req_duration","","default","https://your-username.pythonanywhere.com/client_register","POST","404","false","amazon:us:columbus","{'url': 'https://your-username.pythonanywhere.com/client_register', 'proto': 'HTTP/1.1', 'error_code': '1404', 'tls_version': 'tls1.3'}",3271,11.144616,12.3391892442678,11.7110004425049,14.3029999732971,21.1957996368408,74.774018,3.8193004682965
"2024-12-03T18:24:54+00:00","http_req_duration","","default","https://your-username.pythonanywhere.com/client_register","POST","404","false","amazon:us:columbus","{'url': 'https://your-username.pythonanywhere.com/client_register', 'proto': 'HTTP/1.1', 'error_code': '1404', 'tls_version': 'tls1.3'}",3404,11.145858,12.1091548513513,11.7110004425049,13.8870000839233,17.9190006256104,34.938557,1.53507636652871
"2024-12-03T18:24:57+00:00","http_req_duration","","default","https://your-username.pythonanywhere.com/client_register","POST","404","false","amazon:us:columbus","{'url': 'https://your-username.pythonanywhere.com/client_register', 'proto': 'HTTP/1.1', 'error_code': '1404', 'tls_version': 'tls1.3'}",3485,11.145334,12.3077215784792,11.7749996185303,14.6549997329712,18.27739944458,47.701701,2.05650618556156
"2024-12-03T18:25:00+00:00","http_req_duration","","default","https://your-username.pythonanywhere.com/client_register","POST","404","false","amazon:us:columbus","{'url': 'https://your-username.pythonanywhere.com/client_register', 'proto': 'HTTP/1.1', 'error_code': '1404', 'tls_version': 'tls1.3'}",3626,11.140072,12.1440302071153,11.83899974823,13.951000213623,16.7350001335144,24.502531,1.13991865531553
"2024-12-03T18:25:03+00:00","http_req_duration","","default","https://your-username.pythonanywhere.com/client_register","POST","404","false","amazon:us:columbus","{'url': 'https://your-username.pythonanywhere.com/client_register', 'proto': 'HTTP/1.1', 'error_code': '1404', 'tls_version': 'tls1.3'}",3733,11.15441,12.079913155371,11.7749996185303,13.951000213623,15.9350004196167,19.263809,0.942002874030791
"2024-12-03T18:25:06+00:00","http_req_duration","","default","https://your-username.pythonanywhere.com/client_register","POST","404","false","amazon:us:columbus","{'url': 'https://your-username.pythonanywhere.com/client_register', 'proto': 'HTTP/1.1', 'error_code': '1404', 'tls_version': 'tls1.3'}",3837,11.133923,12.2103753479281,11.7749996185303,14.3990001678467,17.6169200134277,48.13421,1.8859547032573
"2024-12-03T18:25:09+00:00","http_req_duration","","default","https://your-username.pythonanywhere.com/client_register","POST","404","false","amazon:us:columbus","{'url': 'https://your-username.pythonanywhere.com/client_register', 'proto': 'HTTP/1.1', 'error_code': '1404', 'tls_version': 'tls1.3'}",3899,11.142369,12.4458902433957,11.9029998779297,14.6549997329712,22.1429996490479,52.024059,2.63189021249374
"2024-12-03T18:25:12+00:00","http_req_duration","","default","https://your-username.pythonanywhere.com/client_register","POST","404","false","amazon:us:columbus","{'url': 'https://your-username.pythonanywhere.com/client_register', 'proto': 'HTTP/1.1', 'error_code': '1404', 'tls_version': 'tls1.3'}",4064,11.126638,12.2235384662894,11.83899974823,14.4534002780914,16.8950004577637,34.059327,1.33333115877454
"2024-12-03T18:25:15+00:00","http_req_duration","","default","https://your-username.pythonanywhere.com/client_register","POST","404","false","amazon:us:columbus","{'url': 'https://your-username.pythonanywhere.com/client_register', 'proto': 'HTTP/1.1', 'error_code': '1404', 'tls_version': 'tls1.3'}",4149,11.153099,12.4676007953724,11.9670000076294,14.6549997329712,17.2841193389892,48.99135,2.34494283918724
"2024-12-03T18:25:18+00:00","http_req_duration","","default","https://your-username.pythonanywhere.com/client_register","POST","404","false","amazon:us:columbus","{'url': 'https://your-username.pythonanywhere.com/client_register', 'proto': 'HTTP/1.1', 'error_code': '1404', 'tls_version': 'tls1.3'}",4264,11.12688,12.2339561468105,11.7110004425049,14.3990001678467,20.9577203559875,41.27601,1.79485516883431
"2024-12-03T18:25:21+00:00","http_req_duration","","default","https://your-username.pythonanywhere.com/client_register","POST","404","false","amazon:us:columbus","{'url': 'https://your-username.pythonanywhere.com/client_register', 'proto': 'HTTP/1.1', 'error_code': '1404', 'tls_version': 'tls1.3'}",4368,11.141185,11.9964497062729,11.7110004425049,13.6309995651245,15.9561201477051,25.915317,0.976974742596428
"2024-12-03T18:25:24+00:00","http_req_duration","","default","https://your-username.pythonanywhere.com/client_register","POST","404","false","amazon:us:columbus","{'url': 'https://your-username.pythonanywhere.com/client_register', 'proto': 'HTTP/1.1', 'error_code': '1404', 'tls_version': 'tls1.3'}",4487,11.129403,12.182208063294,11.83899974823,14.335000038147,16.382999420166,27.01358,1.08613732065755
"2024-12-03T18:25:27+00:00","http_req_duration","","default","https://your-username.pythonanywhere.com/client_register","POST","404","false","amazon:us:columbus","{'url': 'https://your-username.pythonanywhere.com/client_register', 'proto': 'HTTP/1.1', 'error_code': '1404', 'tls_version': 'tls1.3'}",4619,11.103298,12.1233348084001,11.7749996185303,14.0150003433228,16.6159598922729,24.44624,1.17161812740777
"2024-12-03T18:25:30+00:00","http_req_duration","","default","https://your-username.pythonanywhere.com/client_register","POST","404","false","amazon:us:columbus","{'url': 'https://your-username.pythonanywhere.com/client_register', 'proto': 'HTTP/1.1', 'error_code': '1404', 'tls_version': 'tls1.3'}",4704,11.090814,12.1748421662415,11.83899974823,14.1429996490479,16.5071596717835,42.90455,1.32561319724782
"2024-12-03T18:25:33+00:00","http_req_duration","","default","https://your-username.pythonanywhere.com/client_register","POST","404","false","amazon:us:columbus","{'url': 'https://your-username.pythonanywhere.com/client_register', 'proto': 'HTTP/1.1', 'error_code': '1404', 'tls_version': 'tls1.3'}",4805,11.130354,12.0695376345473,11.7749996185303,13.8870000839233,15.5509996414185,21.396334,0.88476757447161
"2024-12-03T18:25:36+00:00","http_req_duration","","default","https://your-username.pythonanywhere.com/client_register","POST","404","false","amazon:us:columbus","{'url': 'https://your-username.pythonanywhere.com/client_register', 'proto': 'HTTP/1.1', 'error_code': '1404', 'tls_version': 'tls1.3'}",4905,11.117991,12.4587287074414,11.83899974823,15.2309999465942,20.7350006103516,53.579655,2.48590383278902
"2024-12-03T18:25:39+00:00","http_req_duration","","default","https://your-username.pythonanywhere.com/client_register","POST","404","false","amazon:us:columbus","{'url': 'https://your-username.pythonanywhere.com/client_register', 'proto': 'HTTP/1.1', 'error_code': '1404', 'tls_version': 'tls1.3'}",5030,11.142624,12.3942659097416,11.9029998779297,14.3990001678467,17.9190006256104,52.186526,2.4629097987209
"2024-12-03T18:25:42+00:00","http_req_duration","","default","https://your-username.pythonanywhere.com/client_register","POST","404","false","amazon:us:columbus","{'url': 'https://your-username.pythonanywhere.com/client_register', 'proto': 'HTTP/1.1', 'error_code': '1404', 'tls_version': 'tls1.3'}",5141,11.113485,12.188530960708,11.83899974823,14.2069997787476,17.6630001068115,32.329669,1.30354759948245
"2024-12-03T18:25:45+00:00","http_req_duration","","default","https://your-username.pythonanywhere.com/client_register","POST","404","false","amazon:us:columbus","{'url': 'https://your-username.pythonanywhere.com/client_register', 'proto': 'HTTP/1.1', 'error_code': '1404', 'tls_version': 'tls1.3'}",5208,11.140515,12.2566651941244,11.83899974823,14.4630002975464,18.0470008850098,36.191331,1.47780629368041
"2024-12-03T18:25:48+00:00","http_req_duration","","default","https://your-username.pythonanywhere.com/client_register","POST","404","false","amazon:us:columbus","{'url': 'https://your-username.pythonanywhere.com/client_register', 'proto': 'HTTP/1.1', 'error_code': '1404', 'tls_version': 'tls1.3'}",5357,11.144449,12.2353229772261,11.83899974823,14.2709999084473,16.6953200531006,48.925189,1.59636646430503
"2024-12-03T18:25:51+00:00","http_req_duration","","default","https://your-username.pythonanywhere.com/client_register","POST","404","false","amazon:us:columbus","{'url': 'https://your-username.pythonanywhere.com/client_register', 'proto': 'HTTP/1.1', 'error_code': '1404', 'tls_version': 'tls1.3'}",5462,11.135576,12.3413151142439,11.9670000076294,14.5909996032715,18.1749992370605,27.100154,1.4368355028683
"2024-12-03T18:25:54+00:00","http_req_duration","","default","https://your-username.pythonanywhere.com/client_register","POST","404","false","amazon:us:columbus","{'url': 'https://your-username.pythonanywhere.com/client_register', 'proto': 'HTTP/1.1', 'error_code': '1404', 'tls_version': 'tls1.3'}",5574,11.12167,12.2826324703983,11.83899974823,14.7189998626709,17.9190006256104,30.578695,1.3768604692795
"2024-12-03T18:25:57+00:00","http_req_duration","","default","https://your-username.pythonanywhere.com/client_register","POST","404","false","amazon:us:columbus","{'url': 'https://your-username.pythonanywhere.com/client_register', 'proto': 'HTTP/1.1', 'error_code': '1404', 'tls_version': 'tls1.3'}",5660,11.127578,12.328896395583,11.9029998779297,14.5270004272461,17.0754800415039,38.156599,1.54088665684071
"2024-12-03T18:26:00+00:00","http_req_duration","","default","https://your-username.pythonanywhere.com/client_register","POST","404","false","amazon:us:columbus","{'url': 'https://your-username.pythonanywhere.com/client_register', 'proto': 'HTTP/1.1', 'error_code': '1404', 'tls_version': 'tls1.3'}",5783,11.161686,12.2414434433685,11.83899974823,14.335000038147,19.0709991455078,40.929433,1.59041848407328
"2024-12-03T18:26:03+00:00","http_req_duration","","default","https://your-username.pythonanywhere.com/client_register","POST","404","false","amazon:us:columbus","{'url': 'https://your-username.pythonanywhere.com/client_register', 'proto': 'HTTP/1.1', 'error_code': '1404', 'tls_version': 'tls1.3'}",5921,11.078761,12.1404583938524,11.7749996185303,14.1429996490479,17.2789993286133,29.41415,1.21262134013027
"2024-12-03T18:26:06+00:00","http_req_duration","","default","https://your-username.pythonanywhere.com/client_register","POST","404","false","amazon:us:columbus","{'url': 'https://your-username.pythonanywhere.com/client_register', 'proto': 'HTTP/1.1', 'error_code': '1404', 'tls_version': 'tls1.3'}",6009,11.098769,12.2491380492594,11.83899974823,14.5909996032715,18.0367608642578,28.742538,1.41294821348887
"2024-12-03T18:26:09+00:00","http_req_duration","","default","https://your-username.pythonanywhere.com/client_register","POST","404","false","amazon:us:columbus","{'url': 'https://your-username.pythonanywhere.com/client_register', 'proto': 'HTTP/1.1', 'error_code': '1404', 'tls_version': 'tls1.3'}",6103,11.115839,12.3215882513518,11.83899974823,14.7189998626709,18.8150005340576,28.819098,1.45143911257027
"2024-12-03T18:26:12+00:00","http_req_duration","","default","https://your-username.pythonanywhere.com/client_register","POST","404","false","amazon:us:columbus","{'url': 'https://your-username.pythonanywhere.com/client_register', 'proto': 'HTTP/1.1', 'error_code': '1404', 'tls_version': 'tls1.3'}",6226,11.143874,12.2099110086733,11.83899974823,14.335000038147,17.7910003662109,26.29297,1.24853093990869
"2024-12-03T18:26:15+00:00","http_req_duration","","default","https://your-username.pythonanywhere.com/client_register","POST","404","false","amazon:us:columbus","{'url': 'https://your-username.pythonanywhere.com/client_register', 'proto': 'HTTP/1.1', 'error_code': '1404', 'tls_version': 'tls1.3'}",6309,11.126774,12.6288667203994,11.9029998779297,15.7814001083374,26.2390003204346,42.148139,2.5701237842187
"2024-12-03T18:26:18+00:00","http_req_duration","","default","https://your-username.pythonanywhere.com/client_register","POST","404","false","amazon:us:columbus","{'url': 'https://your-username.pythonanywhere.com/client_register', 'proto': 'HTTP/1.1', 'error_code': '1404', 'tls_version': 'tls1.3'}",6449,11.115679,12.2166523799039,11.83899974823,14.335000038147,17.2789993286133,33.675099,1.38383503211405
"2024-12-03T18:26:21+00:00","http_req_duration","","default","https://your-username.pythonanywhere.com/client_register","POST","404","false","amazon:us:columbus","{'url': 'https://your-username.pythonanywhere.com/client_register', 'proto': 'HTTP/1.1', 'error_code': '1404', 'tls_version': 'tls1.3'}",6516,11.126192,12.396279550798,11.9029998779297,14.7189998626709,20.2933997154236,40.320553,1.90251937382298
"2024-12-03T18:26:24+00:00","http_req_duration","","default","https://your-username.pythonanywhere.com/client_register","POST","404","false","amazon:us:columbus","{'url': 'https://your-username.pythonanywhere.com/client_register', 'proto': 'HTTP/1.1', 'error_code': '1404', 'tls_version': 'tls1.3'}",6641,11.106339,12.3444042868544,11.9029998779297,14.6549997329712,18.6870002746582,35.556869,1.55093565976996
"2024-12-03T18:26:27+00:00","http_req_duration","","default","https://your-username.pythonanywhere.com/client_register","POST","404","false","amazon:us:columbus","{'url': 'https://your-username.pythonanywhere.com/client_register', 'proto': 'HTTP/1.1', 'error_code': '1404', 'tls_version': 'tls1.3'}",6811,11.110854,12.239992106005,11.9029998779297,14.3990001678467,17.5349998474121,32.084234,1.2392609298963
"2024-12-03T18:26:30+00:00","http_req_duration","","default","https://your-username.pythonanywhere.com/client_register","POST","404","false","amazon:us:columbus","{'url': 'https://your-username.pythonanywhere.com/client_register', 'proto': 'HTTP/1.1', 'error_code': '1404', 'tls_version': 'tls1.3'}",6876,11.102729,12.2555489059046,11.83899974823,14.5270004272461,18.0470008850098,26.813277,1.30184867029988
"2024-12-03T18:26:33+00:00","http_req_duration","","default","https://your-username.pythonanywhere.com/client_register","POST","404","false","amazon:us:columbus","{'url': 'https://your-username.pythonanywhere.com/client_register', 'proto': 'HTTP/1.1', 'error_code': '1404', 'tls_version': 'tls1.3'}",6956,11.114392,12.2492115704428,11.83899974823,14.3510000705719,17.1509990692139,35.386842,1.33780881490189
"2024-12-03T18:26:36+00:00","http_req_duration","","default","https://your-username.pythonanywhere.com/client_register","POST","404","false","amazon:us:columbus","{'url': 'https://your-username.pythonanywhere.com/client_register', 'proto': 'HTTP/1.1', 'error_code': '1404', 'tls_version': 'tls1.3'}",7103,11.11768,12.3224507481346,11.9670000076294,14.5845996856689,17.2789993286133,29.021664,1.28372871809097
"2024-12-03T18:26:39+00:00","http_req_duration","","default","https://your-username.pythonanywhere.com/client_register","POST","404","false","amazon:us:columbus","{'url': 'https://your-username.pythonanywhere.com/client_register', 'proto': 'HTTP/1.1', 'error_code': '1404', 'tls_version': 'tls1.3'}",7159,11.073449,12.3838951551893,11.9029998779297,14.9814002990723,18.30299949646,31.975416,1.42142772301321
"2024-12-03T18:26:42+00:00","http_req_duration","","default","https://your-username.pythonanywhere.com/client_register","POST","404","false","amazon:us:columbus","{'url': 'https://your-username.pythonanywhere.com/client_register', 'proto': 'HTTP/1.1', 'error_code': '1404', 'tls_version': 'tls1.3'}",6839,11.120833,12.3851340805673,11.9670000076294,14.9750003814697,17.7423602676392,28.385977,1.36673683351915
"2024-12-03T18:26:45+00:00","http_req_duration","","default","https://your-username.pythonanywhere.com/client_register","POST","404","false","amazon:us:columbus","{'url': 'https://your-username.pythonanywhere.com/client_register', 'proto': 'HTTP/1.1', 'error_code': '1404', 'tls_version': 'tls1.3'}",6459,11.126998,12.323773779068,11.83899974823,14.5270004272461,19.6367602920532,39.312839,1.83365260449146
"2024-12-03T18:26:48+00:00","http_req_duration","","default","https://your-username.pythonanywhere.com/client_register","POST","404","false","amazon:us:columbus","{'url': 'https://your-username.pythonanywhere.com/client_register', 'proto': 'HTTP/1.1', 'error_code': '1404', 'tls_version': 'tls1.3'}",6098,11.126605,12.3152185305018,11.9029998779297,14.7189998626709,17.5388398551941,34.411599,1.50623923044984
"2024-12-03T18:26:51+00:00","http_req_duration","","default","https://your-username.pythonanywhere.com/client_register","POST","404","false","amazon:us:columbus","{'url': 'https://your-username.pythonanywhere.com/client_register', 'proto': 'HTTP/1.1', 'error_code': '1404', 'tls_version': 'tls1.3'}",5757,11.106248,12.0802687981588,11.7110004425049,14.0790004730225,17.3353194427491,30.071471,1.36398963928043
"2024-12-03T18:26:54+00:00","http_req_duration","","default","https://your-username.pythonanywhere.com/client_register","POST","404","false","amazon:us:columbus","{'url': 'https://your-username.pythonanywhere.com/client_register', 'proto': 'HTTP/1.1', 'error_code': '1404', 'tls_version': 'tls1.3'}",5372,11.130179,12.1644637058824,11.83899974823,14.2709999084473,16.2095597457886,21.494676,1.0780577512085
"2024-12-03T18:26:57+00:00","http_req_duration","","default","https://your-username.pythonanywhere.com/client_register","POST","404","false","amazon:us:columbus","{'url': 'https://your-username.pythonanywhere.com/client_register', 'proto': 'HTTP/1.1', 'error_code': '1404', 'tls_version': 'tls1.3'}",5016,11.126983,12.23391515311,11.83899974823,14.2709999084473,16.7670001983643,23.965408,1.15504009042069
"2024-12-03T18:27:00+00:00","http_req_duration","","default","https://your-username.pythonanywhere.com/client_register","POST","404","false","amazon:us:columbus","{'url': 'https://your-username.pythonanywhere.com/client_register', 'proto': 'HTTP/1.1', 'error_code': '1404', 'tls_version': 'tls1.3'}",4673,11.128611,12.1536570062059,11.83899974823,14.0790004730225,17.4069995880127,23.195095,1.18494254878905
"2024-12-03T18:27:03+00:00","http_req_duration","","default","https://your-username.pythonanywhere.com/client_register","POST","404","false","amazon:us:columbus","{'url': 'https://your-username.pythonanywhere.com/client_register', 'proto': 'HTTP/1.1', 'error_code': '1404', 'tls_version': 'tls1.3'}",4301,11.127723,12.1738851183446,11.7749996185303,14.0790004730225,18.30299949646,31.443894,1.46009861677197
"2024-12-03T18:27:06+00:00","http_req_duration","","default","https://your-username.pythonanywhere.com/client_register","POST","404","false","amazon:us:columbus","{'url': 'https://your-username.pythonanywhere.com/client_register', 'proto': 'HTTP/1.1', 'error_code': '1404', 'tls_version': 'tls1.3'}",3935,11.124192,11.9382104767471,11.7110004425049,13.3301999092102,14.6549997329712,22.395613,0.78701241633502
"2024-12-03T18:27:09+00:00","http_req_duration","","default","https://your-username.pythonanywhere.com/client_register","POST","404","false","amazon:us:columbus","{'url': 'https://your-username.pythonanywhere.com/client_register', 'proto': 'HTTP/1.1', 'error_code': '1404', 'tls_version': 'tls1.3'}",3589,11.135272,11.9681718768459,11.6470003128052,13.5030002593994,16.9257202911377,31.532866,1.32495654075391
"2024-12-03T18:27:12+00:00","http_req_duration","","default","https://your-username.pythonanywhere.com/client_register","POST","404","false","amazon:us:columbus","{'url': 'https://your-username.pythonanywhere.com/client_register', 'proto': 'HTTP/1.1', 'error_code': '1404', 'tls_version': 'tls1.3'}",3202,11.089156,11.9283498938164,11.6470003128052,13.1829996109009,14.3983601665497,233.55336,3.97052979310085
"2024-12-03T18:27:15+00:00","http_req_duration","","default","https://your-username.pythonanywhere.com/client_register","POST","404","false","amazon:us:columbus","{'url': 'https://your-username.pythonanywhere.com/client_register', 'proto': 'HTTP/1.1', 'error_code': '1404', 'tls_version': 'tls1.3'}",2838,11.1315,12.2169599200141,11.6470003128052,13.8229999542236,23.798039894104,44.361253,2.61230391889422
"2024-12-03T18:27:18+00:00","http_req_duration","","default","https://your-username.pythonanywhere.com/client_register","POST","404","false","amazon:us:columbus","{'url': 'https://your-username.pythonanywhere.com/client_register', 'proto': 'HTTP/1.1', 'error_code': '1404', 'tls_version': 'tls1.3'}",2495,11.078637,11.8876821819639,11.6470003128052,13.375,14.6549997329712,18.549044,0.709958302409706
"2024-12-03T18:27:21+00:00","http_req_duration","","default","https://your-username.pythonanywhere.com/client_register","POST","404","false","amazon:us:columbus","{'url': 'https://your-username.pythonanywhere.com/client_register', 'proto': 'HTTP/1.1', 'error_code': '1404', 'tls_version': 'tls1.3'}",2139,11.139334,11.776791371669,11.5830001831055,12.9334000587463,14.6703597640991,24.886744,0.905781647118258
"2024-12-03T18:27:24+00:00","http_req_duration","","default","https://your-username.pythonanywhere.com/client_register","POST","404","false","amazon:us:columbus","{'url': 'https://your-username.pythonanywhere.com/client_register', 'proto': 'HTTP/1.1', 'error_code': '1404', 'tls_version': 'tls1.3'}",1758,11.097313,11.9229461427759,11.6470003128052,13.7589998245239,16.0540401172638,20.408319,0.933320784427
"2024-12-03T18:27:27+00:00","http_req_duration","","default","https://your-username.pythonanywhere.com/client_register","POST","404","false","amazon:us:columbus","{'url': 'https://your-username.pythonanywhere.com/client_register', 'proto': 'HTTP/1.1', 'error_code': '1404', 'tls_version': 'tls1.3'}",1404,11.124499,12.0843247535613,11.5830001831055,13.951000213623,18.7804405212403,45.234954,2.45814775199967
"2024-12-03T18:27:30+00:00","http_req_duration","","default","https://your-username.pythonanywhere.com/client_register","POST","404","false","amazon:us:columbus","{'url': 'https://your-username.pythonanywhere.com/client_register', 'proto': 'HTTP/1.1', 'error_code': '1404', 'tls_version': 'tls1.3'}",1033,11.187175,11.7415057347531,11.4549999237061,13.1190004348755,17.1970797729492,19.351424,0.939882815376122
"2024-12-03T18:27:33+00:00","http_req_duration","","default","https://your-username.pythonanywhere.com/client_register","POST","404","false","amazon:us:columbus","{'url': 'https://your-username.pythonanywhere.com/client_register', 'proto': 'HTTP/1.1', 'error_code': '1404', 'tls_version': 'tls1.3'}",678,11.167088,11.990694780236,11.5830001831055,13.384600019455,17.1305204963684,48.128061,2.41346875852658
"2024-12-03T18:27:36+00:00","http_req_duration","","default","https://your-username.pythonanywhere.com/client_register","POST","404","false","amazon:us:columbus","{'url': 'https://your-username.pythonanywhere.com/client_register', 'proto': 'HTTP/1.1', 'error_code': '1404', 'tls_version': 'tls1.3'}",309,11.276854,11.7962777961165,11.5830001831055,12.6709995269775,14.7804401397705,19.117839,0.754806542893866
"2024-12-03T18:27:39+00:00","http_req_duration","","default","https://your-username.pythonanywhere.com/client_register","POST","404","false","amazon:us:columbus","{'url': 'https://your-username.pythonanywhere.com/client_register', 'proto': 'HTTP/1.1', 'error_code': '1404', 'tls_version': 'tls1.3'}",24,11.20674,11.4938920833333,11.3269996643066,12.0950002670288,12.2223659992218,12.26041,0.318468004576519
