"time","metric","scenario","group","load_zone","tags","count"
"2024-12-03T18:23:09+00:00","data_received","default","","amazon:us:columbus","{}",378676
"2024-12-03T18:23:12+00:00","data_received","default","","amazon:us:columbus","{}",789141
"2024-12-03T18:23:15+00:00","data_received","default","","amazon:us:columbus","{}",1186969
"2024-12-03T18:23:18+00:00","data_received","default","","amazon:us:columbus","{}",1610068
"2024-12-03T18:23:21+00:00","data_received","default","","amazon:us:columbus","{}",2010851
"2024-12-03T18:23:24+00:00","data_received","default","","amazon:us:columbus","{}",2430791
"2024-12-03T18:23:27+00:00","data_received","default","","amazon:us:columbus","{}",2847379
"2024-12-03T18:23:30+00:00","data_received","default","","amazon:us:columbus","{}",3257842
"2024-12-03T18:23:33+00:00","data_received","default","","amazon:us:columbus","{}",3693773
"2024-12-03T18:23:36+00:00","data_received","default","","amazon:us:columbus","{}",4138790
"2024-12-03T18:23:39+00:00","data_received","default","","amazon:us:columbus","{}",4536208
"2024-12-03T18:23:42+00:00","data_received","default","","amazon:us:columbus","{}",4637700
"2024-12-03T18:23:45+00:00","data_received","default","","amazon:us:columbus","{}",5013217
"2024-12-03T18:23:48+00:00","data_received","default","","amazon:us:columbus","{}",5095542
"2024-12-03T18:23:51+00:00","data_received","default","","amazon:us:columbus","{}",5473817
"2024-12-03T18:23:54+00:00","data_received","default","","amazon:us:columbus","{}",5568999
"2024-12-03T18:23:57+00:00","data_received","default","","amazon:us:columbus","{}",5900079
"2024-12-03T18:24:00+00:00","data_received","default","","amazon:us:columbus","{}",5948073
"2024-12-03T18:24:03+00:00","data_received","default","","amazon:us:columbus","{}",6361281
"2024-12-03T18:24:06+00:00","data_received","default","","amazon:us:columbus","{}",6487245
"2024-12-03T18:24:09+00:00","data_received","default","","amazon:us:columbus","{}",6825460
"2024-12-03T18:24:12+00:00","data_received","default","","amazon:us:columbus","{}",6929496
"2024-12-03T18:24:15+00:00","data_received","default","","amazon:us:columbus","{}",7330278
"2024-12-03T18:24:18+00:00","data_received","default","","amazon:us:columbus","{}",7415573
"2024-12-03T18:24:21+00:00","data_received","default","","amazon:us:columbus","{}",7775904
"2024-12-03T18:24:24+00:00","data_received","default","","amazon:us:columbus","{}",7873214
"2024-12-03T18:24:27+00:00","data_received","default","","amazon:us:columbus","{}",8198791
"2024-12-03T18:24:30+00:00","data_received","default","","amazon:us:columbus","{}",8327711
"2024-12-03T18:24:33+00:00","data_received","default","","amazon:us:columbus","{}",8640852
"2024-12-03T18:24:36+00:00","data_received","default","","amazon:us:columbus","{}",8779649
"2024-12-03T18:24:39+00:00","data_received","default","","amazon:us:columbus","{}",9161471
"2024-12-03T18:24:42+00:00","data_received","default","","amazon:us:columbus","{}",9442015
"2024-12-03T18:24:45+00:00","data_received","default","","amazon:us:columbus","{}",9764440
"2024-12-03T18:24:48+00:00","data_received","default","","amazon:us:columbus","{}",10162467
"2024-12-03T18:24:51+00:00","data_received","default","","amazon:us:columbus","{}",10433522
"2024-12-03T18:24:54+00:00","data_received","default","","amazon:us:columbus","{}",10850713
"2024-12-03T18:24:57+00:00","data_received","default","","amazon:us:columbus","{}",11118421
"2024-12-03T18:25:00+00:00","data_received","default","","amazon:us:columbus","{}",11557926
"2024-12-03T18:25:03+00:00","data_received","default","","amazon:us:columbus","{}",11901847
"2024-12-03T18:25:06+00:00","data_received","default","","amazon:us:columbus","{}",12236290
"2024-12-03T18:25:09+00:00","data_received","default","","amazon:us:columbus","{}",12441018
"2024-12-03T18:25:12+00:00","data_received","default","","amazon:us:columbus","{}",12956338
"2024-12-03T18:25:15+00:00","data_received","default","","amazon:us:columbus","{}",13227811
"2024-12-03T18:25:18+00:00","data_received","default","","amazon:us:columbus","{}",13599951
"2024-12-03T18:25:21+00:00","data_received","default","","amazon:us:columbus","{}",13925530
"2024-12-03T18:25:24+00:00","data_received","default","","amazon:us:columbus","{}",14313283
"2024-12-03T18:25:27+00:00","data_received","default","","amazon:us:columbus","{}",14721389
"2024-12-03T18:25:30+00:00","data_received","default","","amazon:us:columbus","{}",14998784
"2024-12-03T18:25:33+00:00","data_received","default","","amazon:us:columbus","{}",15326692
"2024-12-03T18:25:36+00:00","data_received","default","","amazon:us:columbus","{}",15642607
"2024-12-03T18:25:39+00:00","data_received","default","","amazon:us:columbus","{}",16040431
"2024-12-03T18:25:42+00:00","data_received","default","","amazon:us:columbus","{}",16388123
"2024-12-03T18:25:45+00:00","data_received","default","","amazon:us:columbus","{}",16614555
"2024-12-03T18:25:48+00:00","data_received","default","","amazon:us:columbus","{}",17079329
"2024-12-03T18:25:51+00:00","data_received","default","","amazon:us:columbus","{}",17416934
"2024-12-03T18:25:54+00:00","data_received","default","","amazon:us:columbus","{}",17770733
"2024-12-03T18:25:57+00:00","data_received","default","","amazon:us:columbus","{}",18042405
"2024-12-03T18:26:00+00:00","data_received","default","","amazon:us:columbus","{}",18445742
"2024-12-03T18:26:03+00:00","data_received","default","","amazon:us:columbus","{}",18881685
"2024-12-03T18:26:06+00:00","data_received","default","","amazon:us:columbus","{}",19162615
"2024-12-03T18:26:09+00:00","data_received","default","","amazon:us:columbus","{}",19462538
"2024-12-03T18:26:12+00:00","data_received","default","","amazon:us:columbus","{}",19854023
"2024-12-03T18:26:15+00:00","data_received","default","","amazon:us:columbus","{}",20116233
"2024-12-03T18:26:18+00:00","data_received","default","","amazon:us:columbus","{}",20564417
"2024-12-03T18:26:21+00:00","data_received","default","","amazon:us:columbus","{}",20776067
"2024-12-03T18:26:24+00:00","data_received","default","","amazon:us:columbus","{}",21170921
"2024-12-03T18:26:27+00:00","data_received","default","","amazon:us:columbus","{}",21716429
"2024-12-03T18:26:30+00:00","data_received","default","","amazon:us:columbus","{}",21928470
"2024-12-03T18:26:33+00:00","data_received","default","","amazon:us:columbus","{}",22180784
"2024-12-03T18:26:36+00:00","data_received","default","","amazon:us:columbus","{}",22650883
"2024-12-03T18:26:39+00:00","data_received","default","","amazon:us:columbus","{}",22831124
"2024-12-03T18:26:42+00:00","data_received","default","","amazon:us:columbus","{}",21808021
"2024-12-03T18:26:45+00:00","data_received","default","","amazon:us:columbus","{}",20590074
"2024-12-03T18:26:48+00:00","data_received","default","","amazon:us:columbus","{}",19441033
"2024-12-03T18:26:51+00:00","data_received","default","","amazon:us:columbus","{}",18360642
"2024-12-03T18:26:54+00:00","data_received","default","","amazon:us:columbus","{}",17135573
"2024-12-03T18:26:57+00:00","data_received","default","","amazon:us:columbus","{}",15987321
"2024-12-03T18:27:00+00:00","data_received","default","","amazon:us:columbus","{}",14897895
"2024-12-03T18:27:03+00:00","data_received","default","","amazon:us:columbus","{}",13722728
"2024-12-03T18:27:06+00:00","data_received","default","","amazon:us:columbus","{}",12545871
"2024-12-03T18:27:09+00:00","data_received","default","","amazon:us:columbus","{}",11441050
"2024-12-03T18:27:12+00:00","data_received","default","","amazon:us:columbus","{}",10206678
"2024-12-03T18:27:15+00:00","data_received","default","","amazon:us:columbus","{}",9050910
"2024-12-03T18:27:18+00:00","data_received","default","","amazon:us:columbus","{}",7958514
"2024-12-03T18:27:21+00:00","data_received","default","","amazon:us:columbus","{}",6816175
"2024-12-03T18:27:24+00:00","data_received","default","","amazon:us:columbus","{}",5606698
"2024-12-03T18:27:27+00:00","data_received","default","","amazon:us:columbus","{}",4479544
"2024-12-03T18:27:30+00:00","data_received","default","","amazon:us:columbus","{}",3292786
"2024-12-03T18:27:33+00:00","data_received","default","","amazon:us:columbus","{}",2162483
"2024-12-03T18:27:36+00:00","data_received","default","","amazon:us:columbus","{}",982037
"2024-12-03T18:27:39+00:00","data_received","default","","amazon:us:columbus","{}",78770
