"time","metric","scenario","group","load_zone","tags","count","min","mean","max","last"
"2024-12-03T18:23:09+00:00","load_generator_file_handles","","","amazon:us:columbus","{'instance_id': '0'}",2,128.0,128.0,128.0,128.0
"2024-12-03T18:23:12+00:00","load_generator_file_handles","","","amazon:us:columbus","{'instance_id': '0'}",3,128.0,128.0,128.0,128.0
"2024-12-03T18:23:15+00:00","load_generator_file_handles","","","amazon:us:columbus","{'instance_id': '0'}",3,128.0,128.0,128.0,128.0
"2024-12-03T18:23:18+00:00","load_generator_file_handles","","","amazon:us:columbus","{'instance_id': '0'}",3,128.0,128.0,128.0,128.0
"2024-12-03T18:23:21+00:00","load_generator_file_handles","","","amazon:us:columbus","{'instance_id': '0'}",3,128.0,128.0,128.0,128.0
"2024-12-03T18:23:24+00:00","load_generator_file_handles","","","amazon:us:columbus","{'instance_id': '0'}",3,160.0,149.333333333333,128.0,160.0
"2024-12-03T18:23:27+00:00","load_generator_file_handles","","","amazon:us:columbus","{'instance_id': '0'}",4,160.0,160.0,160.0,160.0
"2024-12-03T18:23:30+00:00","load_generator_file_handles","","","amazon:us:columbus","{'instance_id': '0'}",3,160.0,160.0,160.0,160.0
"2024-12-03T18:23:33+00:00","load_generator_file_handles","","","amazon:us:columbus","{'instance_id': '0'}",3,160.0,160.0,160.0,160.0
"2024-12-03T18:23:36+00:00","load_generator_file_handles","","","amazon:us:columbus","{'instance_id': '0'}",3,160.0,160.0,160.0,160.0
"2024-12-03T18:23:39+00:00","load_generator_file_handles","","","amazon:us:columbus","{'instance_id': '0'}",3,160.0,160.0,160.0,160.0
"2024-12-03T18:23:42+00:00","load_generator_file_handles","","","amazon:us:columbus","{'instance_id': '0'}",3,160.0,160.0,160.0,160.0
"2024-12-03T18:23:45+00:00","load_generator_file_handles","","","amazon:us:columbus","{'instance_id': '0'}",3,160.0,160.0,160.0,160.0
"2024-12-03T18:23:48+00:00","load_generator_file_handles","","","amazon:us:columbus","{'instance_id': '0'}",3,160.0,160.0,160.0,160.0
"2024-12-03T18:23:51+00:00","load_generator_file_handles","","","amazon:us:columbus","{'instance_id': '0'}",3,160.0,160.0,160.0,160.0
"2024-12-03T18:23:54+00:00","load_generator_file_handles","","","amazon:us:columbus","{'instance_id': '0'}",3,160.0,160.0,160.0,160.0
"2024-12-03T18:23:57+00:00","load_generator_file_handles","","","amazon:us:columbus","{'instance_id': '0'}",3,160.0,160.0,160.0,160.0
"2024-12-03T18:24:00+00:00","load_generator_file_handles","","","amazon:us:columbus","{'instance_id': '0'}",3,160.0,160.0,160.0,160.0
"2024-12-03T18:24:03+00:00","load_generator_file_handles","","","amazon:us:columbus","{'instance_id': '0'}",3,160.0,160.0,160.0,160.0
"2024-12-03T18:24:06+00:00","load_generator_file_handles","","","amazon:us:columbus","{'instance_id': '0'}",3,160.0,160.0,160.0,160.0
"2024-12-03T18:24:09+00:00","load_generator_file_handles","","","amazon:us:columbus","{'instance_id': '0'}",3,160.0,160.0,160.0,160.0
"2024-12-03T18:24:12+00:00","load_generator_file_handles","","","amazon:us:columbus","{'instance_id': '0'}",3,160.0,160.0,160.0,160.0
"2024-12-03T18:24:15+00:00","load_generator_file_handles","","","amazon:us:columbus","{'instance_id': '0'}",3,160.0,160.0,160.0,160.0
"2024-12-03T18:24:18+00:00","load_generator_file_handles","","","amazon:us:columbus","{'instance_id': '0'}",3,160.0,160.0,160.0,160.0
"2024-12-03T18:24:21+00:00","load_generator_file_handles","","","amazon:us:columbus","{'instance_id': '0'}",3,160.0,160.0,160.0,160.0
"2024-12-03T18:24:24+00:00","load_generator_file_handles","","","amazon:us:columbus","{'instance_id': '0'}",3,160.0,160.0,160.0,160.0
"2024-12-03T18:24:27+00:00","load_generator_file_handles","","","amazon:us:columbus","{'instance_id': '0'}",3,160.0,160.0,160.0,160.0
"2024-12-03T18:24:30+00:00","load_generator_file_handles","","","amazon:us:columbus","{'instance_id': '0'}",3,160.0,160.0,160.0,160.0
"2024-12-03T18:24:33+00:00","load_generator_file_handles","","","amazon:us:columbus","{'instance_id': '0'}",3,160.0,160.0,160.0,160.0
"2024-12-03T18:24:36+00:00","load_generator_file_handles","","","amazon:us:columbus","{'instance_id': '0'}",3,160.0,160.0,160.0,160.0
"2024-12-03T18:24:39+00:00","load_generator_file_handles","","","amazon:us:columbus","{'instance_id': '0'}",3,160.0,160.0,160.0,160.0
"2024-12-03T18:24:42+00:00","load_generator_file_handles","","","amazon:us:columbus","{'instance_id': '0'}",3,160.0,160.0,160.0,160.0
"2024-12-03T18:24:45+00:00","load_generator_file_handles","","","amazon:us:columbus","{'instance_id': '0'}",3,160.0,160.0,160.0,160.0
"2024-12-03T18:24:48+00:00","load_generator_file_handles","","","amazon:us:columbus","{'instance_id': '0'}",3,160.0,160.0,160.0,160.0
"2024-12-03T18:24:51+00:00","load_generator_file_handles","","","amazon:us:columbus","{'instance_id': '0'}",3,192.0,181.333333333333,160.0,192.0
"2024-12-03T18:24:54+00:00","load_generator_file_handles","","","amazon:us:columbus","{'instance_id': '0'}",3,192.0,192.0,192.0,192.0
"2024-12-03T18:24:57+00:00","load_generator_file_handles","","","amazon:us:columbus","{'instance_id': '0'}",3,192.0,192.0,192.0,192.0
"2024-12-03T18:25:00+00:00","load_generator_file_handles","","","amazon:us:columbus","{'instance_id': '0'}",3,192.0,192.0,192.0,192.0
"2024-12-03T18:25:03+00:00","load_generator_file_handles","","","amazon:us:columbus","{'instance_id': '0'}",3,192.0,192.0,192.0,192.0
"2024-12-03T18:25:06+00:00","load_generator_file_handles","","","amazon:us:columbus","{'instance_id': '0'}",3,192.0,192.0,192.0,192.0
"2024-12-03T18:25:09+00:00","load_generator_file_handles","","","amazon:us:columbus","{'instance_id': '0'}",3,192.0,192.0,192.0,192.0
"2024-12-03T18:25:12+00:00","load_generator_file_handles","","","amazon:us:columbus","{'instance_id': '0'}",3,192.0,192.0,192.0,192.0
"2024-12-03T18:25:15+00:00","load_generator_file_handles","","","amazon:us:columbus","{'instance_id': '0'}",3,192.0,192.0,192.0,192.0
"2024-12-03T18:25:18+00:00","load_generator_file_handles","","","amazon:us:columbus","{'instance_id': '0'}",3,192.0,192.0,192.0,192.0
"2024-12-03T18:25:21+00:00","load_generator_file_handles","","","amazon:us:columbus","{'instance_id': '0'}",3,192.0,192.0,192.0,192.0
"2024-12-03T18:25:24+00:00","load_generator_file_handles","","","amazon:us:columbus","{'instance_id': '0'}",3,192.0,192.0,192.0,192.0
"2024-12-03T18:25:27+00:00","load_generator_file_handles","","","amazon:us:columbus","{'instance_id': '0'}",3,192.0,192.0,192.0,192.0
"2024-12-03T18:25:30+00:00","load_generator_file_handles","","","amazon:us:columbus","{'instance_id': '0'}",3,192.0,192.0,192.0,192.0
"2024-12-03T18:25:33+00:00","load_generator_file_handles","","","amazon:us:columbus","{'instance_id': '0'}",3,192.0,192.0,192.0,192.0
"2024-12-03T18:25:36+00:00","load_generator_file_handles","","","amazon:us:columbus","{'instance_id': '0'}",3,192.0,192.0,192.0,192.0
"2024-12-03T18:25:39+00:00","load_generator_file_handles","","","amazon:us:columbus","{'instance_id': '0'}",3,192.0,192.0,192.0,192.0
"2024-12-03T18:25:42+00:00","load_generator_file_handles","","","amazon:us:columbus","{'instance_id': '0'}",3,192.0,192.0,192.0,192.0
"2024-12-03T18:25:45+00:00","load_generator_file_handles","","","amazon:us:columbus","{'instance_id': '0'}",3,192.0,192.0,192.0,192.0
"2024-12-03T18:25:48+00:00","load_generator_file_handles","","","amazon:us:columbus","{'instance_id': '0'}",3,192.0,192.0,192.0,192.0
"2024-12-03T18:25:51+00:00","load_generator_file_handles","","","amazon:us:columbus","{'instance_id': '0'}",3,192.0,192.0,192.0,192.0
"2024-12-03T18:25:54+00:00","load_generator_file_handles","","","amazon:us:columbus","{'instance_id': '0'}",3,192.0,192.0,192.0,192.0
"2024-12-03T18:25:57+00:00","load_generator_file_handles","","","amazon:us:columbus","{'instance_id': '0'}",3,192.0,192.0,192.0,192.0
"2024-12-03T18:26:00+00:00","load_generator_file_handles","","","amazon:us:columbus","{'instance_id': '0'}",3,192.0,192.0,192.0,192.0
"2024-12-03T18:26:03+00:00","load_generator_file_handles","","","amazon:us:columbus","{'instance_id': '0'}",3,192.0,192.0,192.0,192.0
"2024-12-03T18:26:06+00:00","load_generator_file_handles","","","amazon:us:columbus","{'instance_id': '0'}",3,192.0,192.0,192.0,192.0
"2024-12-03T18:26:09+00:00","load_generator_file_handles","","","amazon:us:columbus","{'instance_id': '0'}",3,192.0,192.0,192.0,192.0
"2024-12-03T18:26:12+00:00","load_generator_file_handles","","","amazon:us:columbus","{'instance_id': '0'}",3,192.0,192.0,192.0,192.0
"2024-12-03T18:26:15+00:00","load_generator_file_handles","","","amazon:us:columbus","{'instance_id': '0'}",3,192.0,192.0,192.0,192.0
"2024-12-03T18:26:18+00:00","load_generator_file_handles","","","amazon:us:columbus","{'instance_id': '0'}",3,192.0,192.0,192.0,192.0
"2024-12-03T18:26:21+00:00","load_generator_file_handles","","","amazon:us:columbus","{'instance_id': '0'}",3,192.0,192.0,192.0,192.0
"2024-12-03T18:26:24+00:00","load_generator_file_handles","","","amazon:us:columbus","{'instance_id': '0'}",3,192.0,192.0,192.0,192.0
"2024-12-03T18:26:27+00:00","load_generator_file_handles","","","amazon:us:columbus","{'instance_id': '0'}",3,192.0,192.0,192.0,192.0
"2024-12-03T18:26:30+00:00","load_generator_file_handles","","","amazon:us:columbus","{'instance_id': '0'}",3,192.0,192.0,192.0,192.0
"2024-12-03T18:26:33+00:00","load_generator_file_handles","","","amazon:us:columbus","{'instance_id': '0'}",3,192.0,192.0,192.0,192.0
"2024-12-03T18:26:36+00:00","load_generator_file_handles","","","amazon:us:columbus","{'instance_id': '0'}",3,192.0,192.0,192.0,192.0
"2024-12-03T18:26:39+00:00","load_generator_file_handles","","","amazon:us:columbus","{'instance_id': '0'}",3,192.0,192.0,192.0,192.0
"2024-12-03T18:26:42+00:00","load_generator_file_handles","","","amazon:us:columbus","{'instance_id': '0'}",3,192.0,192.0,192.0,192.0
"2024-12-03T18:26:45+00:00","load_generator_file_handles","","","amazon:us:columbus","{'instance_id': '0'}",3,192.0,192.0,192.0,192.0
"2024-12-03T18:26:48+00:00","load_generator_file_handles","","","amazon:us:columbus","{'instance_id': '0'}",3,192.0,192.0,192.0,192.0
"2024-12-03T18:26:51+00:00","load_generator_file_handles","","","amazon:us:columbus","{'instance_id': '0'}",3,192.0,192.0,192.0,192.0
"2024-12-03T18:26:54+00:00","load_generator_file_handles","","","amazon:us:columbus","{'instance_id': '0'}",3,192.0,192.0,192.0,192.0
"2024-12-03T18:26:57+00:00","load_generator_file_handles","","","amazon:us:columbus","{'instance_id': '0'}",3,192.0,192.0,192.0,192.0
"2024-12-03T18:27:00+00:00","load_generator_file_handles","","","amazon:us:columbus","{'instance_id': '0'}",3,192.0,192.0,192.0,192.0
"2024-12-03T18:27:03+00:00","load_generator_file_handles","","","amazon:us:columbus","{'instance_id': '0'}",3,224.0,213.333333333333,192.0,224.0
"2024-12-03T18:27:06+00:00","load_generator_file_handles","","","amazon:us:columbus","{'instance_id': '0'}",3,224.0,224.0,224.0,224.0
"2024-12-03T18:27:09+00:00","load_generator_file_handles","","","amazon:us:columbus","{'instance_id': '0'}",3,224.0,224.0,224.0,224.0
"2024-12-03T18:27:12+00:00","load_generator_file_handles","","","amazon:us:columbus","{'instance_id': '0'}",3,224.0,224.0,224.0,224.0
"2024-12-03T18:27:15+00:00","load_generator_file_handles","","","amazon:us:columbus","{'instance_id': '0'}",3,224.0,224.0,224.0,224.0
"2024-12-03T18:27:18+00:00","load_generator_file_handles","","","amazon:us:columbus","{'instance_id': '0'}",3,224.0,224.0,224.0,224.0
"2024-12-03T18:27:21+00:00","load_generator_file_handles","","","amazon:us:columbus","{'instance_id': '0'}",3,224.0,224.0,224.0,224.0
"2024-12-03T18:27:24+00:00","load_generator_file_handles","","","amazon:us:columbus","{'instance_id': '0'}",3,224.0,224.0,224.0,224.0
"2024-12-03T18:27:27+00:00","load_generator_file_handles","","","amazon:us:columbus","{'instance_id': '0'}",3,224.0,224.0,224.0,224.0
"2024-12-03T18:27:30+00:00","load_generator_file_handles","","","amazon:us:columbus","{'instance_id': '0'}",3,224.0,224.0,224.0,224.0
"2024-12-03T18:27:33+00:00","load_generator_file_handles","","","amazon:us:columbus","{'instance_id': '0'}",3,224.0,224.0,224.0,224.0
"2024-12-03T18:27:36+00:00","load_generator_file_handles","","","amazon:us:columbus","{'instance_id': '0'}",3,224.0,224.0,224.0,224.0
"2024-12-03T18:27:39+00:00","load_generator_file_handles","","","amazon:us:columbus","{'instance_id': '0'}",3,224.0,224.0,224.0,224.0
"2024-12-03T18:27:42+00:00","load_generator_file_handles","","","amazon:us:columbus","{'instance_id': '0'}",3,224.0,224.0,224.0,224.0
