"time","metric","scenario","group","load_zone","tags","count"
"2024-12-03T18:23:09+00:00","data_sent","default","","amazon:us:columbus","{}",36778
"2024-12-03T18:23:12+00:00","data_sent","default","","amazon:us:columbus","{}",76529
"2024-12-03T18:23:15+00:00","data_sent","default","","amazon:us:columbus","{}",115060
"2024-12-03T18:23:18+00:00","data_sent","default","","amazon:us:columbus","{}",156031
"2024-12-03T18:23:21+00:00","data_sent","default","","amazon:us:columbus","{}",194968
"2024-12-03T18:23:24+00:00","data_sent","default","","amazon:us:columbus","{}",235658
"2024-12-03T18:23:27+00:00","data_sent","default","","amazon:us:columbus","{}",276072
"2024-12-03T18:23:30+00:00","data_sent","default","","amazon:us:columbus","{}",315847
"2024-12-03T18:23:33+00:00","data_sent","default","","amazon:us:columbus","{}",357961
"2024-12-03T18:23:36+00:00","data_sent","default","","amazon:us:columbus","{}",401144
"2024-12-03T18:23:39+00:00","data_sent","default","","amazon:us:columbus","{}",439877
"2024-12-03T18:23:42+00:00","data_sent","default","","amazon:us:columbus","{}",449459
"2024-12-03T18:23:45+00:00","data_sent","default","","amazon:us:columbus","{}",485932
"2024-12-03T18:23:48+00:00","data_sent","default","","amazon:us:columbus","{}",493809
"2024-12-03T18:23:51+00:00","data_sent","default","","amazon:us:columbus","{}",530765
"2024-12-03T18:23:54+00:00","data_sent","default","","amazon:us:columbus","{}",539713
"2024-12-03T18:23:57+00:00","data_sent","default","","amazon:us:columbus","{}",572041
"2024-12-03T18:24:00+00:00","data_sent","default","","amazon:us:columbus","{}",576337
"2024-12-03T18:24:03+00:00","data_sent","default","","amazon:us:columbus","{}",616595
"2024-12-03T18:24:06+00:00","data_sent","default","","amazon:us:columbus","{}",628973
"2024-12-03T18:24:09+00:00","data_sent","default","","amazon:us:columbus","{}",661507
"2024-12-03T18:24:12+00:00","data_sent","default","","amazon:us:columbus","{}",671697
"2024-12-03T18:24:15+00:00","data_sent","default","","amazon:us:columbus","{}",710634
"2024-12-03T18:24:18+00:00","data_sent","default","","amazon:us:columbus","{}",718845
"2024-12-03T18:24:21+00:00","data_sent","default","","amazon:us:columbus","{}",753538
"2024-12-03T18:24:24+00:00","data_sent","default","","amazon:us:columbus","{}",763272
"2024-12-03T18:24:27+00:00","data_sent","default","","amazon:us:columbus","{}",794634
"2024-12-03T18:24:30+00:00","data_sent","default","","amazon:us:columbus","{}",807370
"2024-12-03T18:24:33+00:00","data_sent","default","","amazon:us:columbus","{}",837411
"2024-12-03T18:24:36+00:00","data_sent","default","","amazon:us:columbus","{}",850908
"2024-12-03T18:24:39+00:00","data_sent","default","","amazon:us:columbus","{}",888015
"2024-12-03T18:24:42+00:00","data_sent","default","","amazon:us:columbus","{}",915463
"2024-12-03T18:24:45+00:00","data_sent","default","","amazon:us:columbus","{}",946472
"2024-12-03T18:24:48+00:00","data_sent","default","","amazon:us:columbus","{}",984926
"2024-12-03T18:24:51+00:00","data_sent","default","","amazon:us:columbus","{}",1011459
"2024-12-03T18:24:54+00:00","data_sent","default","","amazon:us:columbus","{}",1051618
"2024-12-03T18:24:57+00:00","data_sent","default","","amazon:us:columbus","{}",1077899
"2024-12-03T18:25:00+00:00","data_sent","default","","amazon:us:columbus","{}",1120116
"2024-12-03T18:25:03+00:00","data_sent","default","","amazon:us:columbus","{}",1153563
"2024-12-03T18:25:06+00:00","data_sent","default","","amazon:us:columbus","{}",1186119
"2024-12-03T18:25:09+00:00","data_sent","default","","amazon:us:columbus","{}",1206199
"2024-12-03T18:25:12+00:00","data_sent","default","","amazon:us:columbus","{}",1255784
"2024-12-03T18:25:15+00:00","data_sent","default","","amazon:us:columbus","{}",1282043
"2024-12-03T18:25:18+00:00","data_sent","default","","amazon:us:columbus","{}",1318384
"2024-12-03T18:25:21+00:00","data_sent","default","","amazon:us:columbus","{}",1349698
"2024-12-03T18:25:24+00:00","data_sent","default","","amazon:us:columbus","{}",1387569
"2024-12-03T18:25:27+00:00","data_sent","default","","amazon:us:columbus","{}",1426659
"2024-12-03T18:25:30+00:00","data_sent","default","","amazon:us:columbus","{}",1453778
"2024-12-03T18:25:33+00:00","data_sent","default","","amazon:us:columbus","{}",1485801
"2024-12-03T18:25:36+00:00","data_sent","default","","amazon:us:columbus","{}",1516301
"2024-12-03T18:25:39+00:00","data_sent","default","","amazon:us:columbus","{}",1554832
"2024-12-03T18:25:42+00:00","data_sent","default","","amazon:us:columbus","{}",1588305
"2024-12-03T18:25:45+00:00","data_sent","default","","amazon:us:columbus","{}",1610722
"2024-12-03T18:25:48+00:00","data_sent","default","","amazon:us:columbus","{}",1655427
"2024-12-03T18:25:51+00:00","data_sent","default","","amazon:us:columbus","{}",1688192
"2024-12-03T18:25:54+00:00","data_sent","default","","amazon:us:columbus","{}",1722400
"2024-12-03T18:25:57+00:00","data_sent","default","","amazon:us:columbus","{}",1748654
"2024-12-03T18:26:00+00:00","data_sent","default","","amazon:us:columbus","{}",1788151
"2024-12-03T18:26:03+00:00","data_sent","default","","amazon:us:columbus","{}",1830193
"2024-12-03T18:26:06+00:00","data_sent","default","","amazon:us:columbus","{}",1857511
"2024-12-03T18:26:09+00:00","data_sent","default","","amazon:us:columbus","{}",1886539
"2024-12-03T18:26:12+00:00","data_sent","default","","amazon:us:columbus","{}",1924532
"2024-12-03T18:26:15+00:00","data_sent","default","","amazon:us:columbus","{}",1949799
"2024-12-03T18:26:18+00:00","data_sent","default","","amazon:us:columbus","{}",1993287
"2024-12-03T18:26:21+00:00","data_sent","default","","amazon:us:columbus","{}",2013746
"2024-12-03T18:26:24+00:00","data_sent","default","","amazon:us:columbus","{}",2051943
"2024-12-03T18:26:27+00:00","data_sent","default","","amazon:us:columbus","{}",2105093
"2024-12-03T18:26:30+00:00","data_sent","default","","amazon:us:columbus","{}",2125398
"2024-12-03T18:26:33+00:00","data_sent","default","","amazon:us:columbus","{}",2150000
"2024-12-03T18:26:36+00:00","data_sent","default","","amazon:us:columbus","{}",2195700
"2024-12-03T18:26:39+00:00","data_sent","default","","amazon:us:columbus","{}",2213032
"2024-12-03T18:26:42+00:00","data_sent","default","","amazon:us:columbus","{}",2113986
"2024-12-03T18:26:45+00:00","data_sent","default","","amazon:us:columbus","{}",1995597
"2024-12-03T18:26:48+00:00","data_sent","default","","amazon:us:columbus","{}",1884125
"2024-12-03T18:26:51+00:00","data_sent","default","","amazon:us:columbus","{}",1779863
"2024-12-03T18:26:54+00:00","data_sent","default","","amazon:us:columbus","{}",1661172
"2024-12-03T18:26:57+00:00","data_sent","default","","amazon:us:columbus","{}",1549392
"2024-12-03T18:27:00+00:00","data_sent","default","","amazon:us:columbus","{}",1443941
"2024-12-03T18:27:03+00:00","data_sent","default","","amazon:us:columbus","{}",1330481
"2024-12-03T18:27:06+00:00","data_sent","default","","amazon:us:columbus","{}",1216033
"2024-12-03T18:27:09+00:00","data_sent","default","","amazon:us:columbus","{}",1108807
"2024-12-03T18:27:12+00:00","data_sent","default","","amazon:us:columbus","{}",989244
"2024-12-03T18:27:15+00:00","data_sent","default","","amazon:us:columbus","{}",877340
"2024-12-03T18:27:18+00:00","data_sent","default","","amazon:us:columbus","{}",771507
"2024-12-03T18:27:21+00:00","data_sent","default","","amazon:us:columbus","{}",660539
"2024-12-03T18:27:24+00:00","data_sent","default","","amazon:us:columbus","{}",543474
"2024-12-03T18:27:27+00:00","data_sent","default","","amazon:us:columbus","{}",434310
"2024-12-03T18:27:30+00:00","data_sent","default","","amazon:us:columbus","{}",319149
"2024-12-03T18:27:33+00:00","data_sent","default","","amazon:us:columbus","{}",209608
"2024-12-03T18:27:36+00:00","data_sent","default","","amazon:us:columbus","{}",95057
"2024-12-03T18:27:39+00:00","data_sent","default","","amazon:us:columbus","{}",7726
